$MeshFormat
2.2 0 8
$EndMeshFormat
$PhysicalNames
2
2 1 "EXTERIOR"
2 2 "INTERFACE"
$EndPhysicalNames
$Nodes
1303
1 5.3300000000000000e+02 0.0000000000000000e+00 3.8100000000000000e+02
2 5.3300000000000000e+02 2.8750000000000000e+02 3.8100000000000000e+02
3 0.0000000000000000e+00 2.8750000000000000e+02 3.8100000000000000e+02
4 5.3300000000000000e+02 0.0000000000000000e+00 -4.0000000000000000e+02
5 0.0000000000000000e+00 0.0000000000000000e+00 -4.0000000000000000e+02
6 0.0000000000000000e+00 2.8750000000000000e+02 -4.0000000000000000e+02
7 5.3300000000000000e+02 2.8750000000000000e+02 -4.0000000000000000e+02
8 0.0000000000000000e+00 2.6950000000000000e+02 3.8100000000000000e+02
9 4.9700000000000000e+02 2.6950000000000000e+02 3.8100000000000000e+02
10 4.9700000000000000e+02 8.5602144608568602e-14 3.8100000000000000e+02
11 0.0000000000000000e+00 0.0000000000000000e+00 3.8100000000000000e+02
12 5.3300000000000000e+02 2.6321921938656669e+02 3.8100000000000000e+02
13 5.3300000000000000e+02 2.3929024098782679e+02 3.8100000000000000e+02
14 5.3300000000000000e+02 2.1536124035941950e+02 3.8100000000000000e+02
15 5.3300000000000000e+02 1.9143226533513399e+02 3.8100000000000000e+02
16 5.3300000000000000e+02 1.6750336115792490e+02 3.8100000000000000e+02
17 5.3300000000000000e+02 1.4357443228554089e+02 3.8099999999999989e+02
18 5.3300000000000000e+02 1.1964544439181290e+02 3.8099999999999989e+02
19 5.3300000000000000e+02 9.5716445440210265e+01 3.8099999999999989e+02
20 5.3300000000000000e+02 7.1787483546390405e+01 3.8099999999999989e+02
21 5.3300000000000000e+02 4.7858589033905218e+01 3.8099999999999989e+02
22 5.3300000000000000e+02 2.3929642141501350e+01 3.8099999999999989e+02
23 1.9617566881877458e+01 2.8750000000000000e+02 3.8100000000000000e+02
24 3.9225500802187263e+01 2.8750000000000000e+02 3.8100000000000000e+02
25 5.8833305683212913e+01 2.8750000000000000e+02 3.8100000000000000e+02
26 7.8440916696645914e+01 2.8750000000000000e+02 3.8100000000000000e+02
27 9.8048269170979992e+01 2.8750000000000000e+02 3.8100000000000000e+02
28 1.1765545521589570e+02 2.8750000000000000e+02 3.8100000000000000e+02
29 1.3726290499147370e+02 2.8750000000000000e+02 3.8100000000000000e+02
30 1.5687059080946449e+02 2.8750000000000000e+02 3.8100000000000000e+02
31 1.7647844808981051e+02 2.8750000000000000e+02 3.8100000000000000e+02
32 1.9608641170389410e+02 2.8750000000000000e+02 3.8100000000000000e+02
33 2.1569441646773740e+02 2.8750000000000000e+02 3.8100000000000000e+02
34 2.3530239724594119e+02 2.8750000000000000e+02 3.8100000000000000e+02
35 2.5491028870602250e+02 2.8750000000000000e+02 3.8100000000000000e+02
36 2.7451802588241799e+02 2.8750000000000000e+02 3.8100000000000000e+02
37 2.9412554402699311e+02 2.8750000000000000e+02 3.8100000000000000e+02
38 3.1373278009700653e+02 2.8750000000000000e+02 3.8100000000000000e+02
39 3.3334005397475778e+02 2.8750000000000000e+02 3.8100000000000000e+02
40 3.5294760322055328e+02 2.8750000000000000e+02 3.8100000000000000e+02
41 3.7255536337425212e+02 2.8750000000000000e+02 3.8100000000000000e+02
42 3.9216326975303889e+02 2.8750000000000000e+02 3.8100000000000000e+02
43 4.1177125711532028e+02 2.8750000000000000e+02 3.8100000000000000e+02
44 4.3137926029143421e+02 2.8750000000000000e+02 3.8100000000000000e+02
45 4.5098721412469149e+02 2.8750000000000000e+02 3.8100000000000000e+02
46 4.7059505329024961e+02 2.8750000000000000e+02 3.8100000000000000e+02
47 4.9020271295431218e+02 2.8750000000000000e+02 3.8100000000000000e+02
48 5.1030098347102313e+02 2.8750000000000000e+02 3.8100000000000000e+02
49 4.8858333333333331e+02 0.0000000000000000e+00 -4.0000000000000000e+02
50 4.4416666666666652e+02 0.0000000000000000e+00 -4.0000000000000000e+02
51 3.9974999999999989e+02 0.0000000000000000e+00 -4.0000000000000000e+02
52 3.5533333333333331e+02 0.0000000000000000e+00 -4.0000000000000000e+02
53 3.1091666666666652e+02 0.0000000000000000e+00 -4.0000000000000000e+02
54 2.6649999999999960e+02 0.0000000000000000e+00 -4.0000000000000000e+02
55 2.2208333333333269e+02 0.0000000000000000e+00 -4.0000000000000000e+02
56 1.7766666666666589e+02 0.0000000000000000e+00 -4.0000000000000000e+02
57 1.3324999999999920e+02 0.0000000000000000e+00 -4.0000000000000000e+02
58 8.8833333333332831e+01 0.0000000000000000e+00 -4.0000000000000000e+02
59 4.4416666666666423e+01 0.0000000000000000e+00 -4.0000000000000000e+02
60 0.0000000000000000e+00 2.3958333333333329e+02 -4.0000000000000000e+02
61 0.0000000000000000e+00 1.9166666666666660e+02 -4.0000000000000000e+02
62 0.0000000000000000e+00 1.4374999999999969e+02 -4.0000000000000011e+02
63 0.0000000000000000e+00 9.5833333333332831e+01 -4.0000000000000011e+02
64 0.0000000000000000e+00 4.7916666666666430e+01 -4.0000000000000011e+02
65 4.8858333333333331e+02 2.8750000000000000e+02 -4.0000000000000000e+02
66 4.4416666666666652e+02 2.8750000000000000e+02 -4.0000000000000000e+02
67 3.9974999999999989e+02 2.8750000000000000e+02 -4.0000000000000000e+02
68 3.5533333333333331e+02 2.8750000000000000e+02 -4.0000000000000000e+02
69 3.1091666666666652e+02 2.8750000000000000e+02 -4.0000000000000000e+02
70 2.6649999999999960e+02 2.8750000000000000e+02 -4.0000000000000000e+02
71 2.2208333333333269e+02 2.8750000000000000e+02 -4.0000000000000000e+02
72 1.7766666666666589e+02 2.8750000000000000e+02 -4.0000000000000000e+02
73 1.3324999999999929e+02 2.8750000000000000e+02 -4.0000000000000000e+02
74 8.8833333333332803e+01 2.8750000000000000e+02 -4.0000000000000000e+02
75 4.4416666666666401e+01 2.8750000000000000e+02 -4.0000000000000000e+02
76 5.3300000000000000e+02 2.3958333333333329e+02 -4.0000000000000000e+02
77 5.3300000000000000e+02 1.9166666666666660e+02 -4.0000000000000000e+02
78 5.3300000000000000e+02 1.4374999999999969e+02 -4.0000000000000011e+02
79 5.3300000000000000e+02 9.5833333333332831e+01 -4.0000000000000011e+02
80 5.3300000000000000e+02 4.7916666666666430e+01 -4.0000000000000011e+02
81 5.3300000000000000e+02 0.0000000000000000e+00 3.5690544049884272e+02
82 5.3300000000000000e+02 0.0000000000000000e+00 3.2984893375540389e+02
83 5.3300000000000000e+02 0.0000000000000000e+00 2.9759516783426591e+02
84 5.3300000000000000e+02 0.0000000000000000e+00 2.5823285019462458e+02
85 5.3300000000000000e+02 0.0000000000000000e+00 2.1182049077016501e+02
86 5.3300000000000000e+02 0.0000000000000000e+00 1.6475737609553710e+02
87 5.3300000000000000e+02 0.0000000000000000e+00 1.1769426142090921e+02
88 5.3300000000000000e+02 0.0000000000000000e+00 7.0631146746281289e+01
89 5.3300000000000000e+02 0.0000000000000000e+00 2.3568032071653089e+01
90 5.3300000000000000e+02 0.0000000000000000e+00 -2.3495082602975113e+01
91 5.3300000000000000e+02 0.0000000000000000e+00 -7.0558197277603369e+01
92 5.3300000000000000e+02 0.0000000000000000e+00 -1.1762131195223158e+02
93 5.3300000000000000e+02 0.0000000000000000e+00 -1.6468442662685990e+02
94 5.3300000000000000e+02 0.0000000000000000e+00 -2.1174754130148810e+02
95 5.3300000000000000e+02 0.0000000000000000e+00 -2.5881065597611638e+02
96 5.3300000000000000e+02 0.0000000000000000e+00 -3.0587377065074452e+02
97 5.3300000000000000e+02 0.0000000000000000e+00 -3.5293688532537237e+02
98 5.3300000000000000e+02 2.8750000000000000e+02 3.5589620732697290e+02
99 5.3300000000000000e+02 2.8750000000000000e+02 3.2793229699659679e+02
100 5.3300000000000000e+02 2.8750000000000000e+02 2.9484245499891858e+02
101 5.3300000000000000e+02 2.8750000000000000e+02 2.5465805290207922e+02
102 5.3300000000000000e+02 2.8750000000000011e+02 2.0817968620026190e+02
103 5.3300000000000000e+02 2.8750000000000011e+02 1.6139663341562650e+02
104 5.3300000000000000e+02 2.8750000000000011e+02 1.1461358063099119e+02
105 5.3300000000000000e+02 2.8750000000000011e+02 6.7830527846355849e+01
106 5.3300000000000000e+02 2.8750000000000011e+02 2.1047475061720167e+01
107 5.3300000000000000e+02 2.8750000000000011e+02 -2.5735577722915458e+01
108 5.3300000000000000e+02 2.8750000000000011e+02 -7.2518630507551251e+01
109 5.3300000000000000e+02 2.8750000000000011e+02 -1.1930168329218694e+02
110 5.3300000000000000e+02 2.8750000000000011e+02 -1.6608473607682274e+02
111 5.3300000000000000e+02 2.8750000000000011e+02 -2.1286778886145828e+02
112 5.3300000000000000e+02 2.8750000000000023e+02 -2.5965084164609397e+02
113 5.3300000000000000e+02 2.8750000000000023e+02 -3.0643389443072977e+02
114 5.3300000000000000e+02 2.8750000000000023e+02 -3.5321694721536488e+02
115 0.0000000000000000e+00 2.8750000000000000e+02 -3.5205329841921696e+02
116 0.0000000000000000e+00 2.8750000000000000e+02 -3.0410659683843397e+02
117 0.0000000000000000e+00 2.8749999999999989e+02 -2.5615989525765082e+02
118 0.0000000000000000e+00 2.8749999999999989e+02 -2.0821319367686786e+02
119 0.0000000000000000e+00 2.8749999999999989e+02 -1.6026649209608502e+02
120 0.0000000000000000e+00 2.8749999999999989e+02 -1.1231979051530205e+02
121 0.0000000000000000e+00 2.8749999999999989e+02 -6.4373088934519316e+01
122 0.0000000000000000e+00 2.8749999999999989e+02 -1.6426387353736470e+01
123 0.0000000000000000e+00 2.8749999999999989e+02 3.1520314227046764e+01
124 0.0000000000000000e+00 2.8749999999999989e+02 7.9467015807829995e+01
125 0.0000000000000000e+00 2.8749999999999989e+02 1.2741371738861307e+02
126 0.0000000000000000e+00 2.8749999999999989e+02 1.7536041896939639e+02
127 0.0000000000000000e+00 2.8749999999999989e+02 2.2330712055017949e+02
128 0.0000000000000000e+00 2.8749999999999977e+02 2.6887413239765692e+02
129 0.0000000000000000e+00 2.8749999999999977e+02 3.0590485571323069e+02
130 0.0000000000000000e+00 2.8749999999999977e+02 3.3577149018811372e+02
131 0.0000000000000000e+00 2.8749999999999977e+02 3.6014241253144598e+02
132 1.5531250000000000e+01 2.6950000000000000e+02 3.8100000000000000e+02
133 3.1062500000000000e+01 2.6950000000000000e+02 3.8100000000000000e+02
134 4.6593750000000000e+01 2.6950000000000000e+02 3.8100000000000000e+02
135 6.2125000000000000e+01 2.6950000000000000e+02 3.8100000000000000e+02
136 7.7656250000000000e+01 2.6950000000000000e+02 3.8100000000000000e+02
137 9.3187500000000000e+01 2.6950000000000000e+02 3.8100000000000000e+02
138 1.0871875000000000e+02 2.6950000000000000e+02 3.8100000000000000e+02
139 1.2425000000000000e+02 2.6950000000000000e+02 3.8100000000000000e+02
140 1.3978125000000000e+02 2.6950000000000000e+02 3.8100000000000000e+02
141 1.5531250000000000e+02 2.6950000000000000e+02 3.8100000000000000e+02
142 1.7084375000000000e+02 2.6950000000000000e+02 3.8100000000000000e+02
143 1.8637500000000000e+02 2.6950000000000000e+02 3.8100000000000000e+02
144 2.0190625000000000e+02 2.6950000000000000e+02 3.8100000000000000e+02
145 2.1743750000000000e+02 2.6950000000000000e+02 3.8100000000000000e+02
146 2.3296875000000000e+02 2.6950000000000000e+02 3.8100000000000000e+02
147 2.4850000000000000e+02 2.6950000000000000e+02 3.8100000000000000e+02
148 2.6403125000000000e+02 2.6950000000000000e+02 3.8100000000000000e+02
149 2.7956250000000000e+02 2.6950000000000000e+02 3.8100000000000000e+02
150 2.9509375000000000e+02 2.6950000000000000e+02 3.8100000000000000e+02
151 3.1062500000000000e+02 2.6950000000000000e+02 3.8100000000000000e+02
152 3.2615625000000000e+02 2.6950000000000000e+02 3.8100000000000000e+02
153 3.4168750000000000e+02 2.6950000000000000e+02 3.8100000000000000e+02
154 3.5721875000000000e+02 2.6950000000000000e+02 3.8100000000000000e+02
155 3.7275000000000000e+02 2.6950000000000000e+02 3.8100000000000000e+02
156 3.8828125000000000e+02 2.6950000000000000e+02 3.8100000000000000e+02
157 4.0381250000000000e+02 2.6950000000000000e+02 3.8100000000000000e+02
158 4.1934375000000000e+02 2.6950000000000000e+02 3.8100000000000000e+02
159 4.3487500000000000e+02 2.6950000000000000e+02 3.8100000000000000e+02
160 4.5040625000000000e+02 2.6950000000000000e+02 3.8100000000000000e+02
161 4.6593750000000000e+02 2.6950000000000000e+02 3.8100000000000000e+02
162 4.8146875000000000e+02 2.6950000000000000e+02 3.8100000000000000e+02
163 4.9700000000000000e+02 2.5364705882352939e+02 3.8100000000000000e+02
164 4.9700000000000000e+02 2.3779411764705881e+02 3.8100000000000000e+02
165 4.9700000000000000e+02 2.2194117647058820e+02 3.8100000000000000e+02
166 4.9700000000000000e+02 2.0608823529411771e+02 3.8100000000000000e+02
167 4.9700000000000000e+02 1.9023529411764710e+02 3.8100000000000000e+02
168 4.9700000000000000e+02 1.7438235294117649e+02 3.8100000000000000e+02
169 4.9700000000000000e+02 1.5852941176470591e+02 3.8100000000000000e+02
170 4.9700000000000000e+02 1.4267647058823530e+02 3.8100000000000000e+02
171 4.9700000000000000e+02 1.2682352941176470e+02 3.8100000000000000e+02
172 4.9700000000000000e+02 1.1097058823529420e+02 3.8100000000000000e+02
173 4.9700000000000000e+02 9.5117647058823593e+01 3.8100000000000000e+02
174 4.9700000000000000e+02 7.9264705882353013e+01 3.8100000000000000e+02
175 4.9700000000000000e+02 6.3411764705882433e+01 3.8100000000000000e+02
176 4.9700000000000000e+02 4.7558823529411818e+01 3.8100000000000000e+02
177 4.9700000000000000e+02 3.1705882352941249e+01 3.8100000000000000e+02
178 4.9700000000000000e+02 1.5852941176470670e+01 3.8099999999999989e+02
179 5.1322638946209588e+02 0.0000000000000000e+00 3.8100000000000000e+02
180 0.0000000000000000e+00 2.5364705882352939e+02 3.8100000000000000e+02
181 0.0000000000000000e+00 2.3779411764705881e+02 3.8100000000000000e+02
182 0.0000000000000000e+00 2.2194117647058820e+02 3.8100000000000000e+02
183 0.0000000000000000e+00 2.0608823529411771e+02 3.8100000000000000e+02
184 0.0000000000000000e+00 1.9023529411764710e+02 3.8100000000000000e+02
185 0.0000000000000000e+00 1.7438235294117649e+02 3.8100000000000000e+02
186 0.0000000000000000e+00 1.5852941176470591e+02 3.8099999999999989e+02
187 0.0000000000000000e+00 1.4267647058823530e+02 3.8099999999999989e+02
188 0.0000000000000000e+00 1.2682352941176470e+02 3.8099999999999989e+02
189 0.0000000000000000e+00 1.1097058823529410e+02 3.8099999999999989e+02
190 0.0000000000000000e+00 9.5117647058823536e+01 3.8099999999999989e+02
191 0.0000000000000000e+00 7.9264705882352928e+01 3.8099999999999989e+02
192 0.0000000000000000e+00 6.3411764705882348e+01 3.8099999999999989e+02
193 0.0000000000000000e+00 4.7558823529411768e+01 3.8099999999999989e+02
194 0.0000000000000000e+00 3.1705882352941160e+01 3.8099999999999989e+02
195 0.0000000000000000e+00 1.5852941176470612e+01 3.8099999999999989e+02
196 1.5531250000000000e+01 0.0000000000000000e+00 3.8100000000000000e+02
197 3.1062500000000000e+01 0.0000000000000000e+00 3.8100000000000000e+02
198 4.6593750000000000e+01 0.0000000000000000e+00 3.8100000000000000e+02
199 6.2125000000000000e+01 0.0000000000000000e+00 3.8100000000000000e+02
200 7.7656250000000000e+01 0.0000000000000000e+00 3.8100000000000000e+02
201 9.3187500000000000e+01 0.0000000000000000e+00 3.8100000000000000e+02
202 1.0871875000000000e+02 0.0000000000000000e+00 3.8100000000000000e+02
203 1.2425000000000000e+02 0.0000000000000000e+00 3.8100000000000000e+02
204 1.3978125000000000e+02 0.0000000000000000e+00 3.8100000000000000e+02
205 1.5531250000000000e+02 0.0000000000000000e+00 3.8100000000000000e+02
206 1.7084375000000000e+02 0.0000000000000000e+00 3.8100000000000000e+02
207 1.8637500000000000e+02 0.0000000000000000e+00 3.8100000000000000e+02
208 2.0190625000000000e+02 0.0000000000000000e+00 3.8100000000000000e+02
209 2.1743750000000000e+02 0.0000000000000000e+00 3.8100000000000000e+02
210 2.3296875000000000e+02 0.0000000000000000e+00 3.8100000000000000e+02
211 2.4850000000000000e+02 0.0000000000000000e+00 3.8100000000000000e+02
212 2.6403125000000000e+02 0.0000000000000000e+00 3.8100000000000000e+02
213 2.7956250000000000e+02 0.0000000000000000e+00 3.8100000000000000e+02
214 2.9509375000000000e+02 0.0000000000000000e+00 3.8100000000000000e+02
215 3.1062500000000000e+02 0.0000000000000000e+00 3.8100000000000000e+02
216 3.2615625000000000e+02 0.0000000000000000e+00 3.8100000000000000e+02
217 3.4168750000000000e+02 0.0000000000000000e+00 3.8100000000000000e+02
218 3.5721875000000000e+02 0.0000000000000000e+00 3.8100000000000000e+02
219 3.7275000000000000e+02 0.0000000000000000e+00 3.8100000000000000e+02
220 3.8828125000000000e+02 0.0000000000000000e+00 3.8100000000000000e+02
221 4.0381250000000000e+02 0.0000000000000000e+00 3.8100000000000000e+02
222 4.1934375000000000e+02 0.0000000000000000e+00 3.8100000000000000e+02
223 4.3487500000000000e+02 0.0000000000000000e+00 3.8100000000000000e+02
224 4.5040625000000000e+02 0.0000000000000000e+00 3.8100000000000000e+02
225 4.6593750000000000e+02 0.0000000000000000e+00 3.8100000000000000e+02
226 4.8146875000000000e+02 0.0000000000000000e+00 3.8100000000000000e+02
227 5.1536050472728789e+02 2.2986764705882351e+02 3.8100000000000000e+02
228 5.1528344797772559e+02 1.8230882352941180e+02 3.8100000000000000e+02
229 5.1520891207188799e+02 1.3475000000000011e+02 3.8099999999999989e+02
230 5.1513682326414221e+02 8.7191176470588204e+01 3.8099999999999989e+02
231 5.1506725033704367e+02 3.9632352941176663e+01 3.8099999999999989e+02
232 5.1194468604268195e+02 2.6160543786008321e+02 3.8100000000000000e+02
233 5.1396707597126931e+02 5.6931208175147390e+01 3.8099999999999989e+02
234 5.1397940806351210e+02 1.0458972673670981e+02 3.8099999999999989e+02
235 5.1399245172755809e+02 1.5224825969155810e+02 3.8099999999999989e+02
236 5.1334383350431244e+02 1.7006755600046461e+01 3.8099999999999989e+02
237 5.1400617493408186e+02 1.9990676075301380e+02 3.8100000000000000e+02
238 5.1455086512832827e+02 2.4757062029398139e+02 3.8100000000000000e+02
239 5.1127333593227388e+02 2.1463301198719259e+02 3.8100000000000000e+02
240 5.1125517994105672e+02 1.6699444181695540e+02 3.8100000000000000e+02
241 5.1123766402707992e+02 1.1935585775511630e+02 3.8099999999999989e+02
242 5.1122077984708233e+02 7.1717267756072289e+01 3.8099999999999989e+02
243 5.1836380756924689e+02 2.7445790042238588e+02 3.8100000000000000e+02
244 2.2530858280601399e+02 2.7873897306595961e+02 3.8100000000000000e+02
245 1.4737540103588179e+02 2.7871132337186532e+02 3.8100000000000000e+02
246 3.0285937500000000e+02 2.7894374643956758e+02 3.8100000000000000e+02
247 6.9890625000000000e+01 2.7885562656825289e+02 3.8100000000000000e+02
248 4.4264062500000000e+02 2.7876001717710540e+02 3.8100000000000000e+02
249 3.8051562500000000e+02 2.7858502315304798e+02 3.8100000000000000e+02
250 8.2868388879946906e+00 2.7850000000000000e+02 3.8100000000000000e+02
251 3.6498437500000000e+02 2.7841708148117880e+02 3.8100000000000000e+02
252 4.5817187500000000e+02 2.7825873389590458e+02 3.8100000000000000e+02
253 8.5421875000000000e+01 2.7817857908868172e+02 3.8100000000000000e+02
254 5.0514255574160217e+02 8.2149241941293099e+00 3.8099999999999989e+02
255 2.8732812500000000e+02 2.7810833260521957e+02 3.8100000000000000e+02
256 1.4987968023142540e+02 1.3849563282188029e+02 -4.0000000000000011e+02
257 3.7187688083416373e+02 1.4161685704469690e+02 -4.0000000000000011e+02
258 2.6649999999999949e+02 1.1476283212560411e+02 -4.0000000000000011e+02
259 2.8926357980036749e+02 2.0211300004935629e+02 -4.0000000000000000e+02
260 4.4262711371983380e+02 8.4364463217841802e+01 -4.0000000000000011e+02
261 8.3303613750979395e+01 9.2919162448549827e+01 -4.0000000000000011e+02
262 4.5049482914468831e+02 2.0426063341023911e+02 -4.0000000000000000e+02
263 9.0428777131667871e+01 2.0311369727843379e+02 -4.0000000000000000e+02
264 2.0091365210302240e+02 2.0921146460236051e+02 -4.0000000000000000e+02
265 3.2696430595014402e+02 7.8448722762281363e+01 -4.0000000000000011e+02
266 1.8966997738827769e+02 7.3422235710665831e+01 -4.0000000000000011e+02
267 3.7554609028331618e+02 2.1790620450726450e+02 -4.0000000000000000e+02
268 1.4965113970524459e+02 2.1882273904095300e+02 -4.0000000000000000e+02
269 3.9508911034977439e+02 6.0153831326150232e+01 -4.0000000000000011e+02
270 1.4374526170777270e+02 6.4221864290151984e+01 -4.0000000000000011e+02
271 2.1936908435360201e+02 1.5282149841156831e+02 -4.0000000000000011e+02
272 6.1587212567153507e+01 1.4375000000000000e+02 -4.0000000000000011e+02
273 4.7141278743284659e+02 1.4375000000000000e+02 -4.0000000000000011e+02
274 3.1718824588402668e+02 1.4776869594501119e+02 -4.0000000000000011e+02
275 2.4981406891747719e+02 6.2909827682115186e+01 -4.0000000000000011e+02
276 2.4429166666666609e+02 2.3938392867809091e+02 -4.0000000000000000e+02
277 3.3271942025381611e+02 2.4163436212606121e+02 -4.0000000000000000e+02
278 4.7608009613872798e+02 4.7883480615460513e+01 -4.0000000000000011e+02
279 5.8091463525776767e+01 4.7827307371314276e+01 -4.0000000000000011e+02
280 4.8153373548898600e+02 2.3642083654892099e+02 -4.0000000000000000e+02
281 5.6960815233019417e+01 2.3961377974973021e+02 -4.0000000000000000e+02
282 4.1783202677703059e+02 2.4477005246783031e+02 -4.0000000000000000e+02
283 4.2038896729999863e+02 1.5846526879509321e+02 -4.0000000000000011e+02
284 1.0852277295024300e+02 1.3161661251485941e+02 -4.0000000000000011e+02
285 2.4473790549563529e+02 1.9191262529029009e+02 -4.0000000000000000e+02
286 3.4324609229845078e+02 1.8942993129427779e+02 -4.0000000000000000e+02
287 2.9138341947731732e+02 4.0582172870881692e+01 -4.0000000000000011e+02
288 1.1243039978943270e+02 2.4941181242841961e+02 -4.0000000000000000e+02
289 4.3154259737500053e+02 3.8480355031890532e+01 -4.0000000000000011e+02
290 1.1245694501175970e+02 4.7084670592365633e+01 -4.0000000000000011e+02
291 4.0561062894460389e+02 1.0821997445407050e+02 -4.0000000000000011e+02
292 1.2691795161059410e+02 1.7285090115074610e+02 -4.0000000000000000e+02
293 4.8656976767699899e+02 1.0161195918622209e+02 -4.0000000000000011e+02
294 4.4689555612334303e+01 1.0193122593346480e+02 -4.0000000000000011e+02
295 4.9040247980813899e+02 1.8652586192170909e+02 -4.0000000000000000e+02
296 4.6444061212036573e+01 1.8588452950827300e+02 -4.0000000000000000e+02
297 1.6087017882407039e+02 9.9674076313236640e+01 -4.0000000000000011e+02
298 2.6928056836960559e+02 1.6098049957194851e+02 -4.0000000000000011e+02
299 1.9401961807241219e+02 2.5090442668002584e+02 -4.0000000000000000e+02
300 2.8782582466120692e+02 2.5102633295532138e+02 -4.0000000000000000e+02
301 3.4038655440070431e+02 1.1326266610903900e+02 -4.0000000000000011e+02
302 2.0460524360782739e+02 3.2258019594629189e+01 -4.0000000000000011e+02
303 2.2279547144945781e+02 1.0604620115274700e+02 -4.0000000000000011e+02
304 3.5586436907780990e+02 4.0751087517748459e+01 -4.0000000000000011e+02
305 3.7754166666666657e+02 2.5559069350022978e+02 -4.0000000000000000e+02
306 1.7255928909863681e+02 1.6975280797688160e+02 -4.0000000000000000e+02
307 3.0727439305946649e+02 1.0613706878652580e+02 -4.0000000000000011e+02
308 3.8466777692263310e+02 1.8345822817926171e+02 -4.0000000000000000e+02
309 1.2590694227511290e+02 9.6066750757101090e+01 -4.0000000000000011e+02
310 1.8862422658793261e+02 1.2631461183378158e+02 -4.0000000000000011e+02
311 1.5399064155720279e+02 2.5914004216459989e+02 -4.0000000000000000e+02
312 1.5545833333333249e+02 2.7562406962124442e+01 -4.0000000000000011e+02
313 3.6993583888203767e+02 8.8891962853070424e+01 -4.0000000000000011e+02
314 8.8206830050136205e+01 1.6636583802549620e+02 -4.0000000000000000e+02
315 4.4122648256037098e+02 1.2382743713691970e+02 -4.0000000000000011e+02
316 2.4613848552418381e+02 2.6685187204898970e+01 -4.0000000000000011e+02
317 2.8751455793276011e+02 7.9389354029827842e+01 -4.0000000000000011e+02
318 4.1137162801833591e+02 2.0692069201625949e+02 -4.0000000000000000e+02
319 4.5349042242299419e+02 2.5511325262947571e+02 -4.0000000000000000e+02
320 2.2973322991069860e+01 2.6104863145996791e+02 -4.0000000000000000e+02
321 2.3032186396565351e+01 2.6448301438878559e+01 -4.0000000000000011e+02
322 5.1031273233598137e+02 2.6088240159736853e+02 -4.0000000000000000e+02
323 5.1002880692207805e+02 2.6451225910148079e+01 -4.0000000000000011e+02
324 5.0864189388721383e+02 2.1562499999999989e+02 -4.0000000000000000e+02
325 2.4596947682558820e+01 2.1769038633475481e+02 -4.0000000000000000e+02
326 2.4567533172903889e+01 6.9822825632218439e+01 -4.0000000000000011e+02
327 5.0840601307201928e+02 6.9809280805488612e+01 -4.0000000000000011e+02
328 5.3300000000000000e+02 1.3044227510789801e+02 2.4982824651970529e+02
329 5.3300000000000000e+02 2.0813758329432440e+02 2.9405324714388871e+02
330 5.3300000000000000e+02 1.4455637971084059e+02 -2.3647233633590903e+02
331 5.3300000000000000e+02 1.4293790218251669e+02 -5.1135341992882665e+01
332 5.3300000000000000e+02 1.4364167248353459e+02 1.0604441500839667e+02
333 5.3300000000000000e+02 6.5608156351273919e+01 3.1372205079483479e+02
334 5.3300000000000000e+02 1.3326369605527469e+02 3.1224035530213348e+02
335 5.3300000000000000e+02 1.8712336770686710e+02 -1.4269320968450484e+02
336 5.3300000000000000e+02 9.6129952650093145e+01 -1.4170082723052036e+02
337 5.3300000000000000e+02 1.9318230923669441e+02 1.8554768614028990e+02
338 5.3300000000000000e+02 1.9393376540669701e+02 2.6884506402102325e+01
339 5.3300000000000000e+02 9.4836926321088555e+01 2.8450636217348723e+01
340 5.3300000000000000e+02 2.0626851163633580e+02 -3.1193933908435832e+02
341 5.3300000000000000e+02 8.7803325727472412e+01 -3.1341609410097305e+02
342 5.3300000000000000e+02 9.0911978200083212e+01 1.7331627058928069e+02
343 5.3300000000000000e+02 6.5382256555349926e+01 2.4745834772056261e+02
344 5.3300000000000000e+02 2.4266491132557670e+02 3.3222046308926991e+02
345 5.3300000000000000e+02 1.8436148930442360e+02 3.3556565223432932e+02
346 5.3300000000000000e+02 3.5894115587703340e+01 3.4518721192121171e+02
347 5.3300000000000000e+02 2.1198474184342200e+02 -2.3247003999909398e+02
348 5.3300000000000000e+02 2.1260574717231620e+02 -5.1761416925994453e+01
349 5.3300000000000000e+02 7.3823320310388596e+01 -4.9881819575133711e+01
350 5.3300000000000000e+02 7.2533583110358649e+01 -2.3266915311345613e+02
351 5.3300000000000000e+02 7.0721705805983248e+01 9.8317148041226147e+01
352 5.3300000000000000e+02 2.1628227841829849e+02 9.8385375050799581e+01
353 5.3300000000000000e+02 2.2176840033753459e+02 2.3586181268055529e+02
354 5.3300000000000000e+02 1.0705028104031960e+02 3.4505429788613628e+02
355 5.3300000000000000e+02 2.4419612480364839e+02 2.9207146293010578e+02
356 5.3300000000000000e+02 1.4187606110080031e+02 -3.3850440399436553e+02
357 5.3300000000000000e+02 9.9738898306755971e+01 2.8285229098634778e+02
358 5.3300000000000000e+02 1.3884240371823640e+02 -1.7912635916257014e+02
359 5.3300000000000000e+02 1.4181243832713631e+02 -1.0799424945317115e+02
360 5.3300000000000000e+02 7.2454350526071408e+01 3.4689655035224092e+02
361 5.3300000000000000e+02 2.2591708843311110e+02 -1.9032984527233998e+02
362 5.3300000000000000e+02 2.2613708407992769e+02 -9.4832923860897694e+01
363 5.3300000000000000e+02 1.4668892868622379e+02 3.4684927085419059e+02
364 5.3300000000000000e+02 1.3977397200504109e+02 1.9971242734436629e+02
365 5.3300000000000000e+02 2.0965017264033560e+02 3.4554119453233028e+02
366 5.3300000000000000e+02 4.8039694254014762e+01 -9.3301306551096360e+01
367 5.3300000000000000e+02 4.7685427673194248e+01 -1.8925076326286373e+02
368 5.3300000000000000e+02 1.5842319108830660e+02 2.8345215095118073e+02
369 5.3300000000000000e+02 1.4385250258760581e+02 6.4774407202128348e+00
370 5.3300000000000000e+02 3.8402858484454697e+01 2.8010324500309412e+02
371 5.3300000000000000e+02 3.0254630975031770e+01 3.2013451633596259e+02
372 5.3300000000000000e+02 2.3811721896728179e+02 1.4019658354874642e+02
373 5.3300000000000000e+02 2.3469292996621650e+02 -3.4706069470164425e+02
374 5.3300000000000000e+02 5.2846774568126392e+01 -3.4705607123896863e+02
375 5.3300000000000000e+02 2.3732201578839039e+02 -6.0322350259048303e+00
376 5.3300000000000000e+02 5.0210180748595633e+01 -4.5470244047982611e+00
377 5.3300000000000000e+02 2.5492116445198769e+02 3.5279520890175098e+02
378 5.3300000000000000e+02 4.6373722206349022e+01 -2.7891764325022194e+02
379 5.3300000000000000e+02 2.4137256432760560e+02 -2.8304236803841178e+02
380 5.3300000000000000e+02 1.7231259774673620e+02 2.3705076148915941e+02
381 5.3300000000000000e+02 1.3750879591863151e+02 -2.8768563309660288e+02
382 5.3300000000000000e+02 4.8467111558988620e+01 1.4099365069133484e+02
383 5.3300000000000000e+02 5.0010568774500143e+01 5.4076178585232839e+01
384 5.3300000000000000e+02 2.4038152286964009e+02 5.1727840500494835e+01
385 5.3300000000000000e+02 1.5260697380784009e+02 5.5926481184664979e+01
386 5.3300000000000000e+02 1.8535611718361201e+02 1.2781306651910862e+02
387 5.3300000000000000e+02 1.8364654077771090e+02 -1.9935862502985768e+02
388 5.3300000000000000e+02 4.7764970818784548e+01 2.0198450605376809e+02
389 5.3300000000000000e+02 1.8525787977760680e+02 -8.6812445855279634e+01
390 5.3300000000000000e+02 1.0187987092137691e+02 -8.2542432898326965e+01
391 5.3300000000000000e+02 1.8193968845974990e+02 -2.6806467995706038e+02
392 5.3300000000000000e+02 2.4339912409033479e+02 1.9363920734177151e+02
393 5.3300000000000000e+02 1.8418265514652879e+02 -1.6744628364044779e+01
394 5.3300000000000000e+02 9.2624206611222149e+01 -1.9495303857028378e+02
395 5.3300000000000000e+02 1.0727169255623670e+02 7.3710823496364654e+01
396 5.3300000000000000e+02 9.9527248900965617e+01 2.1746230324121791e+02
397 5.3300000000000000e+02 1.0288498466180791e+02 3.1177053725168071e+02
398 5.3300000000000000e+02 1.0325651799026170e+02 1.2867255947312216e+02
399 5.3300000000000000e+02 9.9927555786348705e+01 -3.5728805523366123e+02
400 5.3300000000000000e+02 1.8523968015484840e+02 -3.5481938955971992e+02
401 5.3300000000000000e+02 1.0352288963685641e+02 -1.7205291979425553e+01
402 5.3300000000000000e+02 2.3186079278942961e+02 3.5972787633314169e+02
403 5.3300000000000000e+02 1.8157182791438569e+02 3.6047831045263263e+02
404 5.3300000000000000e+02 3.8371014915460478e+01 -1.4131172712471439e+02
405 5.3300000000000000e+02 2.6571252027199688e+02 3.1672427735210721e+02
406 5.3300000000000000e+02 2.5105679770341138e+02 -1.4268489282859008e+02
407 5.3300000000000000e+02 9.9367323652268254e+01 -2.6712627237302735e+02
408 5.3300000000000000e+02 1.4264315730570220e+02 1.5184468995920190e+02
409 5.3300000000000000e+02 1.5717993676366939e+02 3.2262209109229752e+02
410 5.3300000000000000e+02 1.2988223886376889e+02 3.6024347820300147e+02
411 5.3300000000000000e+02 5.3506466234267947e+01 3.5900722999157409e+02
412 5.3300000000000000e+02 2.1383272749792499e+02 3.2217104687136492e+02
413 5.3300000000000000e+02 2.9673945592537279e+01 2.3502667048239471e+02
414 5.3300000000000000e+02 2.5395620405104407e+02 9.4550781515477638e+01
415 5.3300000000000000e+02 2.0896847595550920e+01 3.6008182977613308e+02
416 5.3300000000000000e+02 9.1307969700631048e+01 3.5963503705616949e+02
417 5.3300000000000000e+02 1.2909326058958951e+02 2.8591336071944721e+02
418 5.3300000000000000e+02 3.3190767970306212e+01 9.5719684807453461e+01
419 5.3300000000000000e+02 1.8052945490671621e+02 9.0185303538537710e+01
420 5.3300000000000000e+02 2.5517436493697110e+02 -2.3323946921173788e+02
421 5.3300000000000000e+02 2.5358122187044341e+02 -5.5320951288058694e+01
422 5.3300000000000000e+02 3.4414639062599832e+01 -4.8356686082321410e+01
423 5.3300000000000000e+02 3.2666788963247058e+01 -2.3456485059739296e+02
424 5.3300000000000000e+02 1.8226853665488889e+02 3.0826188136735368e+02
425 5.3300000000000000e+02 6.9280177815336828e+01 2.8347899100817961e+02
426 5.3300000000000000e+02 1.5553889672173290e+02 3.6487375828093769e+02
427 5.3300000000000000e+02 1.2853733924403389e+02 3.3525129000163821e+02
428 5.3300000000000000e+02 1.9028543870494221e+02 2.6790224529885933e+02
429 5.3300000000000000e+02 2.5420772842979920e+02 2.5923245483646951e+02
430 5.3300000000000000e+02 2.2371905511404981e+02 2.6982424457797572e+02
431 5.3300000000000000e+02 5.2617782749879780e+01 3.3606494580899619e+02
432 5.3300000000000000e+02 2.0597525980774091e+02 3.6554947626362087e+02
433 5.3300000000000000e+02 1.4810157124028649e+02 -1.4267908392298722e+02
434 5.3300000000000000e+02 1.0913445221263130e+02 3.6546605862373377e+02
435 5.3300000000000000e+02 3.4395063691853103e+01 -3.1623534707367304e+02
436 5.3300000000000000e+02 1.0911188980162611e+02 -2.2491190567418039e+02
437 5.3300000000000000e+02 2.5332603685436422e+02 -3.1664722417790102e+02
438 5.3300000000000000e+02 1.7409118831657171e+01 3.4243158645751078e+02
439 5.3300000000000000e+02 2.0476023264029610e+02 6.2757179929718184e+01
440 5.3300000000000000e+02 1.8124604606974211e+02 -5.1613458284550383e+01
441 5.3300000000000000e+02 1.0554099576278470e+02 -5.0191221611442238e+01
442 5.3300000000000000e+02 9.7339337343995822e+01 2.5173616603692477e+02
443 5.3300000000000000e+02 2.5830660006184797e+02 2.2740267304239771e+02
444 5.3300000000000000e+02 2.7041951650779401e+02 3.6393099901232239e+02
445 5.3300000000000000e+02 3.7065497900894293e+01 3.6572096831556388e+02
446 5.3300000000000000e+02 2.8818544446396061e+01 -3.7152008517627002e+02
447 5.3300000000000000e+02 2.5573308399910633e+02 -3.7339023044182647e+02
448 5.3300000000000000e+02 2.7463742090342868e+02 3.4191425216178499e+02
449 5.3300000000000000e+02 1.6506821587808710e+02 3.4607781658287752e+02
450 5.3300000000000000e+02 8.9476016346849008e+01 3.3450640556769258e+02
451 5.3300000000000000e+02 2.1562499999999989e+02 -3.7551767776372333e+02
452 5.3300000000000000e+02 7.1874999999999602e+01 -3.7552947731435250e+02
453 5.3300000000000000e+02 1.6834713152831509e+02 -3.1177723834857187e+02
454 5.3300000000000000e+02 2.6349522731435047e+02 -9.5910156899869094e+01
455 5.3300000000000000e+02 2.6349546882479018e+02 -1.8947626246914041e+02
456 5.3300000000000000e+02 2.5125473018719680e+02 3.6823647445402042e+02
457 5.3300000000000000e+02 1.8053183769793080e+02 -2.3409142033048036e+02
458 2.6658080369830628e+02 2.8750000000000000e+02 1.1609162788210058e+02
459 2.7820585461760010e+02 2.8750000000000011e+02 -1.4015282178067500e+02
460 3.7022593254315450e+02 2.8749999999999989e+02 2.3259880797218739e+02
461 1.4866215054810581e+02 2.8749999999999989e+02 2.2844364133775721e+02
462 2.6433938156782608e+02 2.8749999999999989e+02 2.6571653322733880e+02
463 1.6638588476165771e+02 2.8750000000000000e+02 -1.8001036213325992e+01
464 3.6885597926884509e+02 2.8750000000000000e+02 -3.0256871583004274e+00
465 1.5671143035938380e+02 2.8750000000000011e+02 -2.4882861668989753e+02
466 3.8067791098879951e+02 2.8750000000000011e+02 -2.5418554897406153e+02
467 4.6120717367414511e+02 2.8749999999999989e+02 3.0833897393515900e+02
468 6.9122564797739130e+01 2.8749999999999989e+02 3.1004452756075148e+02
469 3.4359553959097110e+02 2.8749999999999989e+02 2.9962716952432260e+02
470 2.0620311128625289e+02 2.8749999999999989e+02 3.0196971127435552e+02
471 1.2861164745295579e+02 2.8750000000000000e+02 1.0568966450834111e+02
472 4.0703969183245431e+02 2.8750000000000000e+02 -1.2960015947985116e+02
473 4.0950913529640991e+02 2.8750000000000000e+02 1.0859444738599261e+02
474 2.8432178495470549e+02 2.8749999999999989e+02 3.1982183871873889e+02
475 1.3062278063985789e+02 2.8750000000000000e+02 -1.2175969663191444e+02
476 1.2745918010368470e+02 2.8749999999999989e+02 3.2222742214447578e+02
477 4.0276273556688858e+02 2.8749999999999989e+02 3.2288989689507213e+02
478 2.6545785711551099e+02 2.8750000000000011e+02 -2.8366588198757734e+02
479 2.7264477466172139e+02 2.8750000000000000e+02 1.5507554516371869e+01
480 9.0808813559333885e+01 2.8750000000000011e+02 -3.0795723501710438e+02
481 4.6103425758650161e+02 2.8749999999999989e+02 2.3730982305033760e+02
482 4.4427514132242641e+02 2.8750000000000011e+02 -3.1114995761101250e+02
483 2.4602476662657909e+02 2.8749999999999989e+02 3.4381568986334082e+02
484 3.6408752516375728e+02 2.8749999999999989e+02 3.4243540963938631e+02
485 1.6566019847420449e+02 2.8749999999999989e+02 3.4357870876791958e+02
486 4.4970598491963398e+02 2.8750000000000000e+02 -5.6024218244442977e+01
487 8.2445934034749826e+01 2.8750000000000000e+02 2.1836444070969296e+01
488 2.2358939381672411e+02 2.8749999999999989e+02 1.9264936310589471e+02
489 3.0186777623829329e+02 2.8749999999999989e+02 1.9590899716494721e+02
490 2.0457404597323190e+02 2.8750000000000000e+02 -9.7346629651890836e+01
491 3.2353641703588221e+02 2.8749999999999989e+02 3.4284883802683191e+02
492 4.5191843407854333e+02 2.8750000000000011e+02 -2.1186589433476988e+02
493 7.4222444512524618e+01 2.8749999999999989e+02 2.3904175539697860e+02
494 3.3431610951563920e+02 2.8750000000000000e+02 7.0132270769453712e+01
495 4.5007056082785408e+02 2.8750000000000000e+02 3.4939501583628740e+01
496 3.0271617444453591e+02 2.8750000000000000e+02 -6.2977425278624544e+01
497 1.9380624261442500e+02 2.8750000000000000e+02 6.0372493005559470e+01
498 1.8694323446322269e+02 2.8750000000000011e+02 -3.2055441413516274e+02
499 7.7624181267913116e+01 2.8750000000000011e+02 -2.1395770706292106e+02
500 3.4105257771546218e+02 2.8750000000000011e+02 -3.3072725200579868e+02
501 8.2142081842762707e+01 2.8750000000000000e+02 -5.6563161980658748e+01
502 2.2933876499815389e+02 2.8750000000000011e+02 -2.0989745139963577e+02
503 4.8292212994576289e+02 2.8749999999999989e+02 3.4422498132419418e+02
504 4.3924299488557853e+02 2.8749999999999989e+02 3.4604714853381978e+02
505 3.4890940338654212e+02 2.8750000000000011e+02 -1.7779472696015418e+02
506 7.3814585894238348e+01 2.8749999999999989e+02 1.6097177750598510e+02
507 3.9451903871993977e+01 2.8749999999999989e+02 3.4011743583393832e+02
508 8.6679388754311901e+01 2.8749999999999989e+02 3.4230268004476608e+02
509 2.0589041408581571e+02 2.8749999999999989e+02 3.4458749189049371e+02
510 4.5829257427686281e+02 2.8749999999999989e+02 1.6104059073141241e+02
511 1.6683399529183370e+02 2.8749999999999989e+02 2.9580872884655219e+02
512 4.2250119890057118e+02 2.8749999999999989e+02 2.7057763294380209e+02
513 1.9350088875279619e+02 2.8749999999999989e+02 2.4030993726102540e+02
514 1.6839626493133099e+02 2.8750000000000011e+02 -1.7843212084345416e+02
515 3.2601432219380212e+02 2.8749999999999989e+02 2.3856237840767810e+02
516 1.5547889314276691e+02 2.8749999999999989e+02 1.6708148544501441e+02
517 2.9806384607326783e+02 2.8750000000000011e+02 -2.2571625258740556e+02
518 3.7053201546251910e+02 2.8749999999999989e+02 1.6318661032183081e+02
519 4.7151132981606457e+02 2.8750000000000011e+02 -1.4269320968450484e+02
520 1.0450658623670620e+02 2.8749999999999989e+02 2.7749648948856441e+02
521 3.7863968584747482e+02 2.8750000000000000e+02 -7.2849981306811088e+01
522 6.5093537990041739e+01 2.8750000000000000e+02 8.6725338836961427e+01
523 2.8390512753535700e+02 2.8749999999999989e+02 3.4696672951974188e+02
524 2.4221063165565070e+02 2.8750000000000000e+02 -5.4521770632604657e+01
525 4.7171020332800509e+02 2.8750000000000000e+02 8.6833282710901742e+01
526 4.0176321349865572e+02 2.8749999999999989e+02 3.4783987615493589e+02
527 1.2774231890989859e+02 2.8749999999999989e+02 3.4785457548363547e+02
528 2.0026347125055241e+02 2.8750000000000000e+02 1.1770313728103970e+02
529 4.7745837082267123e+01 2.8750000000000000e+02 -1.3518404755731561e+02
530 2.4812269852063119e+02 2.8750000000000011e+02 -3.4199290045705629e+02
531 4.9193416635197548e+02 2.8749999999999989e+02 2.7475025395049869e+02
532 3.9384079790760723e+02 2.8750000000000011e+02 -3.3401031325805809e+02
533 5.0490994701272103e+02 2.8749999999999989e+02 3.0770503859677609e+02
534 1.3495620111779610e+02 2.8750000000000000e+02 -6.6198729539224175e+01
535 4.6564602207749562e+02 2.8750000000000011e+02 -2.5819514049382195e+02
536 3.3131974888405432e+02 2.8750000000000000e+02 -1.2725435809916374e+02
537 3.9968891261840628e+02 2.8750000000000000e+02 3.9455499358165504e+01
538 3.5920105020067922e+01 2.8749999999999989e+02 2.8865680010097373e+02
539 3.3531847858597138e+02 2.8749999999999989e+02 1.2626603594849189e+02
540 1.3485039454715289e+02 2.8750000000000011e+02 -3.3350226512789772e+02
541 5.9359071524193752e+01 2.8750000000000011e+02 -2.5886046160969755e+02
542 1.4337922456681039e+02 2.8750000000000000e+02 3.3181041454196922e+01
543 2.4384444080890469e+02 2.8749999999999989e+02 2.9739346450888002e+02
544 2.1019680443051979e+02 2.8750000000000011e+02 -2.6448088075063578e+02
545 2.2027776432468059e+02 2.8750000000000011e+02 -1.5284082358163130e+02
546 3.8294613328058540e+02 2.8749999999999989e+02 2.8351400785110877e+02
547 5.0553559658403248e+02 2.8749999999999989e+02 3.5387690814054127e+02
548 3.4299813550092011e+02 2.8749999999999989e+02 3.5767935017565770e+02
549 4.6079113370747052e+02 2.8749999999999989e+02 3.5821690251162067e+02
550 3.2665262215942738e+02 2.8750000000000011e+02 -2.7038966794050435e+02
551 6.4478935382401914e+01 2.8749999999999989e+02 3.5156188718294652e+02
552 5.3177797252675759e+01 2.8750000000000011e+02 -3.4733728559544676e+02
553 3.1754404605995882e+02 2.8750000000000000e+02 1.7943423438082917e+01
554 2.8048651642648622e+02 2.8750000000000000e+02 6.4092445801631641e+01
555 1.8639071175276450e+02 2.8749999999999989e+02 3.5855019485535621e+02
556 2.2549840685683930e+02 2.8749999999999989e+02 3.5883418413626993e+02
557 2.0918965318066591e+02 2.8750000000000000e+02 8.1585076914863492e+00
558 4.8248364417792237e+02 2.8750000000000000e+02 -5.2806131504851690e+00
559 4.7554059377734842e+02 2.8750000000000011e+02 -3.5145108304048165e+02
560 4.9110940724627483e+02 2.8750000000000000e+02 -9.8950337161292538e+01
561 3.0551442998382299e+02 2.8749999999999989e+02 2.8198713076349600e+02
562 3.9551103473656502e+02 2.8750000000000011e+02 -2.0300290631432262e+02
563 4.1756050345494998e+02 2.8749999999999989e+02 1.8429267720822560e+02
564 5.4495230000901813e+01 2.8750000000000000e+02 -1.4506489874938744e+01
565 2.6267046616535032e+02 2.8749999999999989e+02 2.0473632667218550e+02
566 2.3458056578074999e+01 2.8749999999999989e+02 3.5773340663714743e+02
567 1.0779494635051800e+02 2.8749999999999989e+02 2.0130513072234459e+02
568 1.1364966451486480e+02 2.8750000000000000e+02 -1.7447564184793595e+01
569 4.2533581022277423e+02 2.8750000000000000e+02 -5.7021148520816629e+00
570 2.5186732273717936e+02 2.8750000000000000e+02 -9.8614652595356233e+01
571 2.6521007525741811e+02 2.8749999999999989e+02 3.6031083515885780e+02
572 3.0392916206199982e+02 2.8749999999999989e+02 3.6126090752456861e+02
573 3.8277401896203548e+02 2.8749999999999989e+02 3.6018649638949779e+02
574 1.4665212363921140e+02 2.8749999999999989e+02 3.6047861308447040e+02
575 4.2976427389279593e+01 2.8749999999999989e+02 1.9933376975978800e+02
576 4.2102382107949637e+02 2.8749999999999989e+02 3.6114690328708690e+02
577 4.3721662784622310e+01 2.8750000000000000e+02 -8.8346439724910738e+01
578 1.3752136401800431e+02 2.8750000000000011e+02 -2.9233061215113366e+02
579 1.0786772120127600e+02 2.8749999999999989e+02 3.6140674881632452e+02
580 2.9221947904339561e+02 2.8750000000000011e+02 -3.5914232533881807e+02
581 1.0217759063481181e+02 2.8749999999999989e+02 3.1136851755013822e+02
582 4.3239191067693281e+02 2.8749999999999989e+02 3.1356114795029521e+02
583 4.2466520094589703e+02 2.8750000000000011e+02 -2.6616981026487019e+02
584 1.0870788549642791e+02 2.8750000000000011e+02 -2.5465901186695248e+02
585 2.2662385460247179e+01 2.8749999999999989e+02 3.2079120274009728e+02
586 4.9039168477071217e+02 2.8750000000000011e+02 -1.8352107404544947e+02
587 3.1684668563882690e+02 2.8749999999999989e+02 3.1829372190109200e+02
588 2.6309664378957098e+02 2.8749999999999989e+02 1.6568742787017749e+02
589 1.6879955596016470e+02 2.8750000000000000e+02 -1.3338721320288639e+02
590 4.8504974578241593e+02 2.8749999999999989e+02 3.6451736670038082e+02
591 3.4686885345588223e+01 2.8749999999999989e+02 2.4799600170079870e+02
592 4.0607220999388908e+01 2.8750000000000011e+02 -1.8423984288647654e+02
593 4.5087324843684570e+01 2.8750000000000000e+02 5.0347683313778923e+01
594 1.3022245224973869e+02 2.8750000000000011e+02 -2.0601943867096094e+02
595 4.1023071844117351e+02 2.8750000000000000e+02 -8.7122634287303271e+01
596 4.2251914439011921e+02 2.8750000000000011e+02 -3.6154103037788940e+02
597 3.2353641703588221e+02 2.8749999999999989e+02 3.6382684670080363e+02
598 4.4082727121497089e+02 2.8749999999999989e+02 3.6501925770116651e+02
599 4.8876881211555531e+02 2.8749999999999989e+02 1.9577136548660641e+02
600 3.7056978335604259e+02 2.8750000000000011e+02 -2.9799496263922765e+02
601 3.6359672280318517e+02 2.8750000000000000e+02 1.0438092095077810e+02
602 1.9495929627924500e+02 2.8750000000000000e+02 -4.8165144579938591e+01
603 6.9871066398730477e+01 2.8749999999999989e+02 2.7810624968556931e+02
604 2.0576098883064191e+02 2.8750000000000011e+02 -3.6841859895641517e+02
605 4.9619412364853667e+02 2.8750000000000000e+02 4.9432038048465799e+01
606 3.4210868134482268e+02 2.8750000000000011e+02 -2.1942067371147266e+02
607 4.5548093713763421e+01 2.8750000000000011e+02 -3.0236585780035631e+02
608 4.6221331883715322e+01 2.8749999999999989e+02 1.2724943499302621e+02
609 4.8823544863358109e+02 2.8750000000000011e+02 -3.0122667112310643e+02
610 1.0570518663990610e+02 2.8750000000000011e+02 -3.5917323598310378e+02
611 4.9014135584633443e+01 2.8749999999999989e+02 3.6339249710689643e+02
612 2.6742811046073382e+02 2.8749999999999989e+02 3.3626985702534938e+02
613 2.6829982685341918e+02 2.8750000000000011e+02 -1.8708121042947823e+02
614 4.5752723874380519e+02 2.8749999999999989e+02 2.7842746729257289e+02
615 1.1038523992079659e+02 2.8749999999999989e+02 3.3703198880786812e+02
616 1.0199595659153189e+02 2.8750000000000000e+02 6.8802248532431335e+01
617 3.7440694575509872e+02 2.8749999999999989e+02 3.1263244380804821e+02
618 8.7458020887242753e+01 2.8750000000000000e+02 -1.0298238356965128e+02
619 4.9713557171272652e+02 2.8750000000000000e+02 -5.0440762912225267e+01
620 1.6882660494945591e+02 2.8750000000000000e+02 9.5432533708741218e+01
621 1.8759190470513161e+02 2.8749999999999989e+02 3.2653373689860678e+02
622 5.0069073190851134e+02 2.8749999999999989e+02 2.3474053874658870e+02
623 3.2798674105173029e+02 2.8750000000000000e+02 -3.3930979500387373e+01
624 4.1943693514151039e+02 2.8749999999999989e+02 3.3829699456424203e+02
625 2.0589041408581571e+02 2.8749999999999989e+02 3.6411360095792048e+02
626 2.3712178631348200e+02 2.8750000000000000e+02 8.6671189751151459e+01
627 3.5374603900841572e+02 2.8749999999999989e+02 2.6555381173322399e+02
628 2.2308588266475789e+02 2.8749999999999989e+02 3.2573285579264251e+02
629 8.6091938579447969e+01 2.8749999999999989e+02 3.6428677356647182e+02
630 1.7733960248464501e+02 2.8749999999999989e+02 2.0102659070328559e+02
631 2.2304721345841631e+02 2.8749999999999989e+02 2.6998850913145492e+02
632 1.2148272648371019e+02 2.8749999999999989e+02 1.5510992358729879e+02
633 4.3462995706423919e+02 2.8750000000000011e+02 -1.6369304282397889e+02
634 4.9383059100392808e+02 2.8749999999999989e+02 1.3192419682514722e+02
635 3.4895111413705092e+02 2.8749999999999989e+02 1.9984643605134610e+02
636 1.8929027225151199e+02 2.8749999999999989e+02 2.7648389521394171e+02
637 3.0250783544535432e+02 2.8749999999999989e+02 3.3783840713819473e+02
638 9.1823695966874567e+01 2.8750000000000011e+02 -1.6248189928046020e+02
639 1.8564625485121860e+02 2.8750000000000011e+02 -2.1638124444382632e+02
640 2.8111093803844102e+02 2.8750000000000000e+02 -2.9114893525454431e+01
641 4.0065186702298257e+02 2.8750000000000000e+02 -4.4309259985430174e+01
642 1.3464423236155511e+02 2.8749999999999989e+02 2.9836456929679781e+02
643 4.3147840846675717e+02 2.8750000000000000e+02 7.6970057471331955e+01
644 2.5696176408132840e+02 2.8750000000000011e+02 -2.4209913192909093e+02
645 2.9496185911568239e+02 2.8750000000000000e+02 -9.9207998557185320e+01
646 3.3541274468510483e+02 2.8750000000000011e+02 -3.7250088114048032e+02
647 3.4260941368919049e+02 2.8749999999999989e+02 3.2671299666577852e+02
648 3.8599308121505919e+02 2.8749999999999989e+02 3.3677759478309099e+02
649 3.6782612264560152e+02 2.8750000000000011e+02 -1.4417202075551893e+02
650 2.4538918693855999e+02 2.8749999999999989e+02 3.6499214183169369e+02
651 3.6307252924430372e+02 2.8749999999999989e+02 3.6446025124090829e+02
652 1.6740035647577969e+02 2.8749999999999989e+02 3.6456310482225530e+02
653 1.4483724743034301e+02 2.8749999999999989e+02 3.3837805068802612e+02
654 4.1492841513327238e+02 2.8749999999999989e+02 1.4551098975533182e+02
655 2.2768014863247120e+02 2.8750000000000011e+02 -3.0267351933260812e+02
656 3.0743095791347400e+02 2.8750000000000011e+02 -1.7334752303587862e+02
657 2.9368834090397098e+02 2.8750000000000011e+02 -3.1330635886619183e+02
658 4.1768797459711021e+02 2.8749999999999989e+02 2.2804159099795859e+02
659 3.5518094758299128e+01 2.8750000000000011e+02 -2.2428622009872279e+02
660 8.8386671309208111e+01 2.8749999999999989e+02 1.1865014504153537e+02
661 4.4571518359166851e+02 2.8750000000000000e+02 -1.1168187042355160e+02
662 2.3907635281391919e+02 2.8750000000000000e+02 3.7846167833690160e+01
663 2.7774500665243141e+02 2.8749999999999989e+02 2.9207384047692608e+02
664 1.1371623820411619e+02 2.8749999999999989e+02 2.4144671726767510e+02
665 3.6748828547513739e+01 2.8750000000000000e+02 -4.9207615393610737e+01
666 4.5935232837374951e+02 2.8749999999999989e+02 3.3178428146947238e+02
667 1.7367689097666550e+02 2.8750000000000011e+02 -2.8206878134838877e+02
668 4.9479122818535018e+02 2.8750000000000011e+02 -2.2522014787631872e+02
669 5.1050625486949298e+02 2.8749999999999989e+02 3.3162982247001031e+02
670 6.0163434977470978e+01 2.8749999999999989e+02 3.3281413774268327e+02
671 1.3464722638922430e+02 2.8750000000000011e+02 -1.6371110366086850e+02
672 1.5450445972779221e+02 2.8749999999999989e+02 3.2081520277372971e+02
673 3.6184808127466380e+02 2.8750000000000000e+02 4.1224568871199132e+01
674 4.0709897809402992e+02 2.8749999999999989e+02 2.9826988395948302e+02
675 4.5464078825503833e+01 2.8749999999999989e+02 3.1848482079568879e+02
676 3.0132377367349250e+02 2.8750000000000000e+02 1.0361345763491980e+02
677 1.5021562587757819e+02 2.8749999999999989e+02 2.6553532379142757e+02
678 2.8433758695283723e+02 2.8749999999999989e+02 3.6610769444063368e+02
679 1.9189981097295669e+02 2.8749999999999989e+02 1.5869352120233449e+02
680 2.9820028340378082e+02 2.8749999999999989e+02 1.4880542987665430e+02
681 1.5981850085350689e+02 2.8749999999999989e+02 1.3223991853463340e+02
682 4.0571717906287222e+02 2.8750000000000011e+02 -2.9621444548459061e+02
683 4.2199971412330098e+02 2.8750000000000011e+02 -2.3403339020671365e+02
684 3.7754166666666657e+02 2.8750000000000011e+02 -3.7263482835778461e+02
685 3.4099050024902787e+01 2.8749999999999989e+02 1.6132996928738231e+02
686 4.0189911608170939e+02 2.8749999999999989e+02 3.6623465516630398e+02
687 1.5615236097835160e+02 2.8750000000000011e+02 -3.6947753635634905e+02
688 4.4800496776818852e+02 2.8749999999999989e+02 1.2127752285874283e+02
689 2.4046739660911280e+02 2.8749999999999989e+02 2.3585183921620859e+02
690 1.7819025128088981e+02 2.8750000000000000e+02 2.0927751484479174e+01
691 3.3097393356552311e+02 2.8749999999999989e+02 1.6680270187265410e+02
692 1.2743610479155109e+02 2.8749999999999989e+02 3.6634798747688609e+02
693 3.3922597262724571e+02 2.8750000000000000e+02 -7.8226961888577364e+01
694 3.9396958010590242e+02 2.8750000000000011e+02 -1.6462626351628174e+02
695 5.1700731316445524e+02 2.8749999999999989e+02 3.6738909580801470e+02
696 2.8712319340851968e+02 2.8749999999999989e+02 2.3584066390066809e+02
697 4.5054634048731981e+02 2.8749999999999989e+02 1.9864683856918981e+02
698 2.0374360306657019e+02 2.8750000000000011e+02 -1.8472070928463114e+02
699 6.8637111189929442e+01 2.8749999999999989e+02 3.6894225298734659e+02
700 5.0161927039124788e+02 2.8749999999999989e+02 3.6955667412978738e+02
701 2.4087890388558031e+02 2.8750000000000000e+02 -1.3055274724156629e+01
702 5.0670496837585608e+02 2.8750000000000011e+02 -1.4269320968450484e+02
703 1.4210065288610619e+02 2.8750000000000000e+02 7.2942585580880063e+01
704 3.7238032337966729e+02 2.8750000000000000e+02 -1.0653768596953761e+02
705 2.9035803566057842e+02 2.8750000000000011e+02 -2.6101568853053914e+02
706 4.8339307789635359e+02 2.8749999999999989e+02 3.2007366106641638e+02
707 4.8102687861718971e+02 2.8749999999999989e+02 2.9704526238813168e+02
708 5.0690033355743844e+02 2.8750000000000000e+02 9.1222054238673465e+01
709 2.3309825544459721e+02 2.8749999999999989e+02 1.3837427859209450e+02
710 1.8578697662238849e+01 2.8749999999999989e+02 3.3943615012552277e+02
711 2.7237701764236772e+02 2.8750000000000000e+02 -6.9383247832769385e+01
712 3.1146688662542662e+01 2.8750000000000000e+02 9.5652270781657165e+01
713 2.4564147956408149e+02 2.8750000000000011e+02 -3.7450364681605629e+02
714 1.6661546132981391e+02 2.8750000000000000e+02 -9.5163529329255425e+01
715 2.5707499869468541e+02 2.8749999999999989e+02 3.1918459106431288e+02
716 1.4234046612159989e+02 2.8749999999999989e+02 1.9489732289498369e+02
717 2.9451634292781900e+01 2.8750000000000000e+02 1.3082921334509500e+01
718 2.8414222920789339e+01 2.8750000000000011e+02 -3.7027766293759669e+02
719 3.9417987645815828e+02 2.8749999999999989e+02 2.5703337588055109e+02
720 5.0578594456942074e+02 2.8750000000000011e+02 -3.7006319368581774e+02
721 9.8087834409387256e+00 2.8749999999999989e+02 3.7057120626572288e+02
722 3.8033602714389241e+02 2.8749999999999989e+02 1.3020811105357032e+02
723 3.6307204916365572e+02 2.8750000000000000e+02 -4.6468573967901271e+01
724 3.8450402129154850e+02 2.8749999999999989e+02 1.9966579965140619e+02
725 5.0848560102775639e+02 2.8750000000000011e+02 -3.3155723493072441e+02
726 8.6268790002966142e+01 2.8749999999999989e+02 2.9475531773647549e+02
727 3.8340622832917688e+02 2.8750000000000000e+02 7.3459627467820198e+01
728 1.4709457118502661e+02 2.5679885358257258e+02 3.8100000000000000e+02
729 2.1058033476406149e+02 2.5520530837993772e+02 3.8100000000000000e+02
730 2.7300438636937992e+02 2.5529507422078589e+02 3.8100000000000000e+02
731 3.3240439117113829e+02 2.5430899655945211e+02 3.8100000000000000e+02
732 1.7684709767938921e+02 1.3511064159741180e+01 3.8099999999999989e+02
733 2.4070519476684930e+02 1.3373732899546781e+01 3.8099999999999989e+02
734 3.0354993691051271e+02 1.4103412701367571e+01 3.8099999999999989e+02
735 3.6498437500000000e+02 1.3450457052527041e+01 3.8099999999999989e+02
736 1.3161362487006500e+01 1.3401155982135830e+02 3.8100000000000000e+02
737 4.8335155879639427e+02 1.3448295763674429e+02 3.8100000000000000e+02
738 1.1665817687991181e+02 1.2608093178444561e+01 3.8099999999999989e+02
739 3.9604687500000000e+02 2.5604954294747301e+02 3.8100000000000000e+02
740 1.3695997434702971e+01 1.8171800173340660e+02 3.8100000000000000e+02
741 4.8343456661284108e+02 8.6777055371621259e+01 3.8099999999999989e+02
742 1.0087069196476951e+02 2.5645642259294499e+02 3.8100000000000000e+02
743 1.3210251268259640e+01 8.6305765753702701e+01 3.8099999999999989e+02
744 4.8326746214245043e+02 1.8218888713589871e+02 3.8100000000000000e+02
745 4.1313174250958951e+02 1.4200357918994291e+01 3.8099999999999989e+02
746 7.1022450766745123e+01 1.3249695594169340e+01 3.8099999999999989e+02
747 5.4180445128239057e+01 2.5510923499369332e+02 3.8100000000000000e+02
748 4.4218179331356021e+02 2.5525210208620950e+02 3.8100000000000000e+02
749 4.8348936018783138e+02 5.4973122269227638e+01 3.8099999999999989e+02
750 4.8323648523877051e+02 2.1399173330621599e+02 3.8100000000000000e+02
751 1.3656010741751690e+01 2.1352184998645649e+02 3.8100000000000000e+02
752 1.3243623332568291e+01 5.4501900581996097e+01 3.8099999999999989e+02
753 1.7827468439726900e+02 2.5872907723918013e+02 3.8100000000000000e+02
754 2.4076065405230659e+02 2.5746602277651021e+02 3.8100000000000000e+02
755 3.0293668195604488e+02 2.5520177835465330e+02 3.8100000000000000e+02
756 3.6506286572306669e+02 2.5582967551491879e+02 3.8100000000000000e+02
757 1.4684860265202769e+02 1.3389759194936570e+01 3.8099999999999989e+02
758 2.1065245794215539e+02 1.3481281284502980e+01 3.8099999999999989e+02
759 2.7148465312463111e+02 1.3428475746059290e+01 3.8099999999999989e+02
760 3.3260356531591890e+02 1.4083323738146021e+01 3.8099999999999989e+02
761 4.4250584739949159e+02 1.3265312071895320e+01 3.8099999999999989e+02
762 3.8092259275019792e+01 1.2709448001522221e+01 3.8099999999999989e+02
763 4.8327095021647608e+02 2.3779411764705859e+01 3.8099999999999989e+02
764 4.8360578477691121e+02 2.4515607943209619e+02 3.8100000000000000e+02
765 1.2568987756256551e+01 2.4549442327358531e+02 3.8100000000000000e+02
766 1.4263367938570701e+01 2.4377300747932590e+01 3.8099999999999989e+02
767 4.8326357725454892e+02 2.2979594053603171e+02 3.8100000000000000e+02
768 4.6940108758386970e+02 2.2191622023676800e+02 3.8100000000000000e+02
769 4.6941442938852299e+02 2.0597127959448090e+02 3.8100000000000000e+02
770 4.5557293647226919e+02 2.1390281627660150e+02 3.8100000000000000e+02
771 4.5559802527785519e+02 1.9790814915104309e+02 3.8100000000000000e+02
772 4.4174348486846878e+02 2.0586164180498571e+02 3.8100000000000000e+02
773 4.4179524357841029e+02 1.8986134208477881e+02 3.8100000000000000e+02
774 4.2791753208462887e+02 1.9781750053398059e+02 3.8100000000000000e+02
775 4.2796993825976841e+02 1.8181669431930280e+02 3.8100000000000000e+02
776 4.1408972957180907e+02 1.8977205315327950e+02 3.8100000000000000e+02
777 4.1414057003945618e+02 1.7377218956052789e+02 3.8100000000000000e+02
778 4.0025890784485478e+02 1.8172783042412630e+02 3.8100000000000000e+02
779 4.0031002179932932e+02 1.6572791363411969e+02 3.8100000000000000e+02
780 3.8642817123074173e+02 1.7368359108986010e+02 3.8100000000000000e+02
781 3.8647929109550802e+02 1.5768367313450321e+02 3.8100000000000000e+02
782 3.7259740274102899e+02 1.6563935792959501e+02 3.8100000000000000e+02
783 3.7264852466977101e+02 1.4963943957182619e+02 3.8100000000000000e+02
784 3.5876663018526978e+02 1.5759512555753039e+02 3.8100000000000000e+02
785 3.5881775161278921e+02 1.4159520729688961e+02 3.8100000000000000e+02
786 3.4493585528574368e+02 1.4955089364038139e+02 3.8100000000000000e+02
787 3.4498697705997620e+02 1.3355097531240921e+02 3.8100000000000000e+02
788 3.3110508049413579e+02 1.4150666170226509e+02 3.8100000000000000e+02
789 3.7269964817759069e+02 1.3363952090725459e+02 3.8100000000000000e+02
790 3.3115620227584401e+02 1.2550674337284451e+02 3.8100000000000000e+02
791 3.1727430566209711e+02 1.3346242977200151e+02 3.8100000000000000e+02
792 3.1722318387854489e+02 1.4946234810178251e+02 3.8100000000000000e+02
793 3.0339240904014150e+02 1.4141811617275309e+02 3.8100000000000000e+02
794 3.0344353082431559e+02 1.2541819784285479e+02 3.8099999999999989e+02
795 2.8956163420066969e+02 1.3337388424393410e+02 3.8100000000000000e+02
796 2.8951051241642648e+02 1.4937380257384871e+02 3.8100000000000000e+02
797 2.7567973757642079e+02 1.4132957064513280e+02 3.8100000000000000e+02
798 2.7573085936057493e+02 1.2532965231523730e+02 3.8099999999999989e+02
799 2.6184896273634229e+02 1.3328533871643080e+02 3.8100000000000000e+02
800 2.6179784095220202e+02 1.4928525704632341e+02 3.8100000000000000e+02
801 2.4796706611211320e+02 1.4124102511762320e+02 3.8100000000000000e+02
802 2.4801818789625290e+02 1.2524110678773221e+02 3.8099999999999989e+02
803 2.3413629127202140e+02 1.3319679318892551e+02 3.8100000000000000e+02
804 2.3408516948788139e+02 1.4919671151881661e+02 3.8100000000000000e+02
805 2.2025439464779009e+02 1.4115247959011990e+02 3.8100000000000000e+02
806 2.2030551643192959e+02 1.2515256126022770e+02 3.8099999999999989e+02
807 2.0642361980769769e+02 1.3310824766142119e+02 3.8100000000000000e+02
808 2.0637249802355839e+02 1.4910816599131351e+02 3.8100000000000000e+02
809 1.9254172318346571e+02 1.4106393406261481e+02 3.8100000000000000e+02
810 1.9259284496760540e+02 1.2506401573272322e+02 3.8099999999999989e+02
811 1.7871094834337359e+02 1.3301970213391709e+02 3.8100000000000000e+02
812 1.7865982655923349e+02 1.4901962046380811e+02 3.8100000000000000e+02
813 1.6482905171914209e+02 1.4097538853511111e+02 3.8100000000000000e+02
814 1.6488017350328161e+02 1.2497547020521930e+02 3.8099999999999989e+02
815 1.5099827687904960e+02 1.3293115660641291e+02 3.8100000000000000e+02
816 1.5094715509491030e+02 1.4893107493630501e+02 3.8100000000000000e+02
817 1.3711638025481770e+02 1.4088684300760659e+02 3.8100000000000000e+02
818 1.3716750203895751e+02 1.2488692467771520e+02 3.8099999999999989e+02
819 1.2328560541472550e+02 1.3284261107890879e+02 3.8100000000000000e+02
820 1.2323448363058610e+02 1.4884252940880020e+02 3.8100000000000000e+02
821 1.2333672719886530e+02 1.1684269274901770e+02 3.8099999999999989e+02
822 1.0945483057463341e+02 1.2479837915021130e+02 3.8099999999999989e+02
823 1.0950595235877320e+02 1.0879846082032040e+02 3.8099999999999989e+02
824 1.2338784898300490e+02 1.0084277441912660e+02 3.8099999999999989e+02
825 1.0955707414291280e+02 9.2798542490429355e+01 3.8099999999999989e+02
826 4.1419191713946509e+02 1.5777222754634539e+02 3.8100000000000000e+02
827 3.5871550802047898e+02 1.7359504396131680e+02 3.8100000000000000e+02
828 9.5624055734541514e+01 1.1675414722151430e+02 3.8099999999999989e+02
829 1.2343897076714460e+02 8.4842856089235539e+01 3.8099999999999989e+02
830 1.0960819592705261e+02 7.6798624160538225e+01 3.8099999999999989e+02
831 3.8637704884813400e+02 1.8968350953456999e+02 3.8100000000000000e+02
832 3.4503809889967158e+02 1.1755105697172981e+02 3.8099999999999989e+02
833 9.5726299302820678e+01 8.4754310561732240e+01 3.8099999999999989e+02
834 3.3120732406883798e+02 1.0950682504123380e+02 3.8099999999999989e+02
835 3.4508922069454582e+02 1.0155113863975390e+02 3.8099999999999989e+02
836 3.3125844585624287e+02 9.3506906710708563e+01 3.8099999999999989e+02
837 3.4514034248101922e+02 8.5551220309409530e+01 3.8099999999999989e+02
838 3.3130956764131611e+02 7.7506988380636187e+01 3.8099999999999989e+02
839 3.5897111732120169e+02 9.3595452238089820e+01 3.8099999999999989e+02
840 3.1742767101714873e+02 8.5462674781816929e+01 3.8099999999999989e+02
841 9.5572933950401762e+01 1.3275406555140540e+02 3.8100000000000000e+02
842 8.1742159110309615e+01 1.2470983362270810e+02 3.8099999999999989e+02
843 8.1691037326169976e+01 1.4070975195259931e+02 3.8100000000000000e+02
844 3.5902223910597058e+02 7.7595533908076476e+01 3.8099999999999989e+02
845 3.7285301394595768e+02 8.5639765836794680e+01 3.8099999999999989e+02
846 3.7290413573018532e+02 6.9639847506886554e+01 3.8099999999999989e+02
847 3.8673491057027428e+02 7.7684079435584948e+01 3.8099999999999989e+02
848 9.5777421086960146e+01 6.8754392231841109e+01 3.8099999999999989e+02
849 8.1895524462728361e+01 7.6710078633035153e+01 3.8099999999999989e+02
850 1.2349009255128460e+02 6.8842937759344579e+01 3.8099999999999989e+02
851 1.3732086739137651e+02 7.6887169688041752e+01 3.8099999999999989e+02
852 3.1747879280145531e+02 6.9462756451893483e+01 3.8099999999999989e+02
853 3.0359689617729151e+02 7.7418442853073515e+01 3.8099999999999989e+02
854 4.4185204926716011e+02 1.7386086312366859e+02 3.8100000000000000e+02
855 3.5907336089010789e+02 6.1595615578185971e+01 3.8099999999999989e+02
856 3.8678603235443171e+02 6.1684161105690457e+01 3.8099999999999989e+02
857 4.0061680719452278e+02 6.9728393034388375e+01 3.8099999999999989e+02
858 4.0056568541038263e+02 8.5728311364279506e+01 3.8099999999999989e+02
859 4.1444758203461731e+02 7.7772624963085661e+01 3.8099999999999989e+02
860 4.1439646025047762e+02 9.3772543292976650e+01 3.8099999999999989e+02
861 4.2827835687471031e+02 8.5816856891783203e+01 3.8099999999999989e+02
862 4.2822723509057022e+02 1.0181677522167431e+02 3.8099999999999989e+02
863 4.2832947865885052e+02 6.9816938561892073e+01 3.8099999999999989e+02
864 6.7860262486077886e+01 1.3266552002390210e+02 3.8100000000000000e+02
865 6.7809140701938304e+01 1.4866543835379321e+02 3.8100000000000000e+02
866 8.1639915542030110e+01 1.5670967028249049e+02 3.8100000000000000e+02
867 6.7758018917798154e+01 1.6466535668368411e+02 3.8100000000000000e+02
868 8.1588793757890130e+01 1.7270958861238171e+02 3.8100000000000000e+02
869 6.7706897133658231e+01 1.8066527501357530e+02 3.8100000000000000e+02
870 8.1537671973750207e+01 1.8870950694227281e+02 3.8100000000000000e+02
871 6.7655775349518308e+01 1.9666519334346640e+02 3.8100000000000000e+02
872 8.1514478755246728e+01 2.0475815789452679e+02 3.8100000000000000e+02
873 9.5373101574781685e+01 1.9676186097469761e+02 3.8100000000000000e+02
874 4.1403860928725038e+02 2.0577197134835950e+02 3.8100000000000000e+02
875 6.7911384270217638e+01 1.1666560169401100e+02 3.8099999999999989e+02
876 4.1434533846633809e+02 1.0977246162286760e+02 3.8099999999999989e+02
877 4.2817611330643018e+02 1.1781669355156539e+02 3.8099999999999989e+02
878 3.0364801796144098e+02 6.1418524523180480e+01 3.8099999999999989e+02
879 2.8976612133723057e+02 6.9374210924369692e+01 3.8099999999999989e+02
880 4.4205800993066231e+02 1.0986100715037200e+02 3.8099999999999989e+02
881 4.4200688814652210e+02 1.2586092548026312e+02 3.8100000000000000e+02
882 1.3737198917551629e+02 6.0887251358151047e+01 3.8099999999999989e+02
883 1.5120276401560841e+02 6.8931483286848220e+01 3.8099999999999989e+02
884 8.1946646246867601e+01 6.0710160303144107e+01 3.8099999999999989e+02
885 6.8064749622635873e+01 6.8665846704338492e+01 3.8099999999999989e+02
886 5.3927244077706462e+01 1.5662112475498711e+02 3.8100000000000000e+02
887 6.7637236891954331e+01 2.1272196639944769e+02 3.8100000000000000e+02
888 9.5378596329354139e+01 2.1281195479388711e+02 3.8100000000000000e+02
889 1.0921020933069930e+02 2.0480904074912701e+02 3.8100000000000000e+02
890 9.5828542871099330e+01 5.2754473901949950e+01 3.8099999999999989e+02
891 2.8981724312136731e+02 5.3374292594479101e+01 3.8099999999999989e+02
892 2.7593534649713808e+02 6.1329978995671809e+01 3.8099999999999989e+02
893 2.7588422471299839e+02 7.7329897325562854e+01 3.8099999999999989e+02
894 2.6205344987290653e+02 6.9285665396864999e+01 3.8099999999999989e+02
895 2.6210457165704679e+02 5.3285747066973840e+01 3.8099999999999989e+02
896 2.4822267503281469e+02 6.1241433468167031e+01 3.8099999999999989e+02
897 2.4817155324867440e+02 7.7241351798058247e+01 3.8099999999999989e+02
898 2.3434077840858251e+02 6.9197119869360108e+01 3.8099999999999989e+02
899 2.3439190019272311e+02 5.3197201539468949e+01 3.8099999999999989e+02
900 2.2051000356849079e+02 6.1152887940661770e+01 3.8099999999999989e+02
901 2.2045888178435010e+02 7.7152806270553015e+01 3.8099999999999989e+02
902 2.0662810694425860e+02 6.9108574341855046e+01 3.8099999999999989e+02
903 1.5125388579974819e+02 5.2931564956957402e+01 3.8099999999999989e+02
904 3.1752991458567482e+02 5.3462838121986863e+01 3.8099999999999989e+02
905 2.0667922872839901e+02 5.3108656011964513e+01 3.8099999999999989e+02
906 2.0657698516011780e+02 8.5108492671746205e+01 3.8099999999999989e+02
907 1.6508466063984099e+02 6.0975796885654972e+01 3.8099999999999989e+02
908 1.6503353885570101e+02 7.6975715215544824e+01 3.8099999999999989e+02
909 1.0925295051102530e+02 1.8880125114530810e+02 3.8100000000000000e+02
910 1.2308338406978579e+02 1.9684466250264009e+02 3.8100000000000000e+02
911 1.2303220540542300e+02 2.1284444407063711e+02 3.8100000000000000e+02
912 1.3691263890209419e+02 2.0488728623491289e+02 3.8100000000000000e+02
913 1.3696319782121910e+02 1.8888678920305861e+02 3.8100000000000000e+02
914 1.5079394452626650e+02 1.9693099011156650e+02 3.8100000000000000e+02
915 1.5074281805295180e+02 2.1293090327142639e+02 3.8100000000000000e+02
916 1.6462461539564521e+02 2.0497511438820260e+02 3.8100000000000000e+02
917 1.6467569885438340e+02 1.8897515644504489e+02 3.8100000000000000e+02
918 1.7850647175693521e+02 1.9701938636244989e+02 3.8100000000000000e+02
919 1.7845534964987121e+02 2.1301930435712549e+02 3.8100000000000000e+02
920 1.9233723950979260e+02 2.0506361096263689e+02 3.8100000000000000e+02
921 1.9238835868217700e+02 1.8906368993235961e+02 3.8100000000000000e+02
922 2.0621913339014100e+02 1.9710792172441069e+02 3.8100000000000000e+02
923 2.0616801158397939e+02 2.1310784003152841e+02 3.8100000000000000e+02
924 2.2004990774722751e+02 2.0515215315370099e+02 3.8100000000000000e+02
925 2.2010102935337639e+02 1.8915223463977361e+02 3.8100000000000000e+02
926 2.3393180418446349e+02 1.9719646655916091e+02 3.8100000000000000e+02
927 2.3388068239882159e+02 2.1319638488750090e+02 3.8100000000000000e+02
928 2.4776257899163770e+02 2.0524069845382479e+02 3.8100000000000000e+02
929 2.4781370076364809e+02 1.8924078011139110e+02 3.8100000000000000e+02
930 2.6164447560312601e+02 1.9728501203945501e+02 3.8100000000000000e+02
931 2.6159335381564591e+02 2.1328493036589359e+02 3.8100000000000000e+02
932 2.7528969069646388e+02 2.0560898253765819e+02 3.8100000000000000e+02
933 2.7549544560067312e+02 1.8937594873087770e+02 3.8100000000000000e+02
934 2.8932106600298391e+02 1.9742795117501180e+02 3.8100000000000000e+02
935 2.8895939699924668e+02 2.1387992842949629e+02 3.8100000000000000e+02
936 3.0312413701389403e+02 2.0551126385013910e+02 3.8100000000000000e+02
937 3.0322239936310308e+02 1.8944251582388731e+02 3.8100000000000000e+02
938 3.1705641365917648e+02 1.9748178959426340e+02 3.8100000000000000e+02
939 3.1700583178436631e+02 2.1348088156443421e+02 3.8100000000000000e+02
940 3.3089945365984642e+02 2.0550800735444869e+02 3.8100000000000000e+02
941 4.4216025349894261e+02 7.7861170490589814e+01 3.8099999999999989e+02
942 4.4221137528308287e+02 6.1861252160698598e+01 3.8099999999999989e+02
943 4.2838060044299101e+02 5.3817020232000907e+01 3.8099999999999989e+02
944 6.8115871406775341e+01 5.2665928374447248e+01 3.8099999999999989e+02
945 5.4029487645986023e+01 1.2462128809520500e+02 3.8099999999999989e+02
946 5.4080609430125321e+01 1.0862136976531390e+02 3.8099999999999989e+02
947 5.3779309279715562e+01 2.0463035553234201e+02 3.8100000000000000e+02
948 5.4233974782543669e+01 6.0621614775641433e+01 3.8099999999999989e+02
949 1.3742311095965550e+02 4.4887333028260372e+01 3.8099999999999989e+02
950 5.3729092587981029e+01 2.2063185316018030e+02 3.8100000000000000e+02
951 6.7677790607592840e+01 2.2897107686529901e+02 3.8100000000000000e+02
952 4.4169947005476939e+02 2.2186213309289730e+02 3.8100000000000000e+02
953 3.3084713747295120e+02 2.2150967542931301e+02 3.8100000000000000e+02
954 3.4473095465860422e+02 2.1355117342631951e+02 3.8100000000000000e+02
955 5.4285096566683357e+01 4.4621696445749990e+01 3.8099999999999989e+02
956 4.0198712805893479e+01 1.1657705616650780e+02 3.8099999999999989e+02
957 1.6513578242398069e+02 4.4975878555764069e+01 3.8099999999999989e+02
958 4.4226249706722308e+02 4.5861333830807411e+01 3.8099999999999989e+02
959 4.5588878477075423e+02 1.1790523907906980e+02 3.8099999999999989e+02
960 4.1429421668219811e+02 1.2577237995275870e+02 3.8100000000000000e+02
961 3.3094929105634850e+02 1.8950997649615340e+02 3.8100000000000000e+02
962 3.7280189216180190e+02 1.0163968416669020e+02 3.8099999999999989e+02
963 2.2040776000020961e+02 9.3152724600444429e+01 3.8099999999999989e+02
964 4.0066792897866611e+02 5.3728474704496648e+01 3.8099999999999989e+02
965 3.8683715413857442e+02 4.5684242775798850e+01 3.8099999999999989e+02
966 9.5470690382122370e+01 1.6475390221118801e+02 3.8100000000000000e+02
967 4.0046344184210648e+02 1.1772814802406270e+02 3.8099999999999989e+02
968 3.0354577439313277e+02 9.3418361182968056e+01 3.8099999999999989e+02
969 5.4182852998404258e+01 7.6621533105532507e+01 3.8099999999999989e+02
970 3.4447967357779828e+02 2.2920197572158790e+02 3.8100000000000000e+02
971 3.5852864531592758e+02 2.2153681503063970e+02 3.8100000000000000e+02
972 3.5860761295238552e+02 2.0558531765245939e+02 3.8100000000000000e+02
973 3.7243751473749973e+02 2.1362785468553980e+02 3.8100000000000000e+02
974 4.5577952629518541e+02 1.3390497165480079e+02 3.8100000000000000e+02
975 4.4194607691381049e+02 1.4186081285112749e+02 3.8100000000000000e+02
976 4.5571710276072332e+02 1.4990485913156101e+02 3.8100000000000000e+02
977 4.5584997699112211e+02 1.0190503341272780e+02 3.8099999999999989e+02
978 4.5593157021017419e+02 6.9905130772440259e+01 3.8099999999999989e+02
979 4.0458232821214658e+01 1.0057780369560250e+02 3.8099999999999989e+02
980 4.0561086750572940e+01 6.8577968986002645e+01 3.8099999999999989e+02
981 4.0353918858011298e+01 1.3257763374020820e+02 3.8100000000000000e+02
982 3.7245428142665389e+02 2.2935159187260251e+02 3.8100000000000000e+02
983 3.8628395428020087e+02 2.2163356161717911e+02 3.8100000000000000e+02
984 3.1696504178159319e+02 2.2946565345466831e+02 3.8100000000000000e+02
985 4.2843172222713110e+02 3.7817101902109812e+01 3.8099999999999989e+02
986 4.0041232005805813e+02 1.3372806635420531e+02 3.8100000000000000e+02
987 1.7896655726407380e+02 5.3020110484461547e+01 3.8099999999999989e+02
988 1.9274621032002599e+02 7.7064260743047754e+01 3.8099999999999989e+02
989 1.9269508853588519e+02 9.3064179072939169e+01 3.8099999999999989e+02
990 8.1844402678588949e+01 9.2709996962926397e+01 3.8099999999999989e+02
991 4.6966728471798598e+02 1.1027480504990559e+02 3.8099999999999989e+02
992 2.6629198358307690e+01 1.0936094666037241e+02 3.8099999999999989e+02
993 4.0101167303311831e+02 3.8239153688471532e+01 3.8099999999999989e+02
994 3.8752765894842730e+02 2.8222375459193561e+01 3.8099999999999989e+02
995 3.7306169295566451e+02 3.7839684741450213e+01 3.8099999999999989e+02
996 3.9891982101054573e+01 2.1257656614585460e+02 3.8100000000000000e+02
997 3.9840860316914977e+01 2.2857648447574559e+02 3.8100000000000000e+02
998 3.9943103885193693e+01 1.9657664781596361e+02 3.8100000000000000e+02
999 1.7941590922085661e+02 3.7715064955044276e+01 3.8099999999999989e+02
1000 6.7764451979238288e+01 3.7358115507440488e+01 3.8099999999999989e+02
1001 1.6665237946198360e+02 2.8311891528194170e+01 3.8099999999999989e+02
1002 5.4336218350823458e+01 2.8621778115858771e+01 3.8099999999999989e+02
1003 3.8751757449147078e+01 3.6387054438771798e+01 3.8099999999999989e+02
1004 3.8708062659509778e+02 2.4002824053290391e+02 3.8100000000000000e+02
1005 4.0010558935312548e+02 2.2972757633330971e+02 3.8100000000000000e+02
1006 4.4233487888839647e+02 2.9765933171023448e+01 3.8099999999999989e+02
1007 4.5601494616618038e+02 3.7893304304892212e+01 3.8099999999999989e+02
1008 4.2801908556860798e+02 2.2398557990721091e+01 3.8099999999999989e+02
1009 4.5555393187662332e+02 2.2995280606882221e+02 3.8100000000000000e+02
1010 4.4178379447841672e+02 2.3815552927622710e+02 3.8100000000000000e+02
1011 4.2784309144350931e+02 2.2987094369869101e+02 3.8100000000000000e+02
1012 4.2779282131122409e+02 2.4562791016444490e+02 3.8100000000000000e+02
1013 4.5603975605968651e+02 2.4568002060624599e+02 3.8100000000000000e+02
1014 4.1417280074659942e+02 2.3736556836782191e+02 3.8100000000000000e+02
1015 4.1312209825504078e+02 2.5417956557705500e+02 3.8100000000000000e+02
1016 4.2787214413554608e+02 2.1382781299686940e+02 3.8100000000000000e+02
1017 4.5565162476363741e+02 1.8190556492816339e+02 3.8100000000000000e+02
1018 4.5571815723544171e+02 1.6590510354405319e+02 3.8100000000000000e+02
1019 4.6950369938368669e+02 1.7405892472596969e+02 3.8100000000000000e+02
1020 4.6952230507201051e+02 1.5814599762394900e+02 3.8100000000000000e+02
1021 4.4188833400045598e+02 1.5786076962765401e+02 3.8100000000000000e+02
1022 4.0015876655162640e+02 2.1372116042208381e+02 3.8100000000000000e+02
1023 4.2801944640740930e+02 1.6581654573147441e+02 3.8100000000000000e+02
1024 4.1424308556908471e+02 1.4177230010522899e+02 3.8100000000000000e+02
1025 4.0020816640024032e+02 1.9772665849268679e+02 3.8100000000000000e+02
1026 3.7249313044906330e+02 1.9763572432994499e+02 3.8100000000000000e+02
1027 4.0036117651586858e+02 1.4972798892160611e+02 3.8100000000000000e+02
1028 3.7254594131774121e+02 1.8163869817710460e+02 3.8100000000000000e+02
1029 3.4488473348769668e+02 1.6555081197297361e+02 3.8100000000000000e+02
1030 3.4483320768518092e+02 1.8155132360437301e+02 3.8100000000000000e+02
1031 3.3105395872095119e+02 1.5750658003004639e+02 3.8100000000000000e+02
1032 3.1717206209632900e+02 1.6546226643130521e+02 3.8100000000000000e+02
1033 3.8653041762244487e+02 1.4168375388577681e+02 3.8100000000000000e+02
1034 3.5886887361091811e+02 1.2559528892545080e+02 3.8100000000000000e+02
1035 3.7275077028464852e+02 1.1763960251464719e+02 3.8099999999999989e+02
1036 4.0363282587182077e+01 5.2546426944592412e+01 3.8099999999999989e+02
1037 2.5852374671455660e+01 4.6251242705668894e+01 3.8099999999999989e+02
1038 1.5189487909292251e+02 3.7424051522290227e+01 3.8099999999999989e+02
1039 1.3849349099893439e+02 2.7773140007372149e+01 3.8099999999999989e+02
1040 1.2386330284480250e+02 3.7161366820756541e+01 3.8099999999999989e+02
1041 2.6735832159115152e+01 1.2532681192873729e+02 3.8099999999999989e+02
1042 1.2313224006230691e+02 1.8084236606858400e+02 3.8100000000000000e+02
1043 1.3701416717300890e+02 1.7288671153501960e+02 3.8100000000000000e+02
1044 1.2318336692752480e+02 1.6484245304996361e+02 3.8100000000000000e+02
1045 1.0965931771119180e+02 6.0798705830647457e+01 3.8099999999999989e+02
1046 5.3825905601830868e+01 1.8862254071271619e+02 3.8100000000000000e+02
1047 3.9994225669332927e+01 1.8057672948607211e+02 3.8100000000000000e+02
1048 1.5084492804217700e+02 1.8093092878420660e+02 3.8100000000000000e+02
1049 1.6472680815086471e+02 1.7297522519489669e+02 3.8100000000000000e+02
1050 1.5089603331077060e+02 1.6493099326619691e+02 3.8100000000000000e+02
1051 1.6457347798758531e+02 2.2097501653837469e+02 3.8100000000000000e+02
1052 1.7816802956324881e+02 2.2860708157749349e+02 3.8100000000000000e+02
1053 1.5089718220914091e+02 2.2857719318389309e+02 3.8100000000000000e+02
1054 1.6425446534370550e+02 2.3659411461387711e+02 3.8100000000000000e+02
1055 1.3721862382309689e+02 1.0888700634782380e+02 3.8099999999999989e+02
1056 1.5104939866318941e+02 1.1693123827652110e+02 3.8099999999999989e+02
1057 1.6493129528742091e+02 1.0897555187532730e+02 3.8099999999999989e+02
1058 1.5110052044732839e+02 1.0093131994662970e+02 3.8099999999999989e+02
1059 1.0930190058121930e+02 1.7279866813768629e+02 3.8100000000000000e+02
1060 2.1999878589050269e+02 2.2115207140854289e+02 3.8100000000000000e+02
1061 2.0591373546670681e+02 2.2875327426313271e+02 3.8100000000000000e+02
1062 2.3367805944094690e+02 2.2892582867375469e+02 3.8100000000000000e+02
1063 2.1902709074337679e+02 2.3954268397174141e+02 3.8100000000000000e+02
1064 2.3428965662444199e+02 8.5197038199251267e+01 3.8099999999999989e+02
1065 2.4812043146453391e+02 9.3241270127949463e+01 3.8099999999999989e+02
1066 2.3423853484030161e+02 1.0119695652914250e+02 3.8099999999999989e+02
1067 2.2035663821606951e+02 1.0915264293033610e+02 3.8099999999999989e+02
1068 2.0652586337597731e+02 1.0110841100163761e+02 3.8099999999999989e+02
1069 1.9264396675174450e+02 1.0906409740283050e+02 3.8099999999999989e+02
1070 1.7881319191165281e+02 1.0101986547413290e+02 3.8099999999999989e+02
1071 2.4806930968039330e+02 1.0924118845784071e+02 3.8099999999999989e+02
1072 2.6195120630462600e+02 1.0128550205664750e+02 3.8099999999999989e+02
1073 9.5521812166262123e+01 1.4875398388129651e+02 3.8100000000000000e+02
1074 3.3079834980024538e+02 2.3750617167949270e+02 3.8100000000000000e+02
1075 3.1705016694930481e+02 2.4545401253084341e+02 3.8100000000000000e+02
1076 3.0295266101120671e+02 2.3808399916295130e+02 3.8100000000000000e+02
1077 2.8828316276240128e+02 2.4621005494165109e+02 3.8100000000000000e+02
1078 2.8857733519024458e+02 2.3036502719569521e+02 3.8100000000000000e+02
1079 2.7407842076424549e+02 2.3819161612657300e+02 3.8100000000000000e+02
1080 2.5995655296511200e+02 2.4420223357896171e+02 3.8100000000000000e+02
1081 2.7483899904833709e+02 2.2176830101255970e+02 3.8100000000000000e+02
1082 3.3136068942571183e+02 6.1507070050695397e+01 3.8099999999999989e+02
1083 3.3141181120991132e+02 4.5507151720792848e+01 3.8099999999999989e+02
1084 3.1758136299437729e+02 3.7463489720064302e+01 3.8099999999999989e+02
1085 3.3132749526195528e+02 3.0148493641482641e+01 3.8099999999999989e+02
1086 3.4495405761965281e+02 3.8203505844426047e+01 3.8099999999999989e+02
1087 3.1786753445996601e+02 2.2426811934263782e+01 3.8099999999999989e+02
1088 4.5594268742126849e+02 5.3903096368936019e+01 3.8099999999999989e+02
1089 4.6964350844157502e+02 4.6382941193484839e+01 3.8099999999999989e+02
1090 1.9291482558374710e+02 4.5180236216679837e+01 3.8099999999999989e+02
1091 1.9321248211691929e+02 3.0579621475821430e+01 3.8099999999999989e+02
1092 3.1737654923225642e+02 1.0146259311185410e+02 3.8099999999999989e+02
1093 2.8961275598471173e+02 1.1737396591406210e+02 3.8099999999999989e+02
1094 2.7578198114470121e+02 1.0932973398534850e+02 3.8099999999999989e+02
1095 2.7598646828127818e+02 4.5330060665780678e+01 3.8099999999999989e+02
1096 2.6243529601700629e+02 3.7773707954244138e+01 3.8099999999999989e+02
1097 2.9022005690554670e+02 3.7987247968496490e+01 3.8099999999999989e+02
1098 2.7762381556446951e+02 2.8175916241084170e+01 3.8099999999999989e+02
1099 2.6200232808876632e+02 8.5285583726756158e+01 3.8099999999999989e+02
1100 2.7583310292885551e+02 9.3329815655454524e+01 3.8099999999999989e+02
1101 3.8632643021112739e+02 2.0567141151366741e+02 3.8100000000000000e+02
1102 3.8668378878611333e+02 9.3683997765480370e+01 3.8099999999999989e+02
1103 3.1711552809737373e+02 1.8147016658966089e+02 3.8100000000000000e+02
1104 4.2806897525875257e+02 1.4981654462388110e+02 3.8100000000000000e+02
1105 1.3689556147157859e+02 2.2082805013434731e+02 3.8100000000000000e+02
1106 1.2298504121802800e+02 2.2883276386151650e+02 3.8100000000000000e+02
1107 1.3749998929645241e+02 2.3565047050196290e+02 3.8100000000000000e+02
1108 1.2359571258576599e+02 2.4463834877026599e+02 3.8100000000000000e+02
1109 1.0921592517442100e+02 2.3574754400373820e+02 3.8100000000000000e+02
1110 1.0920927563016760e+02 2.2063330968459090e+02 3.8100000000000000e+02
1111 5.3846860956743910e+01 2.3728500019336420e+02 3.8100000000000000e+02
1112 3.9789738532775630e+01 2.4457640280563680e+02 3.8100000000000000e+02
1113 6.8230658965128896e+01 2.4504980659761321e+02 3.8100000000000000e+02
1114 8.1562540642366116e+01 2.3700523703186099e+02 3.8100000000000000e+02
1115 8.3288295896782472e+01 2.5388690225804038e+02 3.8100000000000000e+02
1116 8.1534053258265772e+01 2.2083708393561020e+02 3.8100000000000000e+02
1117 3.4519146426569080e+02 6.9551301979415229e+01 3.8099999999999989e+02
1118 3.0293073396342533e+02 2.2179779227623081e+02 3.8100000000000000e+02
1119 2.0647474159183761e+02 1.1710832933152940e+02 3.8099999999999989e+02
1120 9.5420851463464885e+01 1.8075579633725570e+02 3.8100000000000000e+02
1121 4.0051456362623912e+02 1.0172822969417170e+02 3.8099999999999989e+02
1122 4.2812255931279969e+02 1.3381660942747081e+02 3.8100000000000000e+02
1123 4.4209414345417372e+02 9.3861040931072466e+01 3.8099999999999989e+02
1124 4.5586518248569541e+02 8.5905000325700826e+01 3.8099999999999989e+02
1125 4.6959382329411181e+02 7.8303501646604417e+01 3.8099999999999989e+02
1126 2.8939432684663200e+02 1.8139458279514059e+02 3.8100000000000000e+02
1127 2.7557001590399778e+02 1.7334066841451579e+02 3.8100000000000000e+02
1128 2.8945582061474238e+02 1.6537908834891340e+02 3.8100000000000000e+02
1129 2.7562677443864197e+02 1.5733226040082471e+02 3.8100000000000000e+02
1130 2.6174516592509622e+02 1.6528751413211609e+02 3.8100000000000000e+02
1131 2.6168893772339601e+02 1.8129513086762739e+02 3.8100000000000000e+02
1132 1.9249060139932601e+02 1.5706385239250599e+02 3.8100000000000000e+02
1133 2.0632137623941790e+02 1.6510808432120319e+02 3.8100000000000000e+02
1134 1.9243947975704171e+02 1.7306377086907651e+02 3.8100000000000000e+02
1135 2.0627025453206889e+02 1.8110800273049560e+02 3.8100000000000000e+02
1136 2.2015215107951451e+02 1.7315231624990690e+02 3.8100000000000000e+02
1137 1.7876207012751331e+02 1.1701978380402549e+02 3.8099999999999989e+02
1138 3.7296447645720252e+02 5.3673208159384423e+01 3.8099999999999989e+02
1139 4.1459859598128412e+02 4.5857887855614280e+01 3.8099999999999989e+02
1140 4.1450683221515533e+02 6.1786889891913013e+01 3.8099999999999989e+02
1141 2.4744131433170989e+02 2.2105999118498980e+02 3.8100000000000000e+02
1142 3.5891999549546460e+02 1.0959537057606030e+02 3.8099999999999989e+02
1143 3.1732542744539882e+02 1.1746251144227300e+02 3.8099999999999989e+02
1144 1.0935266041303480e+02 1.5679830569483931e+02 3.8100000000000000e+02
1145 3.5802243232359382e+02 2.3991549656726340e+02 3.8100000000000000e+02
1146 4.1460094738703930e+02 2.9772869973412298e+01 3.8099999999999989e+02
1147 1.6477792993500341e+02 1.5697530686500420e+02 3.8100000000000000e+02
1148 4.6960108531165548e+02 1.2623555117612480e+02 3.8100000000000000e+02
1149 2.6190008452048181e+02 1.1728542038653950e+02 3.8099999999999989e+02
1150 3.0375813614090652e+02 4.5521416726571488e+01 3.8099999999999989e+02
1151 9.5675177518681210e+01 1.0075422889162340e+02 3.8099999999999989e+02
1152 8.1793280894449367e+01 1.0870991529281730e+02 3.8099999999999989e+02
1153 2.8971499955309059e+02 8.5374129254260538e+01 3.8099999999999989e+02
1154 1.7886431369579330e+02 8.5019947144241655e+01 3.8099999999999989e+02
1155 3.0349465260812758e+02 1.0941827951302730e+02 3.8099999999999989e+02
1156 6.7962506054357164e+01 1.0066568336412040e+02 3.8099999999999989e+02
1157 6.8013627838496291e+01 8.4665765034229537e+01 3.8099999999999989e+02
1158 3.4518597768088762e+02 5.3660057070301661e+01 3.8099999999999989e+02
1159 3.5906919501031780e+02 4.5761308385358632e+01 3.8099999999999989e+02
1160 3.5824497309271771e+02 2.8261146833486212e+01 3.8099999999999989e+02
1161 2.4832039724625841e+02 4.5322828341136393e+01 3.8099999999999989e+02
1162 2.3419655642158031e+02 3.7694589010746881e+01 3.8099999999999989e+02
1163 2.2052004776008431e+02 4.5235853910965602e+01 3.8099999999999989e+02
1164 2.1926946973607420e+02 2.7986361106534279e+01 3.8099999999999989e+02
1165 2.0620184240689721e+02 3.7820741840508390e+01 3.8099999999999989e+02
1166 2.3418741305616149e+02 1.1719687485903420e+02 3.8099999999999989e+02
1167 1.7855758299095581e+02 1.8101945712359571e+02 3.8100000000000000e+02
1168 1.9221289304203711e+02 2.2093575920564751e+02 3.8100000000000000e+02
1169 1.9203634161662640e+02 2.3664545551831799e+02 3.8100000000000000e+02
1170 5.3876273142300192e+01 1.7262130630120259e+02 3.8100000000000000e+02
1171 4.0249539890273297e+01 1.6457750736617299e+02 3.8100000000000000e+02
1172 1.0940372102494059e+02 1.4079831246091030e+02 3.8100000000000000e+02
1173 2.2020327286365259e+02 1.5715239792001469e+02 3.8100000000000000e+02
1174 2.3403404770374391e+02 1.6519662984871039e+02 3.8100000000000000e+02
1175 4.0371217119381008e+01 1.4857777797906610e+02 3.8100000000000000e+02
1176 2.6970246850742289e+01 1.5721452280601679e+02 3.8100000000000000e+02
1177 1.0975560061620440e+02 4.4851831787622103e+01 3.8099999999999989e+02
1178 9.5887191508717876e+01 3.6763396286536533e+01 3.8099999999999989e+02
1179 1.0961402618414510e+02 2.6505508308971802e+01 3.8099999999999989e+02
1180 9.4529110917668049e+01 2.2844623225645481e+01 3.8099999999999989e+02
1181 8.0163737569814430e+01 2.7493786272704451e+01 3.8099999999999989e+02
1182 8.1617740263752125e+01 4.4624310107703820e+01 3.8099999999999989e+02
1183 2.8966387776876991e+02 1.0137404758418680e+02 3.8099999999999989e+02
1184 5.4007585718383837e+01 1.4062130022955381e+02 3.8100000000000000e+02
1185 1.3726974560723619e+02 9.2887088017932740e+01 3.8099999999999989e+02
1186 1.5115164223146849e+02 8.4931401616738214e+01 3.8099999999999989e+02
1187 1.3706526439860309e+02 1.5688676753398201e+02 3.8100000000000000e+02
1188 5.4166464252795087e+01 9.2621562411920848e+01 3.8099999999999989e+02
1189 1.2359390230977590e+02 5.2904904430797053e+01 3.8099999999999989e+02
1190 4.0584711249016323e+01 8.4578126139820313e+01 3.8099999999999989e+02
1191 2.7059815006912121e+01 7.7312345556436583e+01 3.8099999999999989e+02
1192 2.3398292591960649e+02 1.8119654817860251e+02 3.8100000000000000e+02
1193 2.4839660716170530e+02 2.7989769636028509e+01 3.8099999999999989e+02
1194 2.4791568545414529e+02 1.5724133324016640e+02 3.8100000000000000e+02
1195 1.7860870479873759e+02 1.6501953881814791e+02 3.8100000000000000e+02
1196 1.9280839405340660e+02 6.1083644435393438e+01 3.8099999999999989e+02
1197 1.6498241707156080e+02 9.2975633545435784e+01 3.8099999999999989e+02
1198 1.7891727913814029e+02 6.9023245818057376e+01 3.8099999999999989e+02
1199 3.8663266698646379e+02 1.0968391609838621e+02 3.8099999999999989e+02
1200 3.0334069225311077e+02 1.5741892907683771e+02 3.8100000000000000e+02
1201 3.0328347154521521e+02 1.7342792484429091e+02 3.8100000000000000e+02
1202 2.4786341058160599e+02 1.7324298939643560e+02 3.8100000000000000e+02
1203 3.4478081777156092e+02 1.9755012679184910e+02 3.8100000000000000e+02
1204 3.3100146352398002e+02 1.7350852085408539e+02 3.8100000000000000e+02
1205 3.8658154416188552e+02 1.2568383463072222e+02 3.8100000000000000e+02
1206 3.5866270303273518e+02 1.8959270575284131e+02 3.8100000000000000e+02
1207 4.1403183358627621e+02 2.2171417219452260e+02 3.8100000000000000e+02
1208 3.0416745105898178e+02 3.0425109606847851e+01 3.8099999999999989e+02
1209 4.5652312554556943e+02 2.2527436311426840e+01 3.8099999999999989e+02
1210 4.6957963698372419e+02 2.3772258154747200e+02 3.8100000000000000e+02
1211 4.8321353094192318e+02 1.9807070217069551e+02 3.8100000000000000e+02
1212 1.3515457125956400e+01 2.2946499613692200e+02 3.8100000000000000e+02
1213 1.3439042863609190e+01 1.6583060700379639e+02 3.8100000000000000e+02
1214 1.3658481733824150e+01 1.9743931342104511e+02 3.8100000000000000e+02
1215 4.7140536210600681e+02 2.5490492232373950e+02 3.8100000000000000e+02
1216 4.6941898966837908e+02 1.8999768908192880e+02 3.8100000000000000e+02
1217 9.5249248029075147e+01 2.2836076239578671e+02 3.8100000000000000e+02
1218 1.6165570216029539e+02 1.3293823541511360e+01 3.8099999999999989e+02
1219 2.2520312500000000e+02 1.3450457052527041e+01 3.8099999999999989e+02
1220 2.8677736125502321e+02 1.3456807167249909e+01 3.8099999999999989e+02
1221 3.4969692157867092e+02 1.3436242918709130e+01 3.8099999999999989e+02
1222 3.9596578043780539e+02 1.3444235393104240e+01 3.8099999999999989e+02
1223 1.3201562500000000e+02 1.3450457052527041e+01 3.8099999999999989e+02
1224 1.9358092430326241e+02 1.5370742838381490e+01 3.8099999999999989e+02
1225 2.5616702262223822e+02 1.3167527331965520e+01 3.8099999999999989e+02
1226 3.8051562500000000e+02 1.3450457052526991e+01 3.8099999999999989e+02
1227 1.6351284974689409e+02 2.5378255698166541e+02 3.8100000000000000e+02
1228 1.9355542109371149e+02 2.5479299160791663e+02 3.8100000000000000e+02
1229 2.2562384659329089e+02 2.5582433374038854e+02 3.8100000000000000e+02
1230 3.4945312500000000e+02 2.5604954294747301e+02 3.8100000000000000e+02
1231 3.8042020555426569e+02 2.5592996458725031e+02 3.8100000000000000e+02
1232 4.8336442618780188e+02 1.6640566498477571e+02 3.8100000000000000e+02
1233 4.8325965128905688e+02 1.5036479623518480e+02 3.8100000000000000e+02
1234 4.6953853825417099e+02 1.4217318890972749e+02 3.8100000000000000e+02
1235 5.4412646276720352e+01 1.4883334232270389e+01 3.8099999999999989e+02
1236 4.8344318159771512e+02 1.1871243932540040e+02 3.8099999999999989e+02
1237 4.8330454312083918e+02 1.0263340756172090e+02 3.8099999999999989e+02
1238 4.6961922953709927e+02 9.4299800561380152e+01 3.8099999999999989e+02
1239 4.8329638622736462e+02 7.0779637943692450e+01 3.8099999999999989e+02
1240 4.6964955596372090e+02 6.2374571699064290e+01 3.8099999999999989e+02
1241 4.8327428508577918e+02 3.9058045766663639e+01 3.8099999999999989e+02
1242 4.6973531781086172e+02 3.0491517410056279e+01 3.8099999999999989e+02
1243 4.7150470613021531e+02 1.4019469574468420e+01 3.8099999999999989e+02
1244 1.3177104190151721e+02 2.5766706897599232e+02 3.8100000000000000e+02
1245 2.4720635797929731e+02 2.3583105056015569e+02 3.8100000000000000e+02
1246 2.6076201324790122e+02 2.2912005883776601e+02 3.8100000000000000e+02
1247 2.4250991475440859e+01 2.5573846714202767e+02 3.8100000000000000e+02
1248 2.3296875000000060e+01 1.2546541889095179e+01 3.8099999999999989e+02
1249 2.6195758050697069e+01 2.3739780925173201e+02 3.8100000000000000e+02
1250 2.6865470423262991e+01 2.2087624961108361e+02 3.8100000000000000e+02
1251 2.7076234831284982e+01 2.0473260316396460e+02 3.8100000000000000e+02
1252 1.3512385602737250e+01 1.4979986472409340e+02 3.8100000000000000e+02
1253 2.7329430439865519e+01 1.8853630468179060e+02 3.8100000000000000e+02
1254 2.7162923609867281e+01 1.7281151393699199e+02 3.8100000000000000e+02
1255 1.3181705529678201e+01 1.1825625895076431e+02 3.8099999999999989e+02
1256 1.3448434048879280e+01 1.0209135128679840e+02 3.8099999999999989e+02
1257 1.3548174079921131e+01 7.0222259763918885e+01 3.8099999999999989e+02
1258 2.6850827179498939e+01 1.4125136183324670e+02 3.8100000000000000e+02
1259 1.2555923256457501e+01 3.9632352941176443e+01 3.8099999999999989e+02
1260 2.6898440458765091e+01 9.3371056515455507e+01 3.8099999999999989e+02
1261 2.6771392738102069e+01 6.1568690756435899e+01 3.8099999999999989e+02
1262 2.9957424005631989e+01 2.4117780620670800e+01 3.8099999999999989e+02
1263 2.3582561385384301e+02 2.4422947681859921e+02 3.8100000000000000e+02
1264 1.1645735339367270e+02 2.5768242450776978e+02 3.8100000000000000e+02
1265 8.6252029042371305e+01 1.2186714358660650e+01 3.8099999999999989e+02
1266 9.5628604178833427e+01 2.4321557633996400e+02 3.8100000000000000e+02
1267 3.7275000000000000e+02 2.4398355717332379e+02 3.8100000000000000e+02
1268 3.4303159437455508e+02 2.4339643669505381e+02 3.8100000000000000e+02
1269 2.5610264927724961e+02 2.5788657437475803e+02 3.8100000000000000e+02
1270 3.9175485027291131e+01 2.5888482098827160e+02 3.8100000000000000e+02
1271 2.0468434466627320e+02 2.4298264068698001e+02 3.8100000000000000e+02
1272 1.5114574481625741e+02 2.4302716311486350e+02 3.8100000000000000e+02
1273 4.0210559798997269e+02 2.4347009875171270e+02 3.8100000000000000e+02
1274 1.7743314379413101e+02 2.4338895553253391e+02 3.8100000000000000e+02
1275 3.1839062500000000e+02 2.5869008549821530e+02 3.8100000000000000e+02
1276 6.9096129998030108e+01 2.5860918876986938e+02 3.8100000000000000e+02
1277 4.2710937500000000e+02 2.5892486166262358e+02 3.8100000000000000e+02
1278 3.7286686499936189e+02 2.4244824227836801e+01 3.8099999999999989e+02
1279 2.6388443068024299e+02 2.4213185710158260e+01 3.8099999999999989e+02
1280 2.3296875000000000e+02 2.4099886483840091e+01 3.8099999999999989e+02
1281 2.8732812500000000e+02 2.5927758175735818e+02 3.8100000000000000e+02
1282 4.0252590616881548e+02 2.4792221927910560e+01 3.8099999999999989e+02
1283 4.5778068258312658e+02 2.5893390391170681e+02 3.8100000000000000e+02
1284 1.2412892438155880e+02 2.3499713073614430e+01 3.8099999999999989e+02
1285 3.4336540257378311e+02 2.4826542595250000e+01 3.8099999999999989e+02
1286 4.5817187500000000e+02 9.6797923037452165e+00 3.8099999999999989e+02
1287 4.2710937500000000e+02 9.5697729068912736e+00 3.8099999999999989e+02
1288 1.5342988316837199e+02 2.4550226366196139e+01 3.8099999999999989e+02
1289 1.0109372800500201e+02 1.0267632117816561e+01 3.8099999999999989e+02
1290 2.9214222636977962e+02 2.4991380461076570e+01 3.8099999999999989e+02
1291 4.8542542433859921e+02 2.5784187076865533e+02 3.8100000000000000e+02
1292 4.8542542433859921e+02 1.1658129231344670e+01 3.8099999999999989e+02
1293 2.0458343530106171e+02 2.5047749709149709e+01 3.8099999999999989e+02
1294 3.1830674465644302e+02 9.6252722528392951e+00 3.8099999999999989e+02
1295 1.0923487673544740e+01 1.0935610211308591e+01 3.8099999999999989e+02
1296 1.1241392971284940e+01 2.5816829244639052e+02 3.8100000000000000e+02
1297 6.5802867704993332e+01 2.4818724491973029e+01 3.8099999999999989e+02
1298 1.8194175855648220e+02 2.5097676991436511e+01 3.8099999999999989e+02
1299 4.3054608719466273e+01 2.3755254607690290e+01 3.8099999999999989e+02
1300 1.0953792390998311e+02 2.4833270670741561e+02 3.8100000000000000e+02
1301 2.4840719738662440e+02 2.4783655140506229e+02 3.8100000000000000e+02
1302 1.3942034263831070e+02 2.4801322330879810e+02 3.8100000000000000e+02
1303 2.2424306531593569e+01 3.3902645224334073e+01 3.8099999999999989e+02
$EndNodes
$Elements
2498
1 2 2 1 1 141 142 30
2 2 2 1 1 232 238 12
3 2 2 1 1 145 33 144
4 2 2 1 1 1 236 179
5 2 2 1 1 147 34 146
6 2 2 1 1 139 140 29
7 2 2 1 1 30 142 31
8 2 2 1 1 144 33 32
9 2 2 1 1 176 233 175
10 2 2 1 1 152 38 151
11 2 2 1 1 173 234 172
12 2 2 1 1 9 243 48
13 2 2 1 1 147 35 34
14 2 2 1 1 134 135 25
15 2 2 1 1 28 139 29
16 2 2 1 1 170 235 169
17 2 2 1 1 159 44 158
18 2 2 1 1 232 243 9
19 2 2 1 1 167 237 166
20 2 2 1 1 157 42 156
21 2 2 1 1 152 39 38
22 2 2 1 1 178 236 177
23 2 2 1 1 132 133 23
24 2 2 1 1 24 134 25
25 2 2 1 1 154 40 153
26 2 2 1 1 158 44 43
27 2 2 1 1 177 236 231
28 2 2 1 1 157 43 42
29 2 2 1 1 23 133 24
30 2 2 1 1 153 40 39
31 2 2 1 1 162 47 46
32 2 2 1 1 28 27 138
33 2 2 1 1 148 36 35
34 2 2 1 1 143 32 31
35 2 2 1 1 162 46 161
36 2 2 1 1 12 238 13
37 2 2 1 1 27 137 138
38 2 2 1 1 9 48 47
39 2 2 1 1 231 233 176
40 2 2 1 1 149 36 148
41 2 2 1 1 230 234 173
42 2 2 1 1 229 235 170
43 2 2 1 1 31 142 143
44 2 2 1 1 144 32 143
45 2 2 1 1 228 237 167
46 2 2 1 1 148 35 147
47 2 2 1 1 138 139 28
48 2 2 1 1 9 47 162
49 2 2 1 1 153 39 152
50 2 2 1 1 133 134 24
51 2 2 1 1 158 43 157
52 2 2 1 1 165 227 164
53 2 2 1 1 168 228 167
54 2 2 1 1 22 236 1
55 2 2 1 1 171 229 170
56 2 2 1 1 174 230 173
57 2 2 1 1 177 231 176
58 2 2 1 1 230 242 20
59 2 2 1 1 229 241 18
60 2 2 1 1 163 232 9
61 2 2 1 1 228 240 16
62 2 2 1 1 227 239 14
63 2 2 1 1 14 239 237
64 2 2 1 1 231 236 22
65 2 2 1 1 16 240 235
66 2 2 1 1 18 241 234
67 2 2 1 1 21 231 22
68 2 2 1 1 20 242 233
69 2 2 1 1 19 230 20
70 2 2 1 1 17 229 18
71 2 2 1 1 15 228 16
72 2 2 1 1 13 227 14
73 2 2 1 1 227 238 164
74 2 2 1 1 165 239 227
75 2 2 1 1 168 240 228
76 2 2 1 1 171 241 229
77 2 2 1 1 174 242 230
78 2 2 1 1 13 238 227
79 2 2 1 1 14 237 15
80 2 2 1 1 16 235 17
81 2 2 1 1 18 234 19
82 2 2 1 1 20 233 21
83 2 2 1 1 233 242 175
84 2 2 1 1 33 244 34
85 2 2 1 1 29 245 30
86 2 2 1 1 164 238 163
87 2 2 1 1 234 241 172
88 2 2 1 1 163 238 232
89 2 2 1 1 37 246 38
90 2 2 1 1 25 247 26
91 2 2 1 1 235 240 169
92 2 2 1 1 44 248 45
93 2 2 1 1 41 249 42
94 2 2 1 1 237 239 166
95 2 2 1 1 3 250 23
96 2 2 1 1 149 255 36
97 2 2 1 1 40 251 41
98 2 2 1 1 27 253 137
99 2 2 1 1 45 252 46
100 2 2 1 1 26 253 27
101 2 2 1 1 36 255 37
102 2 2 1 1 21 233 231
103 2 2 1 1 46 252 161
104 2 2 1 1 19 234 230
105 2 2 1 1 17 235 229
106 2 2 1 1 154 251 40
107 2 2 1 1 15 237 228
108 2 2 1 1 2 243 12
109 2 2 1 1 23 250 132
110 2 2 1 1 42 249 156
111 2 2 1 1 159 248 44
112 2 2 1 1 8 250 3
113 2 2 1 1 135 247 25
114 2 2 1 1 38 246 151
115 2 2 1 1 48 243 2
116 2 2 1 1 140 245 29
117 2 2 1 1 34 244 146
118 2 2 1 1 145 244 33
119 2 2 1 1 30 245 141
120 2 2 1 1 178 254 236
121 2 2 1 1 236 254 179
122 2 2 1 1 166 239 165
123 2 2 1 1 169 240 168
124 2 2 1 1 172 241 171
125 2 2 1 1 175 242 174
126 2 2 1 1 179 254 10
127 2 2 1 1 146 244 145
128 2 2 1 1 141 245 140
129 2 2 1 1 151 246 150
130 2 2 1 1 136 247 135
131 2 2 1 1 160 248 159
132 2 2 1 1 10 254 178
133 2 2 1 1 156 249 155
134 2 2 1 1 132 250 8
135 2 2 1 1 155 251 154
136 2 2 1 1 161 252 160
137 2 2 1 1 137 253 136
138 2 2 1 1 150 255 149
139 2 2 1 1 12 243 232
140 2 2 1 1 136 253 247
141 2 2 1 1 246 255 150
142 2 2 1 1 160 252 248
143 2 2 1 1 249 251 155
144 2 2 1 1 247 253 26
145 2 2 1 1 37 255 246
146 2 2 1 1 248 252 45
147 2 2 1 1 41 251 249
148 2 2 1 2 274 286 257
149 2 2 1 2 50 278 49
150 2 2 1 2 74 281 75
151 2 2 1 2 59 279 58
152 2 2 1 2 62 296 272
153 2 2 1 2 273 295 78
154 2 2 1 2 272 294 62
155 2 2 1 2 78 293 273
156 2 2 1 2 268 299 264
157 2 2 1 2 266 312 270
158 2 2 1 2 51 304 269
159 2 2 1 2 287 304 53
160 2 2 1 2 286 308 257
161 2 2 1 2 302 312 266
162 2 2 1 2 74 288 281
163 2 2 1 2 268 311 299
164 2 2 1 2 50 289 278
165 2 2 1 2 279 290 58
166 2 2 1 2 269 289 51
167 2 2 1 2 271 298 258
168 2 2 1 2 53 304 52
169 2 2 1 2 275 303 258
170 2 2 1 2 266 303 275
171 2 2 1 2 68 277 69
172 2 2 1 2 275 302 266
173 2 2 1 2 52 304 51
174 2 2 1 2 271 306 264
175 2 2 1 2 272 284 261
176 2 2 1 2 273 283 262
177 2 2 1 2 264 285 271
178 2 2 1 2 264 306 268
179 2 2 1 2 290 312 57
180 2 2 1 2 73 311 288
181 2 2 1 2 78 295 77
182 2 2 1 2 61 296 62
183 2 2 1 2 79 293 78
184 2 2 1 2 62 294 63
185 2 2 1 2 258 303 271
186 2 2 1 2 261 294 272
187 2 2 1 2 262 295 273
188 2 2 1 2 68 305 277
189 2 2 1 2 259 286 274
190 2 2 1 2 70 276 71
191 2 2 1 2 268 292 263
192 2 2 1 2 275 316 302
193 2 2 1 2 269 291 260
194 2 2 1 2 263 288 268
195 2 2 1 2 54 316 287
196 2 2 1 2 260 289 269
197 2 2 1 2 270 297 266
198 2 2 1 2 274 298 259
199 2 2 1 2 258 298 274
200 2 2 1 2 259 285 276
201 2 2 1 2 274 307 258
202 2 2 1 2 257 301 274
203 2 2 1 2 51 289 50
204 2 2 1 2 58 290 57
205 2 2 1 2 73 288 74
206 2 2 1 2 54 287 53
207 2 2 1 2 271 310 306
208 2 2 1 2 276 300 259
209 2 2 1 2 267 308 286
210 2 2 1 2 270 312 290
211 2 2 1 2 285 298 271
212 2 2 1 2 290 309 270
213 2 2 1 2 261 309 290
214 2 2 1 2 258 317 275
215 2 2 1 2 288 311 268
216 2 2 1 2 283 291 257
217 2 2 1 2 284 292 256
218 2 2 1 2 66 282 67
219 2 2 1 2 287 316 275
220 2 2 1 2 306 310 256
221 2 2 1 2 276 285 264
222 2 2 1 2 277 305 267
223 2 2 1 2 265 304 287
224 2 2 1 2 260 293 278
225 2 2 1 2 280 295 262
226 2 2 1 2 279 294 261
227 2 2 1 2 263 296 281
228 2 2 1 2 262 319 280
229 2 2 1 2 256 309 284
230 2 2 1 2 277 286 259
231 2 2 1 2 282 319 262
232 2 2 1 2 267 286 277
233 2 2 1 2 276 299 71
234 2 2 1 2 297 309 256
235 2 2 1 2 277 300 69
236 2 2 1 2 281 288 263
237 2 2 1 2 268 306 292
238 2 2 1 2 283 318 262
239 2 2 1 2 278 289 260
240 2 2 1 2 261 290 279
241 2 2 1 2 291 313 257
242 2 2 1 2 70 300 276
243 2 2 1 2 259 300 277
244 2 2 1 2 283 315 291
245 2 2 1 2 308 318 283
246 2 2 1 2 284 314 292
247 2 2 1 2 267 305 282
248 2 2 1 2 257 313 301
249 2 2 1 2 264 299 276
250 2 2 1 2 282 318 267
251 2 2 1 2 280 319 65
252 2 2 1 2 297 310 266
253 2 2 1 2 282 305 67
254 2 2 1 2 69 300 70
255 2 2 1 2 266 310 303
256 2 2 1 2 296 314 272
257 2 2 1 2 263 314 296
258 2 2 1 2 260 315 293
259 2 2 1 2 293 315 273
260 2 2 1 2 281 320 75
261 2 2 1 2 65 322 280
262 2 2 1 2 278 323 49
263 2 2 1 2 59 321 279
264 2 2 1 2 259 298 285
265 2 2 1 2 65 319 66
266 2 2 1 2 71 299 72
267 2 2 1 2 265 313 304
268 2 2 1 2 279 326 294
269 2 2 1 2 296 325 281
270 2 2 1 2 280 324 295
271 2 2 1 2 293 327 278
272 2 2 1 2 56 302 55
273 2 2 1 2 66 319 282
274 2 2 1 2 304 313 269
275 2 2 1 2 287 317 265
276 2 2 1 2 257 308 283
277 2 2 1 2 67 305 68
278 2 2 1 2 262 318 282
279 2 2 1 2 292 306 256
280 2 2 1 2 284 309 261
281 2 2 1 2 6 320 60
282 2 2 1 2 76 322 7
283 2 2 1 2 64 321 5
284 2 2 1 2 4 323 80
285 2 2 1 2 301 307 274
286 2 2 1 2 265 317 307
287 2 2 1 2 291 315 260
288 2 2 1 2 292 314 263
289 2 2 1 2 299 311 72
290 2 2 1 2 273 315 283
291 2 2 1 2 272 314 284
292 2 2 1 2 322 324 280
293 2 2 1 2 281 325 320
294 2 2 1 2 278 327 323
295 2 2 1 2 321 326 279
296 2 2 1 2 56 312 302
297 2 2 1 2 302 316 55
298 2 2 1 2 76 324 322
299 2 2 1 2 320 325 60
300 2 2 1 2 323 327 80
301 2 2 1 2 64 326 321
302 2 2 1 2 60 325 61
303 2 2 1 2 77 324 76
304 2 2 1 2 63 326 64
305 2 2 1 2 80 327 79
306 2 2 1 2 270 309 297
307 2 2 1 2 265 307 301
308 2 2 1 2 72 311 73
309 2 2 1 2 57 312 56
310 2 2 1 2 55 316 54
311 2 2 1 2 269 313 291
312 2 2 1 2 7 322 65
313 2 2 1 2 49 323 4
314 2 2 1 2 5 321 59
315 2 2 1 2 75 320 6
316 2 2 1 2 256 310 297
317 2 2 1 2 275 317 287
318 2 2 1 2 303 310 271
319 2 2 1 2 307 317 258
320 2 2 1 2 301 313 265
321 2 2 1 2 79 327 293
322 2 2 1 2 294 326 63
323 2 2 1 2 61 325 296
324 2 2 1 2 295 324 77
325 2 2 1 2 267 318 308
326 2 2 1 3 369 385 339
327 2 2 1 3 344 412 355
328 2 2 1 3 356 399 78
329 2 2 1 3 78 400 356
330 2 2 1 3 382 388 86
331 2 2 1 3 364 408 337
332 2 2 1 3 385 395 339
333 2 2 1 3 361 406 335
334 2 2 1 3 335 406 362
335 2 2 1 3 337 380 364
336 2 2 1 3 344 448 377
337 2 2 1 3 353 380 337
338 2 2 1 3 337 408 386
339 2 2 1 3 92 366 91
340 2 2 1 3 94 367 93
341 2 2 1 3 360 416 20
342 2 2 1 3 20 411 360
343 2 2 1 3 383 395 351
344 2 2 1 3 339 395 383
345 2 2 1 3 372 414 104
346 2 2 1 3 347 391 379
347 2 2 1 3 103 372 104
348 2 2 1 3 14 432 402
349 2 2 1 3 379 391 340
350 2 2 1 3 358 436 330
351 2 2 1 3 106 384 375
352 2 2 1 3 364 380 328
353 2 2 1 3 356 381 341
354 2 2 1 3 358 387 335
355 2 2 1 3 330 387 358
356 2 2 1 3 331 390 359
357 2 2 1 3 394 436 358
358 2 2 1 3 94 423 367
359 2 2 1 3 366 422 91
360 2 2 1 3 359 389 331
361 2 2 1 3 335 389 359
362 2 2 1 3 345 412 365
363 2 2 1 3 84 370 83
364 2 2 1 3 362 421 348
365 2 2 1 3 347 420 361
366 2 2 1 3 335 387 361
367 2 2 1 3 78 399 79
368 2 2 1 3 336 394 358
369 2 2 1 3 77 400 78
370 2 2 1 3 362 389 335
371 2 2 1 3 359 390 336
372 2 2 1 3 342 408 364
373 2 2 1 3 355 412 329
374 2 2 1 3 337 392 353
375 2 2 1 3 365 403 345
376 2 2 1 3 368 409 334
377 2 2 1 3 86 388 85
378 2 2 1 3 365 432 403
379 2 2 1 3 355 429 100
380 2 2 1 3 335 433 358
381 2 2 1 3 376 383 89
382 2 2 1 3 362 454 421
383 2 2 1 3 420 455 361
384 2 2 1 3 336 390 366
385 2 2 1 3 358 433 336
386 2 2 1 3 331 441 390
387 2 2 1 3 367 394 336
388 2 2 1 3 105 384 106
389 2 2 1 3 342 388 382
390 2 2 1 3 14 402 13
391 2 2 1 3 336 433 359
392 2 2 1 3 376 401 339
393 2 2 1 3 349 401 376
394 2 2 1 3 397 417 334
395 2 2 1 3 361 387 347
396 2 2 1 3 351 398 382
397 2 2 1 3 382 398 342
398 2 2 1 3 341 399 356
399 2 2 1 3 355 405 344
400 2 2 1 3 359 433 335
401 2 2 1 3 405 448 344
402 2 2 1 3 348 389 362
403 2 2 1 3 397 427 354
404 2 2 1 3 352 414 372
405 2 2 1 3 375 393 348
406 2 2 1 3 338 393 375
407 2 2 1 3 333 371 370
408 2 2 1 3 367 423 350
409 2 2 1 3 349 422 366
410 2 2 1 3 106 375 107
411 2 2 1 3 375 384 338
412 2 2 1 3 100 429 101
413 2 2 1 3 89 383 88
414 2 2 1 3 337 386 372
415 2 2 1 3 372 386 352
416 2 2 1 3 338 385 369
417 2 2 1 3 366 404 336
418 2 2 1 3 336 404 367
419 2 2 1 3 332 398 395
420 2 2 1 3 402 432 365
421 2 2 1 3 398 408 342
422 2 2 1 3 103 392 372
423 2 2 1 3 345 424 412
424 2 2 1 3 90 376 89
425 2 2 1 3 339 383 376
426 2 2 1 3 395 398 351
427 2 2 1 3 328 396 364
428 2 2 1 3 410 426 17
429 2 2 1 3 331 393 369
430 2 2 1 3 369 401 331
431 2 2 1 3 370 371 83
432 2 2 1 3 364 396 342
433 2 2 1 3 330 457 387
434 2 2 1 3 87 382 86
435 2 2 1 3 100 405 355
436 2 2 1 3 96 378 95
437 2 2 1 3 112 379 113
438 2 2 1 3 378 407 350
439 2 2 1 3 328 380 368
440 2 2 1 3 1 415 22
441 2 2 1 3 366 390 349
442 2 2 1 3 81 415 1
443 2 2 1 3 341 407 378
444 2 2 1 3 102 392 103
445 2 2 1 3 344 402 365
446 2 2 1 3 373 437 340
447 2 2 1 3 83 371 82
448 2 2 1 3 350 394 367
449 2 2 1 3 334 427 397
450 2 2 1 3 333 425 397
451 2 2 1 3 341 435 374
452 2 2 1 3 20 416 19
453 2 2 1 3 334 417 368
454 2 2 1 3 330 407 381
455 2 2 1 3 388 396 343
456 2 2 1 3 369 393 338
457 2 2 1 3 340 437 379
458 2 2 1 3 378 435 341
459 2 2 1 3 389 440 331
460 2 2 1 3 21 411 20
461 2 2 1 3 339 401 369
462 2 2 1 3 357 417 397
463 2 2 1 3 18 410 17
464 2 2 1 3 375 421 107
465 2 2 1 3 342 396 388
466 2 2 1 3 333 431 371
467 2 2 1 3 92 404 366
468 2 2 1 3 367 404 93
469 2 2 1 3 340 400 373
470 2 2 1 3 374 399 341
471 2 2 1 3 84 413 370
472 2 2 1 3 381 391 330
473 2 2 1 3 371 431 346
474 2 2 1 3 87 418 382
475 2 2 1 3 372 392 337
476 2 2 1 3 90 422 376
477 2 2 1 3 333 450 360
478 2 2 1 3 424 428 329
479 2 2 1 3 348 421 375
480 2 2 1 3 332 395 385
481 2 2 1 3 99 405 100
482 2 2 1 3 376 422 349
483 2 2 1 3 368 424 409
484 2 2 1 3 360 431 333
485 2 2 1 3 374 435 97
486 2 2 1 3 114 437 373
487 2 2 1 3 365 412 344
488 2 2 1 3 382 418 351
489 2 2 1 3 350 423 378
490 2 2 1 3 378 423 95
491 2 2 1 3 363 426 410
492 2 2 1 3 112 420 379
493 2 2 1 3 379 420 347
494 2 2 1 3 368 428 424
495 2 2 1 3 363 427 409
496 2 2 1 3 338 439 385
497 2 2 1 3 397 425 357
498 2 2 1 3 373 447 114
499 2 2 1 3 370 425 333
500 2 2 1 3 386 419 352
501 2 2 1 3 332 419 386
502 2 2 1 3 97 446 374
503 2 2 1 3 330 436 407
504 2 2 1 3 16 403 15
505 2 2 1 3 377 402 344
506 2 2 1 3 380 428 368
507 2 2 1 3 381 407 341
508 2 2 1 3 371 438 82
509 2 2 1 3 346 438 371
510 2 2 1 3 328 417 357
511 2 2 1 3 386 408 332
512 2 2 1 3 383 418 88
513 2 2 1 3 97 435 96
514 2 2 1 3 329 430 355
515 2 2 1 3 113 437 114
516 2 2 1 3 351 418 383
517 2 2 1 3 370 413 343
518 2 2 1 3 354 450 397
519 2 2 1 3 93 404 92
520 2 2 1 3 385 439 419
521 2 2 1 3 353 428 380
522 2 2 1 3 356 453 381
523 2 2 1 3 105 414 384
524 2 2 1 3 96 435 378
525 2 2 1 3 379 437 113
526 2 2 1 3 401 441 331
527 2 2 1 3 368 417 328
528 2 2 1 3 381 453 391
529 2 2 1 3 384 414 352
530 2 2 1 3 109 406 110
531 2 2 1 3 409 427 334
532 2 2 1 3 331 440 393
533 2 2 1 3 101 443 102
534 2 2 1 3 425 442 357
535 2 2 1 3 16 426 403
536 2 2 1 3 340 453 400
537 2 2 1 3 400 453 356
538 2 2 1 3 385 419 332
539 2 2 1 3 332 408 398
540 2 2 1 3 85 413 84
541 2 2 1 3 99 448 405
542 2 2 1 3 403 432 15
543 2 2 1 3 397 450 333
544 2 2 1 3 391 453 340
545 2 2 1 3 352 439 384
546 2 2 1 3 412 424 329
547 2 2 1 3 384 439 338
548 2 2 1 3 387 457 347
549 2 2 1 3 82 438 81
550 2 2 1 3 353 430 428
551 2 2 1 3 357 442 328
552 2 2 1 3 2 444 98
553 2 2 1 3 12 444 2
554 2 2 1 3 104 414 105
555 2 2 1 3 388 413 85
556 2 2 1 3 348 440 389
557 2 2 1 3 343 413 388
558 2 2 1 3 98 448 99
559 2 2 1 3 406 455 110
560 2 2 1 3 109 454 406
561 2 2 1 3 88 418 87
562 2 2 1 3 343 425 370
563 2 2 1 3 17 426 16
564 2 2 1 3 91 422 90
565 2 2 1 3 95 423 94
566 2 2 1 3 343 442 425
567 2 2 1 3 111 420 112
568 2 2 1 3 107 421 108
569 2 2 1 3 361 455 406
570 2 2 1 3 406 454 362
571 2 2 1 3 7 447 76
572 2 2 1 3 392 443 353
573 2 2 1 3 19 434 18
574 2 2 1 3 402 456 13
575 2 2 1 3 80 446 4
576 2 2 1 3 114 447 7
577 2 2 1 3 4 446 97
578 2 2 1 3 409 449 363
579 2 2 1 3 22 445 21
580 2 2 1 3 15 432 14
581 2 2 1 3 390 441 349
582 2 2 1 3 400 451 373
583 2 2 1 3 111 455 420
584 2 2 1 3 421 454 108
585 2 2 1 3 411 431 360
586 2 2 1 3 374 452 399
587 2 2 1 3 347 457 391
588 2 2 1 3 346 431 411
589 2 2 1 3 76 451 77
590 2 2 1 3 79 452 80
591 2 2 1 3 345 449 409
592 2 2 1 3 13 456 12
593 2 2 1 3 377 456 402
594 2 2 1 3 350 436 394
595 2 2 1 3 108 454 109
596 2 2 1 3 110 455 111
597 2 2 1 3 393 440 348
598 2 2 1 3 349 441 401
599 2 2 1 3 391 457 330
600 2 2 1 3 429 443 101
601 2 2 1 3 102 443 392
602 2 2 1 3 360 450 416
603 2 2 1 3 416 450 354
604 2 2 1 3 409 424 345
605 2 2 1 3 328 442 396
606 2 2 1 3 18 434 410
607 2 2 1 3 396 442 343
608 2 2 1 3 399 452 79
609 2 2 1 3 77 451 400
610 2 2 1 3 81 438 415
611 2 2 1 3 426 449 403
612 2 2 1 3 416 434 19
613 2 2 1 3 407 436 350
614 2 2 1 3 355 430 429
615 2 2 1 3 21 445 411
616 2 2 1 3 410 434 354
617 2 2 1 3 410 427 363
618 2 2 1 3 354 427 410
619 2 2 1 3 411 445 346
620 2 2 1 3 415 445 22
621 2 2 1 3 80 452 446
622 2 2 1 3 446 452 374
623 2 2 1 3 444 448 98
624 2 2 1 3 447 451 76
625 2 2 1 3 373 451 447
626 2 2 1 3 354 434 416
627 2 2 1 3 419 439 352
628 2 2 1 3 377 448 444
629 2 2 1 3 346 445 415
630 2 2 1 3 403 449 345
631 2 2 1 3 428 430 329
632 2 2 1 3 12 456 444
633 2 2 1 3 429 430 353
634 2 2 1 3 444 456 377
635 2 2 1 3 415 438 346
636 2 2 1 3 363 449 426
637 2 2 1 3 353 443 429
638 2 2 1 4 513 677 636
639 2 2 1 4 75 552 74
640 2 2 1 4 120 529 119
641 2 2 1 4 115 607 552
642 2 2 1 4 116 607 115
643 2 2 1 4 66 559 65
644 2 2 1 4 463 568 542
645 2 2 1 4 542 568 487
646 2 2 1 4 541 584 480
647 2 2 1 4 467 614 582
648 2 2 1 4 541 607 117
649 2 2 1 4 515 627 460
650 2 2 1 4 479 554 553
651 2 2 1 4 553 554 494
652 2 2 1 4 495 569 537
653 2 2 1 4 537 569 464
654 2 2 1 4 103 634 599
655 2 2 1 4 470 628 543
656 2 2 1 4 501 568 534
657 2 2 1 4 534 568 463
658 2 2 1 4 511 621 470
659 2 2 1 4 545 570 459
660 2 2 1 4 490 570 545
661 2 2 1 4 24 566 23
662 2 2 1 4 532 684 500
663 2 2 1 4 500 684 646
664 2 2 1 4 480 584 578
665 2 2 1 4 461 677 513
666 2 2 1 4 506 575 567
667 2 2 1 4 524 570 490
668 2 2 1 4 567 575 493
669 2 2 1 4 112 609 535
670 2 2 1 4 36 571 35
671 2 2 1 4 504 666 582
672 2 2 1 4 463 602 534
673 2 2 1 4 512 674 582
674 2 2 1 4 540 578 498
675 2 2 1 4 525 605 495
676 2 2 1 4 528 626 497
677 2 2 1 4 475 618 534
678 2 2 1 4 534 618 501
679 2 2 1 4 42 573 41
680 2 2 1 4 564 568 501
681 2 2 1 4 487 568 564
682 2 2 1 4 552 610 74
683 2 2 1 4 66 596 559
684 2 2 1 4 517 656 606
685 2 2 1 4 30 574 29
686 2 2 1 4 557 602 463
687 2 2 1 4 582 614 512
688 2 2 1 4 498 687 540
689 2 2 1 4 117 607 116
690 2 2 1 4 101 531 100
691 2 2 1 4 604 687 498
692 2 2 1 4 490 602 524
693 2 2 1 4 606 656 505
694 2 2 1 4 495 643 525
695 2 2 1 4 558 569 495
696 2 2 1 4 486 569 558
697 2 2 1 4 531 533 100
698 2 2 1 4 557 701 602
699 2 2 1 4 460 635 515
700 2 2 1 4 586 633 519
701 2 2 1 4 468 670 508
702 2 2 1 4 522 616 593
703 2 2 1 4 593 616 487
704 2 2 1 4 492 633 586
705 2 2 1 4 599 634 510
706 2 2 1 4 120 577 529
707 2 2 1 4 469 627 561
708 2 2 1 4 36 678 571
709 2 2 1 4 610 687 73
710 2 2 1 4 100 533 99
711 2 2 1 4 42 686 573
712 2 2 1 4 529 592 119
713 2 2 1 4 545 613 502
714 2 2 1 4 574 692 29
715 2 2 1 4 483 628 556
716 2 2 1 4 129 538 128
717 2 2 1 4 459 613 545
718 2 2 1 4 555 621 485
719 2 2 1 4 535 683 492
720 2 2 1 4 533 669 99
721 2 2 1 4 24 611 566
722 2 2 1 4 40 548 39
723 2 2 1 4 508 581 468
724 2 2 1 4 46 549 45
725 2 2 1 4 509 621 555
726 2 2 1 4 556 628 509
727 2 2 1 4 518 722 539
728 2 2 1 4 497 620 528
729 2 2 1 4 545 589 490
730 2 2 1 4 514 589 545
731 2 2 1 4 539 691 518
732 2 2 1 4 107 558 106
733 2 2 1 4 109 560 108
734 2 2 1 4 513 630 461
735 2 2 1 4 536 656 459
736 2 2 1 4 505 656 536
737 2 2 1 4 476 642 581
738 2 2 1 4 113 609 112
739 2 2 1 4 98 669 547
740 2 2 1 4 67 684 596
741 2 2 1 4 484 647 548
742 2 2 1 4 540 687 610
743 2 2 1 4 553 640 479
744 2 2 1 4 530 604 498
745 2 2 1 4 25 699 611
746 2 2 1 4 560 661 486
747 2 2 1 4 488 630 513
748 2 2 1 4 478 657 530
749 2 2 1 4 534 714 475
750 2 2 1 4 34 556 33
751 2 2 1 4 32 555 31
752 2 2 1 4 548 647 491
753 2 2 1 4 618 638 529
754 2 2 1 4 475 638 618
755 2 2 1 4 482 583 535
756 2 2 1 4 556 650 483
757 2 2 1 4 129 585 538
758 2 2 1 4 558 605 106
759 2 2 1 4 542 703 497
760 2 2 1 4 562 606 505
761 2 2 1 4 466 606 562
762 2 2 1 4 539 722 601
763 2 2 1 4 515 635 489
764 2 2 1 4 578 667 498
765 2 2 1 4 542 690 463
766 2 2 1 4 499 584 541
767 2 2 1 4 582 666 467
768 2 2 1 4 109 702 560
769 2 2 1 4 480 578 540
770 2 2 1 4 492 668 535
771 2 2 1 4 537 643 495
772 2 2 1 4 486 661 595
773 2 2 1 4 623 640 553
774 2 2 1 4 498 655 530
775 2 2 1 4 530 655 478
776 2 2 1 4 500 600 532
777 2 2 1 4 513 689 488
778 2 2 1 4 502 698 545
779 2 2 1 4 512 614 481
780 2 2 1 4 543 631 470
781 2 2 1 4 74 610 73
782 2 2 1 4 564 717 487
783 2 2 1 4 511 672 621
784 2 2 1 4 487 717 593
785 2 2 1 4 482 596 532
786 2 2 1 4 602 714 534
787 2 2 1 4 547 669 503
788 2 2 1 4 487 616 542
789 2 2 1 4 528 709 626
790 2 2 1 4 532 682 482
791 2 2 1 4 583 683 535
792 2 2 1 4 67 596 66
793 2 2 1 4 481 614 531
794 2 2 1 4 550 600 500
795 2 2 1 4 466 600 550
796 2 2 1 4 25 611 24
797 2 2 1 4 535 668 112
798 2 2 1 4 477 674 617
799 2 2 1 4 539 601 494
800 2 2 1 4 509 628 621
801 2 2 1 4 536 649 505
802 2 2 1 4 538 675 468
803 2 2 1 4 459 645 536
804 2 2 1 4 544 639 502
805 2 2 1 4 465 639 544
806 2 2 1 4 544 644 478
807 2 2 1 4 535 609 482
808 2 2 1 4 494 727 673
809 2 2 1 4 474 587 561
810 2 2 1 4 464 673 537
811 2 2 1 4 541 659 499
812 2 2 1 4 70 580 69
813 2 2 1 4 545 698 514
814 2 2 1 4 480 607 541
815 2 2 1 4 470 636 511
816 2 2 1 4 502 644 544
817 2 2 1 4 581 642 520
818 2 2 1 4 117 659 541
819 2 2 1 4 124 593 123
820 2 2 1 4 551 699 629
821 2 2 1 4 503 590 547
822 2 2 1 4 551 629 508
823 2 2 1 4 489 696 515
824 2 2 1 4 508 670 551
825 2 2 1 4 494 676 539
826 2 2 1 4 669 706 503
827 2 2 1 4 673 727 537
828 2 2 1 4 99 669 98
829 2 2 1 4 103 599 102
830 2 2 1 4 596 684 532
831 2 2 1 4 497 690 542
832 2 2 1 4 540 610 480
833 2 2 1 4 567 716 632
834 2 2 1 4 578 584 465
835 2 2 1 4 495 605 558
836 2 2 1 4 617 647 484
837 2 2 1 4 497 703 620
838 2 2 1 4 124 712 593
839 2 2 1 4 560 702 519
840 2 2 1 4 562 633 492
841 2 2 1 4 499 638 594
842 2 2 1 4 489 588 565
843 2 2 1 4 594 639 465
844 2 2 1 4 514 639 594
845 2 2 1 4 616 660 471
846 2 2 1 4 500 657 550
847 2 2 1 4 561 696 462
848 2 2 1 4 478 655 544
849 2 2 1 4 628 715 543
850 2 2 1 4 70 713 580
851 2 2 1 4 602 701 524
852 2 2 1 4 529 638 592
853 2 2 1 4 469 617 546
854 2 2 1 4 642 677 520
855 2 2 1 4 566 710 131
856 2 2 1 4 485 652 555
857 2 2 1 4 638 671 594
858 2 2 1 4 590 700 547
859 2 2 1 4 544 655 498
860 2 2 1 4 522 660 616
861 2 2 1 4 498 667 544
862 2 2 1 4 632 716 516
863 2 2 1 4 623 723 693
864 2 2 1 4 561 627 515
865 2 2 1 4 567 632 506
866 2 2 1 4 38 572 37
867 2 2 1 4 46 590 549
868 2 2 1 4 561 587 469
869 2 2 1 4 548 597 39
870 2 2 1 4 548 651 484
871 2 2 1 4 544 667 465
872 2 2 1 4 549 598 45
873 2 2 1 4 623 693 496
874 2 2 1 4 517 606 550
875 2 2 1 4 550 606 466
876 2 2 1 4 475 714 589
877 2 2 1 4 481 658 512
878 2 2 1 4 462 631 543
879 2 2 1 4 563 654 518
880 2 2 1 4 520 677 664
881 2 2 1 4 44 576 43
882 2 2 1 4 523 637 474
883 2 2 1 4 493 603 520
884 2 2 1 4 583 682 466
885 2 2 1 4 462 663 561
886 2 2 1 4 561 663 474
887 2 2 1 4 483 650 571
888 2 2 1 4 127 575 126
889 2 2 1 4 592 638 499
890 2 2 1 4 657 705 550
891 2 2 1 4 131 710 130
892 2 2 1 4 28 579 27
893 2 2 1 4 531 622 481
894 2 2 1 4 468 603 538
895 2 2 1 4 611 699 551
896 2 2 1 4 613 644 502
897 2 2 1 4 517 644 613
898 2 2 1 4 626 709 458
899 2 2 1 4 556 625 33
900 2 2 1 4 32 625 555
901 2 2 1 4 466 682 600
902 2 2 1 4 527 692 574
903 2 2 1 4 573 686 526
904 2 2 1 4 571 678 523
905 2 2 1 4 121 577 120
906 2 2 1 4 538 603 591
907 2 2 1 4 576 598 504
908 2 2 1 4 34 650 556
909 2 2 1 4 40 651 548
910 2 2 1 4 572 597 491
911 2 2 1 4 505 694 562
912 2 2 1 4 558 619 486
913 2 2 1 4 75 718 552
914 2 2 1 4 547 695 98
915 2 2 1 4 486 619 560
916 2 2 1 4 472 661 633
917 2 2 1 4 480 610 552
918 2 2 1 4 573 651 41
919 2 2 1 4 526 624 477
920 2 2 1 4 550 705 517
921 2 2 1 4 552 607 480
922 2 2 1 4 559 596 482
923 2 2 1 4 458 680 676
924 2 2 1 4 30 652 574
925 2 2 1 4 530 657 580
926 2 2 1 4 479 662 554
927 2 2 1 4 482 609 559
928 2 2 1 4 557 690 497
929 2 2 1 4 515 696 561
930 2 2 1 4 476 672 642
931 2 2 1 4 587 637 491
932 2 2 1 4 617 674 546
933 2 2 1 4 474 612 523
934 2 2 1 4 469 647 617
935 2 2 1 4 525 708 605
936 2 2 1 4 464 623 553
937 2 2 1 4 127 591 575
938 2 2 1 4 554 626 458
939 2 2 1 4 491 647 587
940 2 2 1 4 488 709 679
941 2 2 1 4 476 615 527
942 2 2 1 4 565 588 488
943 2 2 1 4 538 591 128
944 2 2 1 4 546 627 469
945 2 2 1 4 520 726 581
946 2 2 1 4 601 727 494
947 2 2 1 4 107 619 558
948 2 2 1 4 555 652 31
949 2 2 1 4 586 668 492
950 2 2 1 4 560 619 108
951 2 2 1 4 633 661 519
952 2 2 1 4 564 665 122
953 2 2 1 4 554 676 494
954 2 2 1 4 621 672 485
955 2 2 1 4 553 673 464
956 2 2 1 4 663 715 474
957 2 2 1 4 571 650 35
958 2 2 1 4 474 637 587
959 2 2 1 4 580 713 530
960 2 2 1 4 497 662 557
961 2 2 1 4 584 594 465
962 2 2 1 4 499 594 584
963 2 2 1 4 507 611 551
964 2 2 1 4 552 718 115
965 2 2 1 4 559 720 65
966 2 2 1 4 621 628 470
967 2 2 1 4 562 683 466
968 2 2 1 4 128 591 127
969 2 2 1 4 130 585 129
970 2 2 1 4 477 648 526
971 2 2 1 4 562 694 633
972 2 2 1 4 676 680 539
973 2 2 1 4 508 629 579
974 2 2 1 4 111 586 110
975 2 2 1 4 613 656 517
976 2 2 1 4 588 709 488
977 2 2 1 4 119 592 118
978 2 2 1 4 47 590 46
979 2 2 1 4 582 624 504
980 2 2 1 4 489 680 588
981 2 2 1 4 527 653 476
982 2 2 1 4 575 591 493
983 2 2 1 4 484 651 573
984 2 2 1 4 486 641 569
985 2 2 1 4 104 634 103
986 2 2 1 4 501 665 564
987 2 2 1 4 458 676 554
988 2 2 1 4 494 673 553
989 2 2 1 4 478 705 657
990 2 2 1 4 593 712 522
991 2 2 1 4 569 641 464
992 2 2 1 4 574 652 485
993 2 2 1 4 463 690 557
994 2 2 1 4 504 624 576
995 2 2 1 4 38 597 572
996 2 2 1 4 488 689 565
997 2 2 1 4 518 724 563
998 2 2 1 4 490 714 602
999 2 2 1 4 101 622 531
1000 2 2 1 4 577 618 529
1001 2 2 1 4 566 721 23
1002 2 2 1 4 44 598 576
1003 2 2 1 4 520 664 493
1004 2 2 1 4 39 597 38
1005 2 2 1 4 491 637 572
1006 2 2 1 4 45 598 44
1007 2 2 1 4 519 661 560
1008 2 2 1 4 102 622 101
1009 2 2 1 4 41 651 40
1010 2 2 1 4 508 615 581
1011 2 2 1 4 510 654 563
1012 2 2 1 4 579 629 27
1013 2 2 1 4 477 624 582
1014 2 2 1 4 106 605 105
1015 2 2 1 4 589 671 475
1016 2 2 1 4 514 671 589
1017 2 2 1 4 565 696 489
1018 2 2 1 4 491 597 548
1019 2 2 1 4 499 659 592
1020 2 2 1 4 501 618 577
1021 2 2 1 4 31 652 30
1022 2 2 1 4 473 688 643
1023 2 2 1 4 579 615 508
1024 2 2 1 4 504 598 549
1025 2 2 1 4 591 603 493
1026 2 2 1 4 549 590 503
1027 2 2 1 4 519 702 586
1028 2 2 1 4 33 625 32
1029 2 2 1 4 483 715 628
1030 2 2 1 4 72 604 71
1031 2 2 1 4 27 629 26
1032 2 2 1 4 572 678 37
1033 2 2 1 4 462 689 631
1034 2 2 1 4 492 683 562
1035 2 2 1 4 122 665 121
1036 2 2 1 4 118 659 117
1037 2 2 1 4 585 675 538
1038 2 2 1 4 649 694 505
1039 2 2 1 4 662 701 557
1040 2 2 1 4 479 701 662
1041 2 2 1 4 563 697 510
1042 2 2 1 4 530 713 604
1043 2 2 1 4 576 686 43
1044 2 2 1 4 131 721 566
1045 2 2 1 4 523 612 571
1046 2 2 1 4 126 685 125
1047 2 2 1 4 654 722 518
1048 2 2 1 4 546 674 512
1049 2 2 1 4 122 717 564
1050 2 2 1 4 28 692 579
1051 2 2 1 4 466 683 583
1052 2 2 1 4 570 645 459
1053 2 2 1 4 577 665 501
1054 2 2 1 4 563 724 658
1055 2 2 1 4 595 641 486
1056 2 2 1 4 496 640 623
1057 2 2 1 4 636 677 511
1058 2 2 1 4 112 668 111
1059 2 2 1 4 658 724 460
1060 2 2 1 4 533 706 669
1061 2 2 1 4 537 727 643
1062 2 2 1 4 509 625 556
1063 2 2 1 4 555 625 509
1064 2 2 1 4 484 648 617
1065 2 2 1 4 108 619 107
1066 2 2 1 4 643 688 525
1067 2 2 1 4 581 615 476
1068 2 2 1 4 551 670 507
1069 2 2 1 4 526 648 573
1070 2 2 1 4 627 719 460
1071 2 2 1 4 2 695 48
1072 2 2 1 4 125 685 608
1073 2 2 1 4 588 680 458
1074 2 2 1 4 586 702 110
1075 2 2 1 4 543 663 462
1076 2 2 1 4 574 653 527
1077 2 2 1 4 531 707 533
1078 2 2 1 4 465 667 578
1079 2 2 1 4 580 646 69
1080 2 2 1 4 493 664 567
1081 2 2 1 4 567 664 461
1082 2 2 1 4 528 681 679
1083 2 2 1 4 599 622 102
1084 2 2 1 4 98 695 2
1085 2 2 1 4 543 715 663
1086 2 2 1 4 485 653 574
1087 2 2 1 4 573 648 484
1088 2 2 1 4 566 611 507
1089 2 2 1 4 571 612 483
1090 2 2 1 4 461 716 567
1091 2 2 1 4 47 700 590
1092 2 2 1 4 693 704 536
1093 2 2 1 4 642 672 511
1094 2 2 1 4 546 719 627
1095 2 2 1 4 605 708 105
1096 2 2 1 4 554 662 626
1097 2 2 1 4 121 665 577
1098 2 2 1 4 595 661 472
1099 2 2 1 4 521 641 595
1100 2 2 1 4 500 646 580
1101 2 2 1 4 35 650 34
1102 2 2 1 4 587 647 469
1103 2 2 1 4 616 703 542
1104 2 2 1 4 595 704 521
1105 2 2 1 4 472 704 595
1106 2 2 1 4 580 657 500
1107 2 2 1 4 527 615 579
1108 2 2 1 4 69 646 68
1109 2 2 1 4 524 711 570
1110 2 2 1 4 506 685 575
1111 2 2 1 4 462 696 689
1112 2 2 1 4 576 624 526
1113 2 2 1 4 125 712 124
1114 2 2 1 4 629 699 26
1115 2 2 1 4 115 718 6
1116 2 2 1 4 523 678 572
1117 2 2 1 4 693 723 521
1118 2 2 1 4 474 715 612
1119 2 2 1 4 572 637 523
1120 2 2 1 4 592 659 118
1121 2 2 1 4 503 666 549
1122 2 2 1 4 72 687 604
1123 2 2 1 4 526 686 576
1124 2 2 1 4 471 660 632
1125 2 2 1 4 626 662 497
1126 2 2 1 4 604 713 71
1127 2 2 1 4 579 692 527
1128 2 2 1 4 617 648 477
1129 2 2 1 4 679 709 528
1130 2 2 1 4 549 666 504
1131 2 2 1 4 653 672 476
1132 2 2 1 4 666 706 467
1133 2 2 1 4 658 697 563
1134 2 2 1 4 600 682 532
1135 2 2 1 4 664 677 461
1136 2 2 1 4 575 685 126
1137 2 2 1 4 620 681 528
1138 2 2 1 4 482 682 583
1139 2 2 1 4 467 707 614
1140 2 2 1 4 7 720 114
1141 2 2 1 4 507 675 585
1142 2 2 1 4 631 636 470
1143 2 2 1 4 512 719 546
1144 2 2 1 4 3 721 131
1145 2 2 1 4 123 717 122
1146 2 2 1 4 506 660 608
1147 2 2 1 4 6 718 75
1148 2 2 1 4 459 656 613
1149 2 2 1 4 111 668 586
1150 2 2 1 4 481 622 599
1151 2 2 1 4 37 678 36
1152 2 2 1 4 679 681 516
1153 2 2 1 4 582 674 477
1154 2 2 1 4 608 660 522
1155 2 2 1 4 608 712 125
1156 2 2 1 4 594 671 514
1157 2 2 1 4 630 679 516
1158 2 2 1 4 488 679 630
1159 2 2 1 4 496 693 645
1160 2 2 1 4 645 693 536
1161 2 2 1 4 689 696 565
1162 2 2 1 4 65 720 7
1163 2 2 1 4 43 686 42
1164 2 2 1 4 481 697 658
1165 2 2 1 4 521 704 693
1166 2 2 1 4 631 689 513
1167 2 2 1 4 634 688 510
1168 2 2 1 4 525 688 634
1169 2 2 1 4 29 692 28
1170 2 2 1 4 48 700 47
1171 2 2 1 4 643 727 473
1172 2 2 1 4 632 681 471
1173 2 2 1 4 516 681 632
1174 2 2 1 4 632 660 506
1175 2 2 1 4 536 704 649
1176 2 2 1 4 507 710 566
1177 2 2 1 4 646 684 68
1178 2 2 1 4 26 699 25
1179 2 2 1 4 641 723 464
1180 2 2 1 4 670 675 507
1181 2 2 1 4 110 702 109
1182 2 2 1 4 608 685 506
1183 2 2 1 4 105 708 104
1184 2 2 1 4 130 710 585
1185 2 2 1 4 458 709 588
1186 2 2 1 4 68 684 67
1187 2 2 1 4 73 687 72
1188 2 2 1 4 609 725 559
1189 2 2 1 4 114 725 113
1190 2 2 1 4 589 714 490
1191 2 2 1 4 485 672 653
1192 2 2 1 4 585 710 507
1193 2 2 1 4 640 701 479
1194 2 2 1 4 524 701 640
1195 2 2 1 4 104 708 634
1196 2 2 1 4 23 721 3
1197 2 2 1 4 593 717 123
1198 2 2 1 4 635 691 489
1199 2 2 1 4 518 691 635
1200 2 2 1 4 510 697 599
1201 2 2 1 4 503 706 666
1202 2 2 1 4 71 713 70
1203 2 2 1 4 468 726 603
1204 2 2 1 4 475 671 638
1205 2 2 1 4 634 708 525
1206 2 2 1 4 599 697 481
1207 2 2 1 4 654 688 473
1208 2 2 1 4 614 707 531
1209 2 2 1 4 640 711 524
1210 2 2 1 4 496 711 640
1211 2 2 1 4 601 722 473
1212 2 2 1 4 471 681 620
1213 2 2 1 4 473 727 601
1214 2 2 1 4 570 711 645
1215 2 2 1 4 471 703 616
1216 2 2 1 4 645 711 496
1217 2 2 1 4 511 677 642
1218 2 2 1 4 522 712 608
1219 2 2 1 4 113 725 609
1220 2 2 1 4 633 694 472
1221 2 2 1 4 620 703 471
1222 2 2 1 4 513 636 631
1223 2 2 1 4 521 723 641
1224 2 2 1 4 517 705 644
1225 2 2 1 4 644 705 478
1226 2 2 1 4 581 726 468
1227 2 2 1 4 630 716 461
1228 2 2 1 4 516 716 630
1229 2 2 1 4 473 722 654
1230 2 2 1 4 658 719 512
1231 2 2 1 4 639 698 502
1232 2 2 1 4 514 698 639
1233 2 2 1 4 472 694 649
1234 2 2 1 4 695 700 48
1235 2 2 1 4 464 723 623
1236 2 2 1 4 510 688 654
1237 2 2 1 4 460 724 635
1238 2 2 1 4 649 704 472
1239 2 2 1 4 635 724 518
1240 2 2 1 4 603 726 520
1241 2 2 1 4 489 691 680
1242 2 2 1 4 680 691 539
1243 2 2 1 4 612 715 483
1244 2 2 1 4 720 725 114
1245 2 2 1 4 559 725 720
1246 2 2 1 4 460 719 658
1247 2 2 1 4 468 675 670
1248 2 2 1 4 547 700 695
1249 2 2 1 4 533 707 706
1250 2 2 1 4 706 707 467
1251 2 2 2 5 10 1292 226
1252 2 2 2 5 178 1292 10
1253 2 2 2 5 196 1295 11
1254 2 2 2 5 11 1295 195
1255 2 2 2 5 9 1291 163
1256 2 2 2 5 162 1291 9
1257 2 2 2 5 8 1296 132
1258 2 2 2 5 180 1296 8
1259 2 2 2 5 197 1248 196
1260 2 2 2 5 1248 1295 196
1261 2 2 2 5 198 762 197
1262 2 2 2 5 762 1248 197
1263 2 2 2 5 199 1235 198
1264 2 2 2 5 198 1235 762
1265 2 2 2 5 200 746 199
1266 2 2 2 5 746 1235 199
1267 2 2 2 5 201 1265 200
1268 2 2 2 5 200 1265 746
1269 2 2 2 5 202 1289 201
1270 2 2 2 5 201 1289 1265
1271 2 2 2 5 203 738 202
1272 2 2 2 5 738 1289 202
1273 2 2 2 5 204 1223 203
1274 2 2 2 5 203 1223 738
1275 2 2 2 5 205 757 204
1276 2 2 2 5 757 1223 204
1277 2 2 2 5 206 1218 205
1278 2 2 2 5 205 1218 757
1279 2 2 2 5 207 732 206
1280 2 2 2 5 732 1218 206
1281 2 2 2 5 208 1224 207
1282 2 2 2 5 207 1224 732
1283 2 2 2 5 209 758 208
1284 2 2 2 5 758 1224 208
1285 2 2 2 5 210 1219 209
1286 2 2 2 5 209 1219 758
1287 2 2 2 5 211 733 210
1288 2 2 2 5 733 1219 210
1289 2 2 2 5 212 1225 211
1290 2 2 2 5 211 1225 733
1291 2 2 2 5 213 759 212
1292 2 2 2 5 759 1225 212
1293 2 2 2 5 214 1220 213
1294 2 2 2 5 213 1220 759
1295 2 2 2 5 215 734 214
1296 2 2 2 5 734 1220 214
1297 2 2 2 5 216 1294 215
1298 2 2 2 5 215 1294 734
1299 2 2 2 5 217 760 216
1300 2 2 2 5 760 1294 216
1301 2 2 2 5 218 1221 217
1302 2 2 2 5 217 1221 760
1303 2 2 2 5 219 735 218
1304 2 2 2 5 735 1221 218
1305 2 2 2 5 220 1226 219
1306 2 2 2 5 219 1226 735
1307 2 2 2 5 221 1222 220
1308 2 2 2 5 1222 1226 220
1309 2 2 2 5 222 745 221
1310 2 2 2 5 745 1222 221
1311 2 2 2 5 223 1287 222
1312 2 2 2 5 222 1287 745
1313 2 2 2 5 224 761 223
1314 2 2 2 5 761 1287 223
1315 2 2 2 5 225 1286 224
1316 2 2 2 5 224 1286 761
1317 2 2 2 5 226 1243 225
1318 2 2 2 5 1243 1286 225
1319 2 2 2 5 226 1292 1243
1320 2 2 2 5 177 763 178
1321 2 2 2 5 763 1292 178
1322 2 2 2 5 176 1241 177
1323 2 2 2 5 177 1241 763
1324 2 2 2 5 175 749 176
1325 2 2 2 5 749 1241 176
1326 2 2 2 5 174 1239 175
1327 2 2 2 5 175 1239 749
1328 2 2 2 5 173 741 174
1329 2 2 2 5 741 1239 174
1330 2 2 2 5 172 1237 173
1331 2 2 2 5 173 1237 741
1332 2 2 2 5 171 1236 172
1333 2 2 2 5 1236 1237 172
1334 2 2 2 5 170 737 171
1335 2 2 2 5 737 1236 171
1336 2 2 2 5 169 1233 170
1337 2 2 2 5 170 1233 737
1338 2 2 2 5 168 1232 169
1339 2 2 2 5 1232 1233 169
1340 2 2 2 5 167 744 168
1341 2 2 2 5 744 1232 168
1342 2 2 2 5 166 1211 167
1343 2 2 2 5 167 1211 744
1344 2 2 2 5 165 750 166
1345 2 2 2 5 750 1211 166
1346 2 2 2 5 164 767 165
1347 2 2 2 5 165 767 750
1348 2 2 2 5 163 764 164
1349 2 2 2 5 764 767 164
1350 2 2 2 5 163 1291 764
1351 2 2 2 5 132 1247 133
1352 2 2 2 5 132 1296 1247
1353 2 2 2 5 133 1270 134
1354 2 2 2 5 1247 1270 133
1355 2 2 2 5 134 747 135
1356 2 2 2 5 134 1270 747
1357 2 2 2 5 135 1276 136
1358 2 2 2 5 747 1276 135
1359 2 2 2 5 136 1115 137
1360 2 2 2 5 136 1276 1115
1361 2 2 2 5 137 742 138
1362 2 2 2 5 137 1115 742
1363 2 2 2 5 138 1264 139
1364 2 2 2 5 742 1264 138
1365 2 2 2 5 139 1244 140
1366 2 2 2 5 139 1264 1244
1367 2 2 2 5 140 728 141
1368 2 2 2 5 140 1244 728
1369 2 2 2 5 141 1227 142
1370 2 2 2 5 728 1227 141
1371 2 2 2 5 142 753 143
1372 2 2 2 5 142 1227 753
1373 2 2 2 5 143 1228 144
1374 2 2 2 5 753 1228 143
1375 2 2 2 5 144 729 145
1376 2 2 2 5 144 1228 729
1377 2 2 2 5 145 1229 146
1378 2 2 2 5 729 1229 145
1379 2 2 2 5 146 754 147
1380 2 2 2 5 146 1229 754
1381 2 2 2 5 147 1269 148
1382 2 2 2 5 754 1269 147
1383 2 2 2 5 148 730 149
1384 2 2 2 5 148 1269 730
1385 2 2 2 5 149 1281 150
1386 2 2 2 5 730 1281 149
1387 2 2 2 5 150 755 151
1388 2 2 2 5 150 1281 755
1389 2 2 2 5 151 1275 152
1390 2 2 2 5 755 1275 151
1391 2 2 2 5 152 731 153
1392 2 2 2 5 152 1275 731
1393 2 2 2 5 153 1230 154
1394 2 2 2 5 731 1230 153
1395 2 2 2 5 154 756 155
1396 2 2 2 5 154 1230 756
1397 2 2 2 5 155 1231 156
1398 2 2 2 5 756 1231 155
1399 2 2 2 5 156 739 157
1400 2 2 2 5 156 1231 739
1401 2 2 2 5 157 1015 158
1402 2 2 2 5 739 1015 157
1403 2 2 2 5 158 1277 159
1404 2 2 2 5 1015 1277 158
1405 2 2 2 5 159 748 160
1406 2 2 2 5 159 1277 748
1407 2 2 2 5 160 1283 161
1408 2 2 2 5 748 1283 160
1409 2 2 2 5 161 1215 162
1410 2 2 2 5 161 1283 1215
1411 2 2 2 5 1215 1291 162
1412 2 2 2 5 181 765 180
1413 2 2 2 5 765 1296 180
1414 2 2 2 5 182 1212 181
1415 2 2 2 5 181 1212 765
1416 2 2 2 5 183 751 182
1417 2 2 2 5 751 1212 182
1418 2 2 2 5 184 1214 183
1419 2 2 2 5 183 1214 751
1420 2 2 2 5 185 740 184
1421 2 2 2 5 740 1214 184
1422 2 2 2 5 186 1213 185
1423 2 2 2 5 185 1213 740
1424 2 2 2 5 187 1252 186
1425 2 2 2 5 186 1252 1213
1426 2 2 2 5 188 736 187
1427 2 2 2 5 736 1252 187
1428 2 2 2 5 189 1255 188
1429 2 2 2 5 188 1255 736
1430 2 2 2 5 190 1256 189
1431 2 2 2 5 189 1256 1255
1432 2 2 2 5 191 743 190
1433 2 2 2 5 743 1256 190
1434 2 2 2 5 192 1257 191
1435 2 2 2 5 191 1257 743
1436 2 2 2 5 193 752 192
1437 2 2 2 5 752 1257 192
1438 2 2 2 5 194 1259 193
1439 2 2 2 5 193 1259 752
1440 2 2 2 5 195 766 194
1441 2 2 2 5 766 1259 194
1442 2 2 2 5 195 1295 766
1443 2 2 2 5 728 1272 1227
1444 2 2 2 5 1244 1302 728
1445 2 2 2 5 728 1302 1272
1446 2 2 2 5 1063 1229 729
1447 2 2 2 5 729 1271 1063
1448 2 2 2 5 1228 1271 729
1449 2 2 2 5 730 1079 1077
1450 2 2 2 5 1077 1281 730
1451 2 2 2 5 730 1080 1079
1452 2 2 2 5 730 1269 1080
1453 2 2 2 5 731 1075 1074
1454 2 2 2 5 1074 1268 731
1455 2 2 2 5 731 1275 1075
1456 2 2 2 5 731 1268 1230
1457 2 2 2 5 1001 1218 732
1458 2 2 2 5 732 1298 1001
1459 2 2 2 5 1224 1298 732
1460 2 2 2 5 733 1225 1193
1461 2 2 2 5 1193 1280 733
1462 2 2 2 5 733 1280 1219
1463 2 2 2 5 1087 1208 734
1464 2 2 2 5 734 1294 1087
1465 2 2 2 5 1208 1290 734
1466 2 2 2 5 734 1290 1220
1467 2 2 2 5 1160 1221 735
1468 2 2 2 5 735 1278 1160
1469 2 2 2 5 1226 1278 735
1470 2 2 2 5 736 1255 1041
1471 2 2 2 5 1041 1258 736
1472 2 2 2 5 736 1258 1252
1473 2 2 2 5 737 1234 1148
1474 2 2 2 5 1148 1236 737
1475 2 2 2 5 1233 1234 737
1476 2 2 2 5 738 1284 1179
1477 2 2 2 5 1179 1289 738
1478 2 2 2 5 1223 1284 738
1479 2 2 2 5 739 1231 1004
1480 2 2 2 5 1004 1273 739
1481 2 2 2 5 739 1273 1015
1482 2 2 2 5 1213 1254 740
1483 2 2 2 5 740 1253 1214
1484 2 2 2 5 740 1254 1253
1485 2 2 2 5 741 1238 1125
1486 2 2 2 5 1125 1239 741
1487 2 2 2 5 1237 1238 741
1488 2 2 2 5 1115 1266 742
1489 2 2 2 5 742 1300 1264
1490 2 2 2 5 1266 1300 742
1491 2 2 2 5 743 1257 1191
1492 2 2 2 5 1191 1260 743
1493 2 2 2 5 743 1260 1256
1494 2 2 2 5 744 1216 1019
1495 2 2 2 5 1019 1232 744
1496 2 2 2 5 1211 1216 744
1497 2 2 2 5 1008 1146 745
1498 2 2 2 5 745 1287 1008
1499 2 2 2 5 1146 1282 745
1500 2 2 2 5 745 1282 1222
1501 2 2 2 5 746 1265 1181
1502 2 2 2 5 1181 1297 746
1503 2 2 2 5 746 1297 1235
1504 2 2 2 5 747 1112 1111
1505 2 2 2 5 1111 1113 747
1506 2 2 2 5 747 1270 1112
1507 2 2 2 5 1113 1276 747
1508 2 2 2 5 748 1012 1010
1509 2 2 2 5 1010 1013 748
1510 2 2 2 5 748 1277 1012
1511 2 2 2 5 1013 1283 748
1512 2 2 2 5 749 1240 1089
1513 2 2 2 5 1089 1241 749
1514 2 2 2 5 1239 1240 749
1515 2 2 2 5 767 768 750
1516 2 2 2 5 768 769 750
1517 2 2 2 5 769 1211 750
1518 2 2 2 5 751 1250 1212
1519 2 2 2 5 1214 1251 751
1520 2 2 2 5 751 1251 1250
1521 2 2 2 5 752 1259 1037
1522 2 2 2 5 1037 1261 752
1523 2 2 2 5 752 1261 1257
1524 2 2 2 5 1227 1274 753
1525 2 2 2 5 753 1274 1228
1526 2 2 2 5 1229 1263 754
1527 2 2 2 5 1263 1301 754
1528 2 2 2 5 754 1301 1269
1529 2 2 2 5 755 1076 1075
1530 2 2 2 5 1075 1275 755
1531 2 2 2 5 755 1077 1076
1532 2 2 2 5 755 1281 1077
1533 2 2 2 5 756 1230 1145
1534 2 2 2 5 1145 1267 756
1535 2 2 2 5 756 1267 1231
1536 2 2 2 5 1039 1223 757
1537 2 2 2 5 757 1288 1039
1538 2 2 2 5 1218 1288 757
1539 2 2 2 5 758 1219 1164
1540 2 2 2 5 1164 1293 758
1541 2 2 2 5 758 1293 1224
1542 2 2 2 5 759 1220 1098
1543 2 2 2 5 1098 1279 759
1544 2 2 2 5 759 1279 1225
1545 2 2 2 5 1085 1087 760
1546 2 2 2 5 760 1285 1085
1547 2 2 2 5 1087 1294 760
1548 2 2 2 5 1221 1285 760
1549 2 2 2 5 1006 1008 761
1550 2 2 2 5 761 1209 1006
1551 2 2 2 5 1008 1287 761
1552 2 2 2 5 761 1286 1209
1553 2 2 2 5 1235 1299 762
1554 2 2 2 5 762 1262 1248
1555 2 2 2 5 762 1299 1262
1556 2 2 2 5 1241 1242 763
1557 2 2 2 5 1242 1243 763
1558 2 2 2 5 1243 1292 763
1559 2 2 2 5 764 1210 767
1560 2 2 2 5 764 1215 1210
1561 2 2 2 5 764 1291 1215
1562 2 2 2 5 1212 1249 765
1563 2 2 2 5 765 1249 1247
1564 2 2 2 5 1247 1296 765
1565 2 2 2 5 1248 1262 766
1566 2 2 2 5 766 1295 1248
1567 2 2 2 5 766 1303 1259
1568 2 2 2 5 1262 1303 766
1569 2 2 2 5 767 1210 768
1570 2 2 2 5 768 770 769
1571 2 2 2 5 768 1009 770
1572 2 2 2 5 768 1210 1009
1573 2 2 2 5 770 771 769
1574 2 2 2 5 771 1216 769
1575 2 2 2 5 769 1216 1211
1576 2 2 2 5 770 772 771
1577 2 2 2 5 770 952 772
1578 2 2 2 5 770 1009 952
1579 2 2 2 5 772 773 771
1580 2 2 2 5 773 1017 771
1581 2 2 2 5 1017 1216 771
1582 2 2 2 5 772 774 773
1583 2 2 2 5 772 1016 774
1584 2 2 2 5 952 1016 772
1585 2 2 2 5 774 775 773
1586 2 2 2 5 775 854 773
1587 2 2 2 5 854 1017 773
1588 2 2 2 5 774 776 775
1589 2 2 2 5 774 874 776
1590 2 2 2 5 774 1016 874
1591 2 2 2 5 776 777 775
1592 2 2 2 5 777 1023 775
1593 2 2 2 5 775 1023 854
1594 2 2 2 5 776 778 777
1595 2 2 2 5 776 1025 778
1596 2 2 2 5 874 1025 776
1597 2 2 2 5 778 779 777
1598 2 2 2 5 779 826 777
1599 2 2 2 5 826 1023 777
1600 2 2 2 5 778 780 779
1601 2 2 2 5 778 831 780
1602 2 2 2 5 778 1025 831
1603 2 2 2 5 780 781 779
1604 2 2 2 5 781 1027 779
1605 2 2 2 5 779 1027 826
1606 2 2 2 5 780 782 781
1607 2 2 2 5 780 1028 782
1608 2 2 2 5 831 1028 780
1609 2 2 2 5 782 783 781
1610 2 2 2 5 783 1033 781
1611 2 2 2 5 781 1033 1027
1612 2 2 2 5 782 784 783
1613 2 2 2 5 782 827 784
1614 2 2 2 5 782 1028 827
1615 2 2 2 5 784 785 783
1616 2 2 2 5 785 789 783
1617 2 2 2 5 789 1033 783
1618 2 2 2 5 784 786 785
1619 2 2 2 5 784 1029 786
1620 2 2 2 5 827 1029 784
1621 2 2 2 5 786 787 785
1622 2 2 2 5 787 1034 785
1623 2 2 2 5 785 1034 789
1624 2 2 2 5 786 788 787
1625 2 2 2 5 786 1031 788
1626 2 2 2 5 1029 1031 786
1627 2 2 2 5 788 790 787
1628 2 2 2 5 790 832 787
1629 2 2 2 5 832 1034 787
1630 2 2 2 5 788 791 790
1631 2 2 2 5 788 792 791
1632 2 2 2 5 788 1031 792
1633 2 2 2 5 789 1205 1033
1634 2 2 2 5 1034 1035 789
1635 2 2 2 5 1035 1205 789
1636 2 2 2 5 791 1143 790
1637 2 2 2 5 790 834 832
1638 2 2 2 5 790 1143 834
1639 2 2 2 5 792 793 791
1640 2 2 2 5 793 794 791
1641 2 2 2 5 794 1143 791
1642 2 2 2 5 792 1200 793
1643 2 2 2 5 1031 1032 792
1644 2 2 2 5 1032 1200 792
1645 2 2 2 5 793 795 794
1646 2 2 2 5 793 796 795
1647 2 2 2 5 793 1200 796
1648 2 2 2 5 795 1093 794
1649 2 2 2 5 1093 1155 794
1650 2 2 2 5 794 1155 1143
1651 2 2 2 5 796 797 795
1652 2 2 2 5 797 798 795
1653 2 2 2 5 798 1093 795
1654 2 2 2 5 796 1129 797
1655 2 2 2 5 1128 1129 796
1656 2 2 2 5 796 1200 1128
1657 2 2 2 5 797 799 798
1658 2 2 2 5 797 800 799
1659 2 2 2 5 797 1129 800
1660 2 2 2 5 799 1149 798
1661 2 2 2 5 798 1094 1093
1662 2 2 2 5 798 1149 1094
1663 2 2 2 5 800 801 799
1664 2 2 2 5 801 802 799
1665 2 2 2 5 802 1149 799
1666 2 2 2 5 800 1194 801
1667 2 2 2 5 1129 1130 800
1668 2 2 2 5 1130 1194 800
1669 2 2 2 5 801 803 802
1670 2 2 2 5 801 804 803
1671 2 2 2 5 801 1194 804
1672 2 2 2 5 803 1166 802
1673 2 2 2 5 1071 1149 802
1674 2 2 2 5 802 1166 1071
1675 2 2 2 5 804 805 803
1676 2 2 2 5 805 806 803
1677 2 2 2 5 806 1166 803
1678 2 2 2 5 804 1173 805
1679 2 2 2 5 804 1174 1173
1680 2 2 2 5 804 1194 1174
1681 2 2 2 5 805 807 806
1682 2 2 2 5 805 808 807
1683 2 2 2 5 805 1173 808
1684 2 2 2 5 807 1119 806
1685 2 2 2 5 806 1119 1067
1686 2 2 2 5 1067 1166 806
1687 2 2 2 5 808 809 807
1688 2 2 2 5 809 810 807
1689 2 2 2 5 810 1119 807
1690 2 2 2 5 808 1132 809
1691 2 2 2 5 808 1133 1132
1692 2 2 2 5 808 1173 1133
1693 2 2 2 5 809 811 810
1694 2 2 2 5 809 812 811
1695 2 2 2 5 809 1132 812
1696 2 2 2 5 811 1137 810
1697 2 2 2 5 1069 1119 810
1698 2 2 2 5 810 1137 1069
1699 2 2 2 5 812 813 811
1700 2 2 2 5 813 814 811
1701 2 2 2 5 814 1137 811
1702 2 2 2 5 812 1147 813
1703 2 2 2 5 1132 1195 812
1704 2 2 2 5 812 1195 1147
1705 2 2 2 5 813 815 814
1706 2 2 2 5 813 816 815
1707 2 2 2 5 813 1147 816
1708 2 2 2 5 815 1056 814
1709 2 2 2 5 1056 1057 814
1710 2 2 2 5 1057 1137 814
1711 2 2 2 5 816 817 815
1712 2 2 2 5 817 818 815
1713 2 2 2 5 818 1056 815
1714 2 2 2 5 816 1187 817
1715 2 2 2 5 816 1147 1050
1716 2 2 2 5 1050 1187 816
1717 2 2 2 5 817 819 818
1718 2 2 2 5 817 820 819
1719 2 2 2 5 817 1187 820
1720 2 2 2 5 819 821 818
1721 2 2 2 5 821 1055 818
1722 2 2 2 5 1055 1056 818
1723 2 2 2 5 820 1172 819
1724 2 2 2 5 819 822 821
1725 2 2 2 5 819 1172 822
1726 2 2 2 5 1044 1144 820
1727 2 2 2 5 820 1187 1044
1728 2 2 2 5 1144 1172 820
1729 2 2 2 5 822 823 821
1730 2 2 2 5 823 824 821
1731 2 2 2 5 824 1055 821
1732 2 2 2 5 822 828 823
1733 2 2 2 5 822 841 828
1734 2 2 2 5 822 1172 841
1735 2 2 2 5 823 825 824
1736 2 2 2 5 823 1151 825
1737 2 2 2 5 828 1151 823
1738 2 2 2 5 825 829 824
1739 2 2 2 5 829 1185 824
1740 2 2 2 5 824 1185 1055
1741 2 2 2 5 825 830 829
1742 2 2 2 5 825 833 830
1743 2 2 2 5 825 1151 833
1744 2 2 2 5 826 1104 1023
1745 2 2 2 5 826 1027 1024
1746 2 2 2 5 1024 1104 826
1747 2 2 2 5 1028 1206 827
1748 2 2 2 5 827 1030 1029
1749 2 2 2 5 827 1206 1030
1750 2 2 2 5 841 842 828
1751 2 2 2 5 842 1152 828
1752 2 2 2 5 828 1152 1151
1753 2 2 2 5 830 850 829
1754 2 2 2 5 850 851 829
1755 2 2 2 5 851 1185 829
1756 2 2 2 5 833 848 830
1757 2 2 2 5 848 1045 830
1758 2 2 2 5 830 1045 850
1759 2 2 2 5 1025 1101 831
1760 2 2 2 5 1026 1028 831
1761 2 2 2 5 831 1101 1026
1762 2 2 2 5 834 835 832
1763 2 2 2 5 835 1142 832
1764 2 2 2 5 832 1142 1034
1765 2 2 2 5 833 849 848
1766 2 2 2 5 833 990 849
1767 2 2 2 5 833 1151 990
1768 2 2 2 5 834 836 835
1769 2 2 2 5 834 1092 836
1770 2 2 2 5 834 1143 1092
1771 2 2 2 5 836 837 835
1772 2 2 2 5 837 839 835
1773 2 2 2 5 839 1142 835
1774 2 2 2 5 836 838 837
1775 2 2 2 5 836 840 838
1776 2 2 2 5 836 1092 840
1777 2 2 2 5 838 1117 837
1778 2 2 2 5 837 844 839
1779 2 2 2 5 837 1117 844
1780 2 2 2 5 840 852 838
1781 2 2 2 5 852 1082 838
1782 2 2 2 5 1082 1117 838
1783 2 2 2 5 844 845 839
1784 2 2 2 5 845 962 839
1785 2 2 2 5 962 1142 839
1786 2 2 2 5 840 853 852
1787 2 2 2 5 840 968 853
1788 2 2 2 5 840 1092 968
1789 2 2 2 5 841 843 842
1790 2 2 2 5 841 1073 843
1791 2 2 2 5 841 1172 1073
1792 2 2 2 5 843 864 842
1793 2 2 2 5 864 875 842
1794 2 2 2 5 875 1152 842
1795 2 2 2 5 843 865 864
1796 2 2 2 5 843 866 865
1797 2 2 2 5 843 1073 866
1798 2 2 2 5 844 846 845
1799 2 2 2 5 844 855 846
1800 2 2 2 5 844 1117 855
1801 2 2 2 5 846 847 845
1802 2 2 2 5 847 1102 845
1803 2 2 2 5 845 1102 962
1804 2 2 2 5 846 856 847
1805 2 2 2 5 855 1138 846
1806 2 2 2 5 846 1138 856
1807 2 2 2 5 856 857 847
1808 2 2 2 5 857 858 847
1809 2 2 2 5 858 1102 847
1810 2 2 2 5 849 884 848
1811 2 2 2 5 884 890 848
1812 2 2 2 5 890 1045 848
1813 2 2 2 5 849 885 884
1814 2 2 2 5 849 1157 885
1815 2 2 2 5 990 1157 849
1816 2 2 2 5 850 882 851
1817 2 2 2 5 850 1189 882
1818 2 2 2 5 1045 1189 850
1819 2 2 2 5 882 883 851
1820 2 2 2 5 883 1186 851
1821 2 2 2 5 851 1186 1185
1822 2 2 2 5 853 878 852
1823 2 2 2 5 878 904 852
1824 2 2 2 5 904 1082 852
1825 2 2 2 5 853 879 878
1826 2 2 2 5 853 1153 879
1827 2 2 2 5 968 1153 853
1828 2 2 2 5 854 1018 1017
1829 2 2 2 5 854 1021 1018
1830 2 2 2 5 854 1023 1021
1831 2 2 2 5 1117 1158 855
1832 2 2 2 5 855 1159 1138
1833 2 2 2 5 1158 1159 855
1834 2 2 2 5 856 964 857
1835 2 2 2 5 856 965 964
1836 2 2 2 5 856 1138 965
1837 2 2 2 5 857 859 858
1838 2 2 2 5 857 1140 859
1839 2 2 2 5 964 1140 857
1840 2 2 2 5 859 860 858
1841 2 2 2 5 860 1121 858
1842 2 2 2 5 858 1121 1102
1843 2 2 2 5 859 861 860
1844 2 2 2 5 859 863 861
1845 2 2 2 5 859 1140 863
1846 2 2 2 5 861 862 860
1847 2 2 2 5 862 876 860
1848 2 2 2 5 876 1121 860
1849 2 2 2 5 861 1123 862
1850 2 2 2 5 863 941 861
1851 2 2 2 5 941 1123 861
1852 2 2 2 5 862 877 876
1853 2 2 2 5 862 880 877
1854 2 2 2 5 862 1123 880
1855 2 2 2 5 863 942 941
1856 2 2 2 5 863 943 942
1857 2 2 2 5 863 1140 943
1858 2 2 2 5 865 1184 864
1859 2 2 2 5 864 945 875
1860 2 2 2 5 864 1184 945
1861 2 2 2 5 866 867 865
1862 2 2 2 5 867 886 865
1863 2 2 2 5 886 1184 865
1864 2 2 2 5 866 868 867
1865 2 2 2 5 866 966 868
1866 2 2 2 5 866 1073 966
1867 2 2 2 5 868 869 867
1868 2 2 2 5 869 1170 867
1869 2 2 2 5 867 1170 886
1870 2 2 2 5 868 870 869
1871 2 2 2 5 868 1120 870
1872 2 2 2 5 966 1120 868
1873 2 2 2 5 870 871 869
1874 2 2 2 5 871 1046 869
1875 2 2 2 5 1046 1170 869
1876 2 2 2 5 870 872 871
1877 2 2 2 5 870 873 872
1878 2 2 2 5 870 1120 873
1879 2 2 2 5 872 887 871
1880 2 2 2 5 887 947 871
1881 2 2 2 5 947 1046 871
1882 2 2 2 5 873 888 872
1883 2 2 2 5 872 1116 887
1884 2 2 2 5 888 1116 872
1885 2 2 2 5 873 889 888
1886 2 2 2 5 873 909 889
1887 2 2 2 5 873 1120 909
1888 2 2 2 5 1016 1207 874
1889 2 2 2 5 1022 1025 874
1890 2 2 2 5 874 1207 1022
1891 2 2 2 5 945 946 875
1892 2 2 2 5 946 1156 875
1893 2 2 2 5 875 1156 1152
1894 2 2 2 5 877 960 876
1895 2 2 2 5 960 967 876
1896 2 2 2 5 967 1121 876
1897 2 2 2 5 880 881 877
1898 2 2 2 5 881 1122 877
1899 2 2 2 5 877 1122 960
1900 2 2 2 5 879 891 878
1901 2 2 2 5 891 1150 878
1902 2 2 2 5 878 1150 904
1903 2 2 2 5 879 892 891
1904 2 2 2 5 879 893 892
1905 2 2 2 5 879 1153 893
1906 2 2 2 5 880 959 881
1907 2 2 2 5 880 977 959
1908 2 2 2 5 880 1123 977
1909 2 2 2 5 959 974 881
1910 2 2 2 5 974 975 881
1911 2 2 2 5 975 1122 881
1912 2 2 2 5 882 903 883
1913 2 2 2 5 882 949 903
1914 2 2 2 5 882 1189 949
1915 2 2 2 5 903 907 883
1916 2 2 2 5 907 908 883
1917 2 2 2 5 908 1186 883
1918 2 2 2 5 885 944 884
1919 2 2 2 5 884 1182 890
1920 2 2 2 5 944 1182 884
1921 2 2 2 5 885 948 944
1922 2 2 2 5 885 969 948
1923 2 2 2 5 885 1157 969
1924 2 2 2 5 1170 1171 886
1925 2 2 2 5 1171 1175 886
1926 2 2 2 5 1175 1184 886
1927 2 2 2 5 887 950 947
1928 2 2 2 5 887 951 950
1929 2 2 2 5 887 1116 951
1930 2 2 2 5 889 1110 888
1931 2 2 2 5 1110 1217 888
1932 2 2 2 5 888 1217 1116
1933 2 2 2 5 909 910 889
1934 2 2 2 5 910 911 889
1935 2 2 2 5 911 1110 889
1936 2 2 2 5 890 1177 1045
1937 2 2 2 5 890 1178 1177
1938 2 2 2 5 890 1182 1178
1939 2 2 2 5 892 1095 891
1940 2 2 2 5 1095 1097 891
1941 2 2 2 5 1097 1150 891
1942 2 2 2 5 893 894 892
1943 2 2 2 5 894 895 892
1944 2 2 2 5 895 1095 892
1945 2 2 2 5 893 1099 894
1946 2 2 2 5 893 1100 1099
1947 2 2 2 5 893 1153 1100
1948 2 2 2 5 894 896 895
1949 2 2 2 5 894 897 896
1950 2 2 2 5 894 1099 897
1951 2 2 2 5 896 1161 895
1952 2 2 2 5 895 1096 1095
1953 2 2 2 5 895 1161 1096
1954 2 2 2 5 897 898 896
1955 2 2 2 5 898 899 896
1956 2 2 2 5 899 1161 896
1957 2 2 2 5 897 1064 898
1958 2 2 2 5 897 1065 1064
1959 2 2 2 5 897 1099 1065
1960 2 2 2 5 898 900 899
1961 2 2 2 5 898 901 900
1962 2 2 2 5 898 1064 901
1963 2 2 2 5 900 1163 899
1964 2 2 2 5 899 1162 1161
1965 2 2 2 5 899 1163 1162
1966 2 2 2 5 901 902 900
1967 2 2 2 5 902 905 900
1968 2 2 2 5 905 1163 900
1969 2 2 2 5 901 906 902
1970 2 2 2 5 901 963 906
1971 2 2 2 5 901 1064 963
1972 2 2 2 5 902 1196 905
1973 2 2 2 5 906 988 902
1974 2 2 2 5 988 1196 902
1975 2 2 2 5 903 957 907
1976 2 2 2 5 949 1038 903
1977 2 2 2 5 903 1038 957
1978 2 2 2 5 904 1083 1082
1979 2 2 2 5 904 1084 1083
1980 2 2 2 5 904 1150 1084
1981 2 2 2 5 1090 1165 905
1982 2 2 2 5 905 1196 1090
1983 2 2 2 5 905 1165 1163
1984 2 2 2 5 963 1068 906
1985 2 2 2 5 906 989 988
1986 2 2 2 5 906 1068 989
1987 2 2 2 5 907 1198 908
1988 2 2 2 5 957 987 907
1989 2 2 2 5 987 1198 907
1990 2 2 2 5 1154 1197 908
1991 2 2 2 5 908 1198 1154
1992 2 2 2 5 908 1197 1186
1993 2 2 2 5 909 1042 910
1994 2 2 2 5 909 1059 1042
1995 2 2 2 5 909 1120 1059
1996 2 2 2 5 910 912 911
1997 2 2 2 5 910 913 912
1998 2 2 2 5 910 1042 913
1999 2 2 2 5 912 1105 911
2000 2 2 2 5 1105 1106 911
2001 2 2 2 5 1106 1110 911
2002 2 2 2 5 913 914 912
2003 2 2 2 5 914 915 912
2004 2 2 2 5 915 1105 912
2005 2 2 2 5 913 1048 914
2006 2 2 2 5 1042 1043 913
2007 2 2 2 5 1043 1048 913
2008 2 2 2 5 914 916 915
2009 2 2 2 5 914 917 916
2010 2 2 2 5 914 1048 917
2011 2 2 2 5 916 1051 915
2012 2 2 2 5 1051 1053 915
2013 2 2 2 5 1053 1105 915
2014 2 2 2 5 917 918 916
2015 2 2 2 5 918 919 916
2016 2 2 2 5 919 1051 916
2017 2 2 2 5 917 1167 918
2018 2 2 2 5 1048 1049 917
2019 2 2 2 5 1049 1167 917
2020 2 2 2 5 918 920 919
2021 2 2 2 5 918 921 920
2022 2 2 2 5 918 1167 921
2023 2 2 2 5 920 1168 919
2024 2 2 2 5 919 1052 1051
2025 2 2 2 5 919 1168 1052
2026 2 2 2 5 921 922 920
2027 2 2 2 5 922 923 920
2028 2 2 2 5 923 1168 920
2029 2 2 2 5 921 1135 922
2030 2 2 2 5 1134 1135 921
2031 2 2 2 5 921 1167 1134
2032 2 2 2 5 922 924 923
2033 2 2 2 5 922 925 924
2034 2 2 2 5 922 1135 925
2035 2 2 2 5 924 1060 923
2036 2 2 2 5 1060 1061 923
2037 2 2 2 5 1061 1168 923
2038 2 2 2 5 925 926 924
2039 2 2 2 5 926 927 924
2040 2 2 2 5 927 1060 924
2041 2 2 2 5 925 1192 926
2042 2 2 2 5 1135 1136 925
2043 2 2 2 5 1136 1192 925
2044 2 2 2 5 926 928 927
2045 2 2 2 5 926 929 928
2046 2 2 2 5 926 1192 929
2047 2 2 2 5 928 1141 927
2048 2 2 2 5 927 1062 1060
2049 2 2 2 5 927 1141 1062
2050 2 2 2 5 929 930 928
2051 2 2 2 5 930 931 928
2052 2 2 2 5 931 1141 928
2053 2 2 2 5 929 1131 930
2054 2 2 2 5 929 1202 1131
2055 2 2 2 5 1192 1202 929
2056 2 2 2 5 930 932 931
2057 2 2 2 5 930 933 932
2058 2 2 2 5 930 1131 933
2059 2 2 2 5 932 1081 931
2060 2 2 2 5 1081 1246 931
2061 2 2 2 5 931 1246 1141
2062 2 2 2 5 933 934 932
2063 2 2 2 5 934 935 932
2064 2 2 2 5 935 1081 932
2065 2 2 2 5 933 1126 934
2066 2 2 2 5 933 1127 1126
2067 2 2 2 5 933 1131 1127
2068 2 2 2 5 934 936 935
2069 2 2 2 5 934 937 936
2070 2 2 2 5 934 1126 937
2071 2 2 2 5 936 1118 935
2072 2 2 2 5 1078 1081 935
2073 2 2 2 5 935 1118 1078
2074 2 2 2 5 937 938 936
2075 2 2 2 5 938 939 936
2076 2 2 2 5 939 1118 936
2077 2 2 2 5 937 1103 938
2078 2 2 2 5 937 1201 1103
2079 2 2 2 5 1126 1201 937
2080 2 2 2 5 938 940 939
2081 2 2 2 5 938 961 940
2082 2 2 2 5 938 1103 961
2083 2 2 2 5 940 953 939
2084 2 2 2 5 953 984 939
2085 2 2 2 5 984 1118 939
2086 2 2 2 5 940 954 953
2087 2 2 2 5 940 1203 954
2088 2 2 2 5 961 1203 940
2089 2 2 2 5 942 978 941
2090 2 2 2 5 978 1124 941
2091 2 2 2 5 941 1124 1123
2092 2 2 2 5 943 958 942
2093 2 2 2 5 958 1088 942
2094 2 2 2 5 942 1088 978
2095 2 2 2 5 943 985 958
2096 2 2 2 5 943 1139 985
2097 2 2 2 5 943 1140 1139
2098 2 2 2 5 948 955 944
2099 2 2 2 5 955 1000 944
2100 2 2 2 5 1000 1182 944
2101 2 2 2 5 945 956 946
2102 2 2 2 5 945 981 956
2103 2 2 2 5 945 1184 981
2104 2 2 2 5 956 979 946
2105 2 2 2 5 979 1188 946
2106 2 2 2 5 946 1188 1156
2107 2 2 2 5 950 996 947
2108 2 2 2 5 996 998 947
2109 2 2 2 5 998 1046 947
2110 2 2 2 5 948 1036 955
2111 2 2 2 5 969 980 948
2112 2 2 2 5 980 1036 948
2113 2 2 2 5 949 1039 1038
2114 2 2 2 5 949 1040 1039
2115 2 2 2 5 949 1189 1040
2116 2 2 2 5 951 1111 950
2117 2 2 2 5 950 997 996
2118 2 2 2 5 950 1111 997
2119 2 2 2 5 951 1113 1111
2120 2 2 2 5 951 1114 1113
2121 2 2 2 5 951 1116 1114
2122 2 2 2 5 1009 1010 952
2123 2 2 2 5 1010 1011 952
2124 2 2 2 5 1011 1016 952
2125 2 2 2 5 954 970 953
2126 2 2 2 5 970 1074 953
2127 2 2 2 5 953 1074 984
2128 2 2 2 5 954 971 970
2129 2 2 2 5 954 972 971
2130 2 2 2 5 954 1203 972
2131 2 2 2 5 955 1002 1000
2132 2 2 2 5 955 1003 1002
2133 2 2 2 5 955 1036 1003
2134 2 2 2 5 956 992 979
2135 2 2 2 5 981 1041 956
2136 2 2 2 5 956 1041 992
2137 2 2 2 5 957 999 987
2138 2 2 2 5 957 1001 999
2139 2 2 2 5 957 1038 1001
2140 2 2 2 5 985 1006 958
2141 2 2 2 5 1006 1007 958
2142 2 2 2 5 1007 1088 958
2143 2 2 2 5 959 1148 974
2144 2 2 2 5 977 991 959
2145 2 2 2 5 991 1148 959
2146 2 2 2 5 960 986 967
2147 2 2 2 5 960 1024 986
2148 2 2 2 5 960 1122 1024
2149 2 2 2 5 1030 1203 961
2150 2 2 2 5 961 1204 1030
2151 2 2 2 5 1103 1204 961
2152 2 2 2 5 1035 1142 962
2153 2 2 2 5 962 1199 1035
2154 2 2 2 5 1102 1199 962
2155 2 2 2 5 1064 1066 963
2156 2 2 2 5 1066 1067 963
2157 2 2 2 5 1067 1068 963
2158 2 2 2 5 965 993 964
2159 2 2 2 5 993 1139 964
2160 2 2 2 5 1139 1140 964
2161 2 2 2 5 965 994 993
2162 2 2 2 5 965 995 994
2163 2 2 2 5 965 1138 995
2164 2 2 2 5 1059 1120 966
2165 2 2 2 5 966 1144 1059
2166 2 2 2 5 1073 1144 966
2167 2 2 2 5 986 1205 967
2168 2 2 2 5 967 1199 1121
2169 2 2 2 5 967 1205 1199
2170 2 2 2 5 1092 1155 968
2171 2 2 2 5 968 1183 1153
2172 2 2 2 5 1155 1183 968
2173 2 2 2 5 969 1190 980
2174 2 2 2 5 1157 1188 969
2175 2 2 2 5 1188 1190 969
2176 2 2 2 5 971 1145 970
2177 2 2 2 5 970 1268 1074
2178 2 2 2 5 1145 1268 970
2179 2 2 2 5 972 973 971
2180 2 2 2 5 973 982 971
2181 2 2 2 5 982 1145 971
2182 2 2 2 5 972 1026 973
2183 2 2 2 5 972 1206 1026
2184 2 2 2 5 1203 1206 972
2185 2 2 2 5 973 983 982
2186 2 2 2 5 973 1101 983
2187 2 2 2 5 1026 1101 973
2188 2 2 2 5 974 976 975
2189 2 2 2 5 974 1234 976
2190 2 2 2 5 1148 1234 974
2191 2 2 2 5 976 1021 975
2192 2 2 2 5 1021 1104 975
2193 2 2 2 5 1104 1122 975
2194 2 2 2 5 976 1020 1018
2195 2 2 2 5 1018 1021 976
2196 2 2 2 5 976 1234 1020
2197 2 2 2 5 977 1238 991
2198 2 2 2 5 1123 1124 977
2199 2 2 2 5 1124 1238 977
2200 2 2 2 5 1088 1240 978
2201 2 2 2 5 978 1125 1124
2202 2 2 2 5 978 1240 1125
2203 2 2 2 5 992 1260 979
2204 2 2 2 5 979 1190 1188
2205 2 2 2 5 979 1260 1190
2206 2 2 2 5 980 1261 1036
2207 2 2 2 5 1190 1191 980
2208 2 2 2 5 1191 1261 980
2209 2 2 2 5 981 1258 1041
2210 2 2 2 5 981 1184 1175
2211 2 2 2 5 1175 1258 981
2212 2 2 2 5 983 1004 982
2213 2 2 2 5 1004 1267 982
2214 2 2 2 5 982 1267 1145
2215 2 2 2 5 983 1005 1004
2216 2 2 2 5 983 1022 1005
2217 2 2 2 5 983 1101 1022
2218 2 2 2 5 1074 1075 984
2219 2 2 2 5 1075 1076 984
2220 2 2 2 5 1076 1118 984
2221 2 2 2 5 985 1008 1006
2222 2 2 2 5 985 1146 1008
2223 2 2 2 5 1139 1146 985
2224 2 2 2 5 1024 1027 986
2225 2 2 2 5 1027 1033 986
2226 2 2 2 5 1033 1205 986
2227 2 2 2 5 999 1090 987
2228 2 2 2 5 1090 1196 987
2229 2 2 2 5 1196 1198 987
2230 2 2 2 5 989 1154 988
2231 2 2 2 5 1154 1198 988
2232 2 2 2 5 988 1198 1196
2233 2 2 2 5 1068 1069 989
2234 2 2 2 5 1069 1070 989
2235 2 2 2 5 1070 1154 989
2236 2 2 2 5 1151 1152 990
2237 2 2 2 5 1152 1156 990
2238 2 2 2 5 1156 1157 990
2239 2 2 2 5 991 1236 1148
2240 2 2 2 5 991 1237 1236
2241 2 2 2 5 991 1238 1237
2242 2 2 2 5 1041 1255 992
2243 2 2 2 5 1255 1256 992
2244 2 2 2 5 1256 1260 992
2245 2 2 2 5 994 1282 993
2246 2 2 2 5 993 1146 1139
2247 2 2 2 5 993 1282 1146
2248 2 2 2 5 995 1278 994
2249 2 2 2 5 994 1226 1222
2250 2 2 2 5 1222 1282 994
2251 2 2 2 5 994 1278 1226
2252 2 2 2 5 1138 1159 995
2253 2 2 2 5 1159 1160 995
2254 2 2 2 5 1160 1278 995
2255 2 2 2 5 997 1250 996
2256 2 2 2 5 996 1251 998
2257 2 2 2 5 1250 1251 996
2258 2 2 2 5 1111 1112 997
2259 2 2 2 5 1112 1249 997
2260 2 2 2 5 1249 1250 997
2261 2 2 2 5 998 1047 1046
2262 2 2 2 5 998 1253 1047
2263 2 2 2 5 1251 1253 998
2264 2 2 2 5 1001 1298 999
2265 2 2 2 5 999 1091 1090
2266 2 2 2 5 999 1298 1091
2267 2 2 2 5 1002 1297 1000
2268 2 2 2 5 1181 1182 1000
2269 2 2 2 5 1000 1297 1181
2270 2 2 2 5 1038 1288 1001
2271 2 2 2 5 1001 1288 1218
2272 2 2 2 5 1003 1299 1002
2273 2 2 2 5 1235 1297 1002
2274 2 2 2 5 1002 1299 1235
2275 2 2 2 5 1036 1037 1003
2276 2 2 2 5 1037 1303 1003
2277 2 2 2 5 1262 1299 1003
2278 2 2 2 5 1003 1303 1262
2279 2 2 2 5 1005 1273 1004
2280 2 2 2 5 1231 1267 1004
2281 2 2 2 5 1005 1207 1014
2282 2 2 2 5 1014 1273 1005
2283 2 2 2 5 1022 1207 1005
2284 2 2 2 5 1006 1209 1007
2285 2 2 2 5 1007 1089 1088
2286 2 2 2 5 1007 1242 1089
2287 2 2 2 5 1209 1242 1007
2288 2 2 2 5 1009 1013 1010
2289 2 2 2 5 1009 1210 1013
2290 2 2 2 5 1010 1012 1011
2291 2 2 2 5 1012 1014 1011
2292 2 2 2 5 1014 1207 1011
2293 2 2 2 5 1011 1207 1016
2294 2 2 2 5 1012 1015 1014
2295 2 2 2 5 1012 1277 1015
2296 2 2 2 5 1210 1215 1013
2297 2 2 2 5 1215 1283 1013
2298 2 2 2 5 1015 1273 1014
2299 2 2 2 5 1018 1019 1017
2300 2 2 2 5 1019 1216 1017
2301 2 2 2 5 1018 1020 1019
2302 2 2 2 5 1020 1232 1019
2303 2 2 2 5 1020 1233 1232
2304 2 2 2 5 1020 1234 1233
2305 2 2 2 5 1023 1104 1021
2306 2 2 2 5 1022 1101 1025
2307 2 2 2 5 1024 1122 1104
2308 2 2 2 5 1026 1206 1028
2309 2 2 2 5 1030 1204 1029
2310 2 2 2 5 1029 1204 1031
2311 2 2 2 5 1030 1206 1203
2312 2 2 2 5 1031 1204 1032
2313 2 2 2 5 1103 1201 1032
2314 2 2 2 5 1032 1204 1103
2315 2 2 2 5 1032 1201 1200
2316 2 2 2 5 1034 1142 1035
2317 2 2 2 5 1199 1205 1035
2318 2 2 2 5 1036 1261 1037
2319 2 2 2 5 1259 1303 1037
2320 2 2 2 5 1039 1288 1038
2321 2 2 2 5 1040 1284 1039
2322 2 2 2 5 1039 1284 1223
2323 2 2 2 5 1177 1179 1040
2324 2 2 2 5 1040 1189 1177
2325 2 2 2 5 1179 1284 1040
2326 2 2 2 5 1042 1044 1043
2327 2 2 2 5 1042 1059 1044
2328 2 2 2 5 1044 1187 1043
2329 2 2 2 5 1043 1050 1048
2330 2 2 2 5 1043 1187 1050
2331 2 2 2 5 1059 1144 1044
2332 2 2 2 5 1177 1189 1045
2333 2 2 2 5 1047 1170 1046
2334 2 2 2 5 1047 1171 1170
2335 2 2 2 5 1047 1254 1171
2336 2 2 2 5 1253 1254 1047
2337 2 2 2 5 1048 1050 1049
2338 2 2 2 5 1050 1147 1049
2339 2 2 2 5 1147 1195 1049
2340 2 2 2 5 1049 1195 1167
2341 2 2 2 5 1052 1054 1051
2342 2 2 2 5 1051 1054 1053
2343 2 2 2 5 1052 1274 1054
2344 2 2 2 5 1168 1169 1052
2345 2 2 2 5 1169 1274 1052
2346 2 2 2 5 1054 1272 1053
2347 2 2 2 5 1053 1107 1105
2348 2 2 2 5 1053 1272 1107
2349 2 2 2 5 1227 1272 1054
2350 2 2 2 5 1054 1274 1227
2351 2 2 2 5 1055 1058 1056
2352 2 2 2 5 1055 1185 1058
2353 2 2 2 5 1056 1058 1057
2354 2 2 2 5 1058 1197 1057
2355 2 2 2 5 1070 1137 1057
2356 2 2 2 5 1057 1197 1070
2357 2 2 2 5 1185 1186 1058
2358 2 2 2 5 1186 1197 1058
2359 2 2 2 5 1060 1063 1061
2360 2 2 2 5 1062 1063 1060
2361 2 2 2 5 1063 1271 1061
2362 2 2 2 5 1061 1169 1168
2363 2 2 2 5 1061 1271 1169
2364 2 2 2 5 1062 1263 1063
2365 2 2 2 5 1141 1245 1062
2366 2 2 2 5 1245 1263 1062
2367 2 2 2 5 1063 1263 1229
2368 2 2 2 5 1065 1066 1064
2369 2 2 2 5 1065 1071 1066
2370 2 2 2 5 1065 1072 1071
2371 2 2 2 5 1065 1099 1072
2372 2 2 2 5 1066 1166 1067
2373 2 2 2 5 1071 1166 1066
2374 2 2 2 5 1067 1119 1068
2375 2 2 2 5 1068 1119 1069
2376 2 2 2 5 1069 1137 1070
2377 2 2 2 5 1070 1197 1154
2378 2 2 2 5 1072 1149 1071
2379 2 2 2 5 1072 1100 1094
2380 2 2 2 5 1094 1149 1072
2381 2 2 2 5 1099 1100 1072
2382 2 2 2 5 1073 1172 1144
2383 2 2 2 5 1077 1078 1076
2384 2 2 2 5 1078 1118 1076
2385 2 2 2 5 1077 1079 1078
2386 2 2 2 5 1079 1081 1078
2387 2 2 2 5 1080 1246 1079
2388 2 2 2 5 1079 1246 1081
2389 2 2 2 5 1245 1246 1080
2390 2 2 2 5 1080 1301 1245
2391 2 2 2 5 1269 1301 1080
2392 2 2 2 5 1083 1158 1082
2393 2 2 2 5 1082 1158 1117
2394 2 2 2 5 1084 1085 1083
2395 2 2 2 5 1085 1086 1083
2396 2 2 2 5 1086 1158 1083
2397 2 2 2 5 1084 1087 1085
2398 2 2 2 5 1084 1208 1087
2399 2 2 2 5 1150 1208 1084
2400 2 2 2 5 1085 1285 1086
2401 2 2 2 5 1086 1159 1158
2402 2 2 2 5 1086 1160 1159
2403 2 2 2 5 1086 1285 1160
2404 2 2 2 5 1089 1240 1088
2405 2 2 2 5 1089 1242 1241
2406 2 2 2 5 1091 1165 1090
2407 2 2 2 5 1091 1293 1165
2408 2 2 2 5 1224 1293 1091
2409 2 2 2 5 1091 1298 1224
2410 2 2 2 5 1143 1155 1092
2411 2 2 2 5 1094 1183 1093
2412 2 2 2 5 1093 1183 1155
2413 2 2 2 5 1100 1183 1094
2414 2 2 2 5 1096 1098 1095
2415 2 2 2 5 1095 1098 1097
2416 2 2 2 5 1096 1279 1098
2417 2 2 2 5 1161 1193 1096
2418 2 2 2 5 1193 1279 1096
2419 2 2 2 5 1098 1290 1097
2420 2 2 2 5 1097 1208 1150
2421 2 2 2 5 1097 1290 1208
2422 2 2 2 5 1220 1290 1098
2423 2 2 2 5 1153 1183 1100
2424 2 2 2 5 1121 1199 1102
2425 2 2 2 5 1105 1107 1106
2426 2 2 2 5 1107 1108 1106
2427 2 2 2 5 1108 1109 1106
2428 2 2 2 5 1109 1110 1106
2429 2 2 2 5 1107 1302 1108
2430 2 2 2 5 1272 1302 1107
2431 2 2 2 5 1108 1300 1109
2432 2 2 2 5 1244 1264 1108
2433 2 2 2 5 1108 1302 1244
2434 2 2 2 5 1264 1300 1108
2435 2 2 2 5 1109 1217 1110
2436 2 2 2 5 1109 1266 1217
2437 2 2 2 5 1109 1300 1266
2438 2 2 2 5 1247 1249 1112
2439 2 2 2 5 1112 1270 1247
2440 2 2 2 5 1114 1115 1113
2441 2 2 2 5 1115 1276 1113
2442 2 2 2 5 1114 1266 1115
2443 2 2 2 5 1116 1217 1114
2444 2 2 2 5 1217 1266 1114
2445 2 2 2 5 1125 1238 1124
2446 2 2 2 5 1125 1240 1239
2447 2 2 2 5 1127 1128 1126
2448 2 2 2 5 1128 1201 1126
2449 2 2 2 5 1127 1129 1128
2450 2 2 2 5 1127 1130 1129
2451 2 2 2 5 1127 1131 1130
2452 2 2 2 5 1200 1201 1128
2453 2 2 2 5 1131 1202 1130
2454 2 2 2 5 1130 1202 1194
2455 2 2 2 5 1133 1134 1132
2456 2 2 2 5 1134 1195 1132
2457 2 2 2 5 1133 1135 1134
2458 2 2 2 5 1133 1136 1135
2459 2 2 2 5 1133 1173 1136
2460 2 2 2 5 1167 1195 1134
2461 2 2 2 5 1173 1174 1136
2462 2 2 2 5 1174 1192 1136
2463 2 2 2 5 1141 1246 1245
2464 2 2 2 5 1230 1268 1145
2465 2 2 2 5 1156 1188 1157
2466 2 2 2 5 1160 1285 1221
2467 2 2 2 5 1162 1193 1161
2468 2 2 2 5 1163 1164 1162
2469 2 2 2 5 1164 1280 1162
2470 2 2 2 5 1162 1280 1193
2471 2 2 2 5 1163 1165 1164
2472 2 2 2 5 1165 1293 1164
2473 2 2 2 5 1219 1280 1164
2474 2 2 2 5 1169 1271 1228
2475 2 2 2 5 1228 1274 1169
2476 2 2 2 5 1171 1176 1175
2477 2 2 2 5 1171 1254 1176
2478 2 2 2 5 1174 1202 1192
2479 2 2 2 5 1194 1202 1174
2480 2 2 2 5 1176 1258 1175
2481 2 2 2 5 1213 1252 1176
2482 2 2 2 5 1176 1254 1213
2483 2 2 2 5 1252 1258 1176
2484 2 2 2 5 1178 1179 1177
2485 2 2 2 5 1178 1180 1179
2486 2 2 2 5 1178 1181 1180
2487 2 2 2 5 1178 1182 1181
2488 2 2 2 5 1180 1289 1179
2489 2 2 2 5 1181 1265 1180
2490 2 2 2 5 1265 1289 1180
2491 2 2 2 5 1190 1260 1191
2492 2 2 2 5 1257 1261 1191
2493 2 2 2 5 1225 1279 1193
2494 2 2 2 5 1209 1243 1242
2495 2 2 2 5 1209 1286 1243
2496 2 2 2 5 1212 1250 1249
2497 2 2 2 5 1214 1253 1251
2498 2 2 2 5 1245 1301 1263
$EndElements
