$MeshFormat
2.2 0 8
$EndMeshFormat
$PhysicalNames
2
2 1 "EXTERIOR"
2 2 "INTERFACE"
$EndPhysicalNames
$Nodes
1366
1 5.3300000000000000e+02 0.0000000000000000e+00 3.8100000000000000e+02
2 5.3300000000000000e+02 2.8750000000000000e+02 3.8100000000000000e+02
3 0.0000000000000000e+00 2.8750000000000000e+02 3.8100000000000000e+02
4 5.3300000000000000e+02 0.0000000000000000e+00 -4.0000000000000000e+02
5 0.0000000000000000e+00 0.0000000000000000e+00 -4.0000000000000000e+02
6 0.0000000000000000e+00 2.8750000000000000e+02 -4.0000000000000000e+02
7 5.3300000000000000e+02 2.8750000000000000e+02 -4.0000000000000000e+02
8 0.0000000000000000e+00 2.6950000000000000e+02 3.8100000000000000e+02
9 4.9700000000000000e+02 2.6950000000000000e+02 3.8100000000000000e+02
10 4.9700000000000000e+02 8.5602144608568602e-14 3.8100000000000000e+02
11 0.0000000000000000e+00 0.0000000000000000e+00 3.8100000000000000e+02
12 5.3300000000000000e+02 2.6321921938656669e+02 3.8100000000000000e+02
13 5.3300000000000000e+02 2.3929024098782679e+02 3.8100000000000000e+02
14 5.3300000000000000e+02 2.1536124035941950e+02 3.8100000000000000e+02
15 5.3300000000000000e+02 1.9143226533513399e+02 3.8100000000000000e+02
16 5.3300000000000000e+02 1.6750336115792490e+02 3.8100000000000000e+02
17 5.3300000000000000e+02 1.4357443228554089e+02 3.8099999999999989e+02
18 5.3300000000000000e+02 1.1964544439181290e+02 3.8099999999999989e+02
19 5.3300000000000000e+02 9.5716445440210265e+01 3.8099999999999989e+02
20 5.3300000000000000e+02 7.1787483546390405e+01 3.8099999999999989e+02
21 5.3300000000000000e+02 4.7858589033905218e+01 3.8099999999999989e+02
22 5.3300000000000000e+02 2.3929642141501350e+01 3.8099999999999989e+02
23 1.9617566881877458e+01 2.8750000000000000e+02 3.8100000000000000e+02
24 3.9225500802187263e+01 2.8750000000000000e+02 3.8100000000000000e+02
25 5.8833305683212913e+01 2.8750000000000000e+02 3.8100000000000000e+02
26 7.8440916696645914e+01 2.8750000000000000e+02 3.8100000000000000e+02
27 9.8048269170979992e+01 2.8750000000000000e+02 3.8100000000000000e+02
28 1.1765545521589570e+02 2.8750000000000000e+02 3.8100000000000000e+02
29 1.3726290499147370e+02 2.8750000000000000e+02 3.8100000000000000e+02
30 1.5687059080946449e+02 2.8750000000000000e+02 3.8100000000000000e+02
31 1.7647844808981051e+02 2.8750000000000000e+02 3.8100000000000000e+02
32 1.9608641170389410e+02 2.8750000000000000e+02 3.8100000000000000e+02
33 2.1569441646773740e+02 2.8750000000000000e+02 3.8100000000000000e+02
34 2.3530239724594119e+02 2.8750000000000000e+02 3.8100000000000000e+02
35 2.5491028870602250e+02 2.8750000000000000e+02 3.8100000000000000e+02
36 2.7451802588241799e+02 2.8750000000000000e+02 3.8100000000000000e+02
37 2.9412554402699311e+02 2.8750000000000000e+02 3.8100000000000000e+02
38 3.1373278009700653e+02 2.8750000000000000e+02 3.8100000000000000e+02
39 3.3334005397475778e+02 2.8750000000000000e+02 3.8100000000000000e+02
40 3.5294760322055328e+02 2.8750000000000000e+02 3.8100000000000000e+02
41 3.7255536337425212e+02 2.8750000000000000e+02 3.8100000000000000e+02
42 3.9216326975303889e+02 2.8750000000000000e+02 3.8100000000000000e+02
43 4.1177125711532028e+02 2.8750000000000000e+02 3.8100000000000000e+02
44 4.3137926029143421e+02 2.8750000000000000e+02 3.8100000000000000e+02
45 4.5098721412469149e+02 2.8750000000000000e+02 3.8100000000000000e+02
46 4.7059505329024961e+02 2.8750000000000000e+02 3.8100000000000000e+02
47 4.9020271295431218e+02 2.8750000000000000e+02 3.8100000000000000e+02
48 5.1030098347102319e+02 2.8750000000000000e+02 3.8100000000000000e+02
49 4.8858333333333331e+02 0.0000000000000000e+00 -4.0000000000000000e+02
50 4.4416666666666652e+02 0.0000000000000000e+00 -4.0000000000000000e+02
51 3.9974999999999989e+02 0.0000000000000000e+00 -4.0000000000000000e+02
52 3.5533333333333331e+02 0.0000000000000000e+00 -4.0000000000000000e+02
53 3.1091666666666652e+02 0.0000000000000000e+00 -4.0000000000000000e+02
54 2.6649999999999960e+02 0.0000000000000000e+00 -4.0000000000000000e+02
55 2.2208333333333269e+02 0.0000000000000000e+00 -4.0000000000000000e+02
56 1.7766666666666589e+02 0.0000000000000000e+00 -4.0000000000000000e+02
57 1.3324999999999920e+02 0.0000000000000000e+00 -4.0000000000000000e+02
58 8.8833333333332831e+01 0.0000000000000000e+00 -4.0000000000000000e+02
59 4.4416666666666423e+01 0.0000000000000000e+00 -4.0000000000000000e+02
60 0.0000000000000000e+00 2.3958333333333329e+02 -4.0000000000000000e+02
61 0.0000000000000000e+00 1.9166666666666660e+02 -4.0000000000000000e+02
62 0.0000000000000000e+00 1.4374999999999969e+02 -4.0000000000000011e+02
63 0.0000000000000000e+00 9.5833333333332831e+01 -4.0000000000000011e+02
64 0.0000000000000000e+00 4.7916666666666430e+01 -4.0000000000000011e+02
65 4.8858333333333331e+02 2.8750000000000000e+02 -4.0000000000000000e+02
66 4.4416666666666652e+02 2.8750000000000000e+02 -4.0000000000000000e+02
67 3.9974999999999989e+02 2.8750000000000000e+02 -4.0000000000000000e+02
68 3.5533333333333331e+02 2.8750000000000000e+02 -4.0000000000000000e+02
69 3.1091666666666652e+02 2.8750000000000000e+02 -4.0000000000000000e+02
70 2.6649999999999960e+02 2.8750000000000000e+02 -4.0000000000000000e+02
71 2.2208333333333269e+02 2.8750000000000000e+02 -4.0000000000000000e+02
72 1.7766666666666589e+02 2.8750000000000000e+02 -4.0000000000000000e+02
73 1.3324999999999929e+02 2.8750000000000000e+02 -4.0000000000000000e+02
74 8.8833333333332803e+01 2.8750000000000000e+02 -4.0000000000000000e+02
75 4.4416666666666401e+01 2.8750000000000000e+02 -4.0000000000000000e+02
76 5.3300000000000000e+02 2.3958333333333329e+02 -4.0000000000000000e+02
77 5.3300000000000000e+02 1.9166666666666660e+02 -4.0000000000000000e+02
78 5.3300000000000000e+02 1.4374999999999969e+02 -4.0000000000000011e+02
79 5.3300000000000000e+02 9.5833333333332831e+01 -4.0000000000000011e+02
80 5.3300000000000000e+02 4.7916666666666430e+01 -4.0000000000000011e+02
81 5.3300000000000000e+02 0.0000000000000000e+00 3.5690544049884272e+02
82 5.3300000000000000e+02 0.0000000000000000e+00 3.2984893375540389e+02
83 5.3300000000000000e+02 0.0000000000000000e+00 2.9759516783426591e+02
84 5.3300000000000000e+02 0.0000000000000000e+00 2.5823285019462458e+02
85 5.3300000000000000e+02 0.0000000000000000e+00 2.1182049077016501e+02
86 5.3300000000000000e+02 0.0000000000000000e+00 1.6475737609553710e+02
87 5.3300000000000000e+02 0.0000000000000000e+00 1.1769426142090920e+02
88 5.3300000000000000e+02 0.0000000000000000e+00 7.0631146746281274e+01
89 5.3300000000000000e+02 0.0000000000000000e+00 2.3568032071653079e+01
90 5.3300000000000000e+02 0.0000000000000000e+00 -2.3495082602975121e+01
91 5.3300000000000000e+02 0.0000000000000000e+00 -7.0558197277603341e+01
92 5.3300000000000000e+02 0.0000000000000000e+00 -1.1762131195223159e+02
93 5.3300000000000000e+02 0.0000000000000000e+00 -1.6468442662685990e+02
94 5.3300000000000000e+02 0.0000000000000000e+00 -2.1174754130148810e+02
95 5.3300000000000000e+02 0.0000000000000000e+00 -2.5881065597611638e+02
96 5.3300000000000000e+02 0.0000000000000000e+00 -3.0587377065074458e+02
97 5.3300000000000000e+02 0.0000000000000000e+00 -3.5293688532537237e+02
98 5.3300000000000000e+02 2.8750000000000000e+02 3.5589620732697290e+02
99 5.3300000000000000e+02 2.8750000000000000e+02 3.2793229699659679e+02
100 5.3300000000000000e+02 2.8750000000000000e+02 2.9484245499891858e+02
101 5.3300000000000000e+02 2.8750000000000000e+02 2.5465805290207919e+02
102 5.3300000000000000e+02 2.8750000000000011e+02 2.0817968620026190e+02
103 5.3300000000000000e+02 2.8750000000000011e+02 1.6139663341562650e+02
104 5.3300000000000000e+02 2.8750000000000011e+02 1.1461358063099119e+02
105 5.3300000000000000e+02 2.8750000000000011e+02 6.7830527846355835e+01
106 5.3300000000000000e+02 2.8750000000000011e+02 2.1047475061720149e+01
107 5.3300000000000000e+02 2.8750000000000011e+02 -2.5735577722915480e+01
108 5.3300000000000000e+02 2.8750000000000011e+02 -7.2518630507551222e+01
109 5.3300000000000000e+02 2.8750000000000011e+02 -1.1930168329218689e+02
110 5.3300000000000000e+02 2.8750000000000011e+02 -1.6608473607682271e+02
111 5.3300000000000000e+02 2.8750000000000011e+02 -2.1286778886145831e+02
112 5.3300000000000000e+02 2.8750000000000023e+02 -2.5965084164609402e+02
113 5.3300000000000000e+02 2.8750000000000023e+02 -3.0643389443072971e+02
114 5.3300000000000000e+02 2.8750000000000023e+02 -3.5321694721536488e+02
115 0.0000000000000000e+00 2.8750000000000000e+02 -3.5205329841921701e+02
116 0.0000000000000000e+00 2.8750000000000000e+02 -3.0410659683843397e+02
117 0.0000000000000000e+00 2.8749999999999989e+02 -2.5615989525765087e+02
118 0.0000000000000000e+00 2.8749999999999989e+02 -2.0821319367686789e+02
119 0.0000000000000000e+00 2.8749999999999989e+02 -1.6026649209608499e+02
120 0.0000000000000000e+00 2.8749999999999989e+02 -1.1231979051530210e+02
121 0.0000000000000000e+00 2.8749999999999989e+02 -6.4373088934519330e+01
122 0.0000000000000000e+00 2.8749999999999989e+02 -1.6426387353736459e+01
123 0.0000000000000000e+00 2.8749999999999989e+02 3.1520314227046750e+01
124 0.0000000000000000e+00 2.8749999999999989e+02 7.9467015807829966e+01
125 0.0000000000000000e+00 2.8749999999999989e+02 1.2741371738861309e+02
126 0.0000000000000000e+00 2.8749999999999989e+02 1.7536041896939639e+02
127 0.0000000000000000e+00 2.8749999999999989e+02 2.2330712055017949e+02
128 0.0000000000000000e+00 2.8749999999999977e+02 2.6887413239765692e+02
129 0.0000000000000000e+00 2.8749999999999977e+02 3.0590485571323069e+02
130 0.0000000000000000e+00 2.8749999999999977e+02 3.3577149018811372e+02
131 0.0000000000000000e+00 2.8749999999999977e+02 3.6014241253144598e+02
132 1.5531250000000000e+01 2.6950000000000000e+02 3.8100000000000000e+02
133 3.1062500000000000e+01 2.6950000000000000e+02 3.8100000000000000e+02
134 4.6593750000000000e+01 2.6950000000000000e+02 3.8100000000000000e+02
135 6.2125000000000000e+01 2.6950000000000000e+02 3.8100000000000000e+02
136 7.7656250000000000e+01 2.6950000000000000e+02 3.8100000000000000e+02
137 9.3187500000000000e+01 2.6950000000000000e+02 3.8100000000000000e+02
138 1.0871875000000000e+02 2.6950000000000000e+02 3.8100000000000000e+02
139 1.2425000000000000e+02 2.6950000000000000e+02 3.8100000000000000e+02
140 1.3978125000000000e+02 2.6950000000000000e+02 3.8100000000000000e+02
141 1.5531250000000000e+02 2.6950000000000000e+02 3.8100000000000000e+02
142 1.7084375000000000e+02 2.6950000000000000e+02 3.8100000000000000e+02
143 1.8637500000000000e+02 2.6950000000000000e+02 3.8100000000000000e+02
144 2.0190625000000000e+02 2.6950000000000000e+02 3.8100000000000000e+02
145 2.1743750000000000e+02 2.6950000000000000e+02 3.8100000000000000e+02
146 2.3296875000000000e+02 2.6950000000000000e+02 3.8100000000000000e+02
147 2.4850000000000000e+02 2.6950000000000000e+02 3.8100000000000000e+02
148 2.6403125000000000e+02 2.6950000000000000e+02 3.8100000000000000e+02
149 2.7956250000000000e+02 2.6950000000000000e+02 3.8100000000000000e+02
150 2.9509375000000000e+02 2.6950000000000000e+02 3.8100000000000000e+02
151 3.1062500000000000e+02 2.6950000000000000e+02 3.8100000000000000e+02
152 3.2615625000000000e+02 2.6950000000000000e+02 3.8100000000000000e+02
153 3.4168750000000000e+02 2.6950000000000000e+02 3.8100000000000000e+02
154 3.5721875000000000e+02 2.6950000000000000e+02 3.8100000000000000e+02
155 3.7275000000000000e+02 2.6950000000000000e+02 3.8100000000000000e+02
156 3.8828125000000000e+02 2.6950000000000000e+02 3.8100000000000000e+02
157 4.0381250000000000e+02 2.6950000000000000e+02 3.8100000000000000e+02
158 4.1934375000000000e+02 2.6950000000000000e+02 3.8100000000000000e+02
159 4.3487500000000000e+02 2.6950000000000000e+02 3.8100000000000000e+02
160 4.5040625000000000e+02 2.6950000000000000e+02 3.8100000000000000e+02
161 4.6593750000000000e+02 2.6950000000000000e+02 3.8100000000000000e+02
162 4.8146875000000000e+02 2.6950000000000000e+02 3.8100000000000000e+02
163 4.9700000000000000e+02 2.5364705882352939e+02 3.8100000000000000e+02
164 4.9700000000000000e+02 2.3779411764705881e+02 3.8100000000000000e+02
165 4.9700000000000000e+02 2.2194117647058820e+02 3.8100000000000000e+02
166 4.9700000000000000e+02 2.0608823529411771e+02 3.8100000000000000e+02
167 4.9700000000000000e+02 1.9023529411764710e+02 3.8100000000000000e+02
168 4.9700000000000000e+02 1.7438235294117649e+02 3.8100000000000000e+02
169 4.9700000000000000e+02 1.5852941176470591e+02 3.8100000000000000e+02
170 4.9700000000000000e+02 1.4267647058823530e+02 3.8100000000000000e+02
171 4.9700000000000000e+02 1.2682352941176470e+02 3.8100000000000000e+02
172 4.9700000000000000e+02 1.1097058823529420e+02 3.8100000000000000e+02
173 4.9700000000000000e+02 9.5117647058823593e+01 3.8100000000000000e+02
174 4.9700000000000000e+02 7.9264705882353013e+01 3.8100000000000000e+02
175 4.9700000000000000e+02 6.3411764705882433e+01 3.8100000000000000e+02
176 4.9700000000000000e+02 4.7558823529411818e+01 3.8100000000000000e+02
177 4.9700000000000000e+02 3.1705882352941249e+01 3.8100000000000000e+02
178 4.9700000000000000e+02 1.5852941176470670e+01 3.8099999999999989e+02
179 5.1322638946209588e+02 0.0000000000000000e+00 3.8100000000000000e+02
180 0.0000000000000000e+00 2.5364705882352939e+02 3.8100000000000000e+02
181 0.0000000000000000e+00 2.3779411764705881e+02 3.8100000000000000e+02
182 0.0000000000000000e+00 2.2194117647058820e+02 3.8100000000000000e+02
183 0.0000000000000000e+00 2.0608823529411771e+02 3.8100000000000000e+02
184 0.0000000000000000e+00 1.9023529411764710e+02 3.8100000000000000e+02
185 0.0000000000000000e+00 1.7438235294117649e+02 3.8100000000000000e+02
186 0.0000000000000000e+00 1.5852941176470591e+02 3.8099999999999989e+02
187 0.0000000000000000e+00 1.4267647058823530e+02 3.8099999999999989e+02
188 0.0000000000000000e+00 1.2682352941176470e+02 3.8099999999999989e+02
189 0.0000000000000000e+00 1.1097058823529410e+02 3.8099999999999989e+02
190 0.0000000000000000e+00 9.5117647058823536e+01 3.8099999999999989e+02
191 0.0000000000000000e+00 7.9264705882352928e+01 3.8099999999999989e+02
192 0.0000000000000000e+00 6.3411764705882348e+01 3.8099999999999989e+02
193 0.0000000000000000e+00 4.7558823529411768e+01 3.8099999999999989e+02
194 0.0000000000000000e+00 3.1705882352941160e+01 3.8099999999999989e+02
195 0.0000000000000000e+00 1.5852941176470610e+01 3.8099999999999989e+02
196 1.5531250000000000e+01 0.0000000000000000e+00 3.8100000000000000e+02
197 3.1062500000000000e+01 0.0000000000000000e+00 3.8100000000000000e+02
198 4.6593750000000000e+01 0.0000000000000000e+00 3.8100000000000000e+02
199 6.2125000000000000e+01 0.0000000000000000e+00 3.8100000000000000e+02
200 7.7656250000000000e+01 0.0000000000000000e+00 3.8100000000000000e+02
201 9.3187500000000000e+01 0.0000000000000000e+00 3.8100000000000000e+02
202 1.0871875000000000e+02 0.0000000000000000e+00 3.8100000000000000e+02
203 1.2425000000000000e+02 0.0000000000000000e+00 3.8100000000000000e+02
204 1.3978125000000000e+02 0.0000000000000000e+00 3.8100000000000000e+02
205 1.5531250000000000e+02 0.0000000000000000e+00 3.8100000000000000e+02
206 1.7084375000000000e+02 0.0000000000000000e+00 3.8100000000000000e+02
207 1.8637500000000000e+02 0.0000000000000000e+00 3.8100000000000000e+02
208 2.0190625000000000e+02 0.0000000000000000e+00 3.8100000000000000e+02
209 2.1743750000000000e+02 0.0000000000000000e+00 3.8100000000000000e+02
210 2.3296875000000000e+02 0.0000000000000000e+00 3.8100000000000000e+02
211 2.4850000000000000e+02 0.0000000000000000e+00 3.8100000000000000e+02
212 2.6403125000000000e+02 0.0000000000000000e+00 3.8100000000000000e+02
213 2.7956250000000000e+02 0.0000000000000000e+00 3.8100000000000000e+02
214 2.9509375000000000e+02 0.0000000000000000e+00 3.8100000000000000e+02
215 3.1062500000000000e+02 0.0000000000000000e+00 3.8100000000000000e+02
216 3.2615625000000000e+02 0.0000000000000000e+00 3.8100000000000000e+02
217 3.4168750000000000e+02 0.0000000000000000e+00 3.8100000000000000e+02
218 3.5721875000000000e+02 0.0000000000000000e+00 3.8100000000000000e+02
219 3.7275000000000000e+02 0.0000000000000000e+00 3.8100000000000000e+02
220 3.8828125000000000e+02 0.0000000000000000e+00 3.8100000000000000e+02
221 4.0381250000000000e+02 0.0000000000000000e+00 3.8100000000000000e+02
222 4.1934375000000000e+02 0.0000000000000000e+00 3.8100000000000000e+02
223 4.3487500000000000e+02 0.0000000000000000e+00 3.8100000000000000e+02
224 4.5040625000000000e+02 0.0000000000000000e+00 3.8100000000000000e+02
225 4.6593750000000000e+02 0.0000000000000000e+00 3.8100000000000000e+02
226 4.8146875000000000e+02 0.0000000000000000e+00 3.8100000000000000e+02
227 5.1536050472728789e+02 2.2986764705882351e+02 3.8100000000000000e+02
228 5.1528344797772559e+02 1.8230882352941180e+02 3.8100000000000000e+02
229 5.1520891207188799e+02 1.3475000000000011e+02 3.8099999999999989e+02
230 5.1513682326414221e+02 8.7191176470588204e+01 3.8099999999999989e+02
231 5.1506725033704367e+02 3.9632352941176663e+01 3.8099999999999989e+02
232 5.1194468604268189e+02 2.6160543786008321e+02 3.8100000000000000e+02
233 5.1396707597126931e+02 5.6931208175147390e+01 3.8099999999999989e+02
234 5.1397940806351210e+02 1.0458972673670981e+02 3.8099999999999989e+02
235 5.1399245172755809e+02 1.5224825969155810e+02 3.8099999999999989e+02
236 5.1334383350431244e+02 1.7006755600046461e+01 3.8099999999999989e+02
237 5.1400617493408186e+02 1.9990676075301380e+02 3.8100000000000000e+02
238 5.1455086512832827e+02 2.4757062029398139e+02 3.8100000000000000e+02
239 5.1127333593227388e+02 2.1463301198719259e+02 3.8100000000000000e+02
240 5.1125517994105672e+02 1.6699444181695540e+02 3.8100000000000000e+02
241 5.1123766402707997e+02 1.1935585775511630e+02 3.8099999999999989e+02
242 5.1122077984708233e+02 7.1717267756072289e+01 3.8099999999999989e+02
243 5.1836380756924689e+02 2.7445790042238588e+02 3.8100000000000000e+02
244 2.2530858280601399e+02 2.7873897306595961e+02 3.8100000000000000e+02
245 1.4737540103588179e+02 2.7871132337186532e+02 3.8100000000000000e+02
246 3.0285937500000000e+02 2.7894374643956758e+02 3.8100000000000000e+02
247 6.9890625000000000e+01 2.7885562656825289e+02 3.8100000000000000e+02
248 4.4264062500000000e+02 2.7876001717710540e+02 3.8100000000000000e+02
249 3.8051562500000000e+02 2.7858502315304798e+02 3.8100000000000000e+02
250 8.2868388879946906e+00 2.7850000000000000e+02 3.8100000000000000e+02
251 3.6498437500000000e+02 2.7841708148117880e+02 3.8100000000000000e+02
252 4.5817187500000000e+02 2.7825873389590458e+02 3.8100000000000000e+02
253 8.5421875000000000e+01 2.7817857908868172e+02 3.8100000000000000e+02
254 5.0514255574160211e+02 8.2149241941293099e+00 3.8099999999999989e+02
255 2.8732812500000000e+02 2.7810833260521957e+02 3.8100000000000000e+02
256 1.4987968023142540e+02 1.3849563282188029e+02 -4.0000000000000011e+02
257 3.7187688083416373e+02 1.4161685704469690e+02 -4.0000000000000011e+02
258 2.6649999999999949e+02 1.1476283212560411e+02 -4.0000000000000011e+02
259 2.8926357980036749e+02 2.0211300004935629e+02 -4.0000000000000000e+02
260 4.4262711371983380e+02 8.4364463217841802e+01 -4.0000000000000011e+02
261 8.3303613750979395e+01 9.2919162448549827e+01 -4.0000000000000011e+02
262 4.5049482914468831e+02 2.0426063341023911e+02 -4.0000000000000000e+02
263 9.0428777131667871e+01 2.0311369727843379e+02 -4.0000000000000000e+02
264 2.0091365210302240e+02 2.0921146460236051e+02 -4.0000000000000000e+02
265 3.2696430595014402e+02 7.8448722762281363e+01 -4.0000000000000011e+02
266 1.8966997738827769e+02 7.3422235710665831e+01 -4.0000000000000011e+02
267 3.7554609028331618e+02 2.1790620450726450e+02 -4.0000000000000000e+02
268 1.4965113970524459e+02 2.1882273904095300e+02 -4.0000000000000000e+02
269 3.9508911034977439e+02 6.0153831326150232e+01 -4.0000000000000011e+02
270 1.4374526170777270e+02 6.4221864290151984e+01 -4.0000000000000011e+02
271 2.1936908435360201e+02 1.5282149841156831e+02 -4.0000000000000011e+02
272 6.1587212567153507e+01 1.4375000000000000e+02 -4.0000000000000011e+02
273 4.7141278743284659e+02 1.4375000000000000e+02 -4.0000000000000011e+02
274 3.1718824588402668e+02 1.4776869594501119e+02 -4.0000000000000011e+02
275 2.4981406891747719e+02 6.2909827682115179e+01 -4.0000000000000011e+02
276 2.4429166666666609e+02 2.3938392867809091e+02 -4.0000000000000000e+02
277 3.3271942025381611e+02 2.4163436212606121e+02 -4.0000000000000000e+02
278 4.7608009613872798e+02 4.7883480615460513e+01 -4.0000000000000011e+02
279 5.8091463525776767e+01 4.7827307371314276e+01 -4.0000000000000011e+02
280 4.8153373548898600e+02 2.3642083654892099e+02 -4.0000000000000000e+02
281 5.6960815233019417e+01 2.3961377974973021e+02 -4.0000000000000000e+02
282 4.1783202677703059e+02 2.4477005246783031e+02 -4.0000000000000000e+02
283 4.2038896729999863e+02 1.5846526879509321e+02 -4.0000000000000011e+02
284 1.0852277295024300e+02 1.3161661251485941e+02 -4.0000000000000011e+02
285 2.4473790549563529e+02 1.9191262529029009e+02 -4.0000000000000000e+02
286 3.4324609229845078e+02 1.8942993129427779e+02 -4.0000000000000000e+02
287 2.9138341947731732e+02 4.0582172870881692e+01 -4.0000000000000011e+02
288 1.1243039978943270e+02 2.4941181242841961e+02 -4.0000000000000000e+02
289 4.3154259737500053e+02 3.8480355031890532e+01 -4.0000000000000011e+02
290 1.1245694501175970e+02 4.7084670592365633e+01 -4.0000000000000011e+02
291 4.0561062894460389e+02 1.0821997445407050e+02 -4.0000000000000011e+02
292 1.2691795161059410e+02 1.7285090115074610e+02 -4.0000000000000000e+02
293 4.8656976767699899e+02 1.0161195918622209e+02 -4.0000000000000011e+02
294 4.4689555612334303e+01 1.0193122593346480e+02 -4.0000000000000011e+02
295 4.9040247980813899e+02 1.8652586192170909e+02 -4.0000000000000000e+02
296 4.6444061212036573e+01 1.8588452950827300e+02 -4.0000000000000000e+02
297 1.6087017882407039e+02 9.9674076313236640e+01 -4.0000000000000011e+02
298 2.6928056836960559e+02 1.6098049957194851e+02 -4.0000000000000011e+02
299 1.9401961807241219e+02 2.5090442668002581e+02 -4.0000000000000000e+02
300 2.8782582466120692e+02 2.5102633295532141e+02 -4.0000000000000000e+02
301 3.4038655440070431e+02 1.1326266610903900e+02 -4.0000000000000011e+02
302 2.0460524360782739e+02 3.2258019594629189e+01 -4.0000000000000011e+02
303 2.2279547144945781e+02 1.0604620115274700e+02 -4.0000000000000011e+02
304 3.5586436907780990e+02 4.0751087517748459e+01 -4.0000000000000011e+02
305 3.7754166666666657e+02 2.5559069350022980e+02 -4.0000000000000000e+02
306 1.7255928909863681e+02 1.6975280797688160e+02 -4.0000000000000000e+02
307 3.0727439305946649e+02 1.0613706878652580e+02 -4.0000000000000011e+02
308 3.8466777692263310e+02 1.8345822817926171e+02 -4.0000000000000000e+02
309 1.2590694227511290e+02 9.6066750757101090e+01 -4.0000000000000011e+02
310 1.8862422658793261e+02 1.2631461183378160e+02 -4.0000000000000011e+02
311 1.5399064155720279e+02 2.5914004216459989e+02 -4.0000000000000000e+02
312 1.5545833333333249e+02 2.7562406962124442e+01 -4.0000000000000011e+02
313 3.6993583888203767e+02 8.8891962853070424e+01 -4.0000000000000011e+02
314 8.8206830050136205e+01 1.6636583802549620e+02 -4.0000000000000000e+02
315 4.4122648256037098e+02 1.2382743713691970e+02 -4.0000000000000011e+02
316 2.4613848552418381e+02 2.6685187204898970e+01 -4.0000000000000011e+02
317 2.8751455793276011e+02 7.9389354029827842e+01 -4.0000000000000011e+02
318 4.1137162801833591e+02 2.0692069201625949e+02 -4.0000000000000000e+02
319 4.5349042242299419e+02 2.5511325262947571e+02 -4.0000000000000000e+02
320 2.2973322991069860e+01 2.6104863145996791e+02 -4.0000000000000000e+02
321 2.3032186396565351e+01 2.6448301438878559e+01 -4.0000000000000011e+02
322 5.1031273233598142e+02 2.6088240159736853e+02 -4.0000000000000000e+02
323 5.1002880692207810e+02 2.6451225910148079e+01 -4.0000000000000011e+02
324 5.0864189388721383e+02 2.1562499999999989e+02 -4.0000000000000000e+02
325 2.4596947682558820e+01 2.1769038633475481e+02 -4.0000000000000000e+02
326 2.4567533172903889e+01 6.9822825632218439e+01 -4.0000000000000011e+02
327 5.0840601307201922e+02 6.9809280805488612e+01 -4.0000000000000011e+02
328 5.3300000000000000e+02 1.3044227510789801e+02 2.4982824651970529e+02
329 5.3300000000000000e+02 2.0813758329432440e+02 2.9405324714388871e+02
330 5.3300000000000000e+02 1.4455637971084059e+02 -2.3647233633590901e+02
331 5.3300000000000000e+02 1.4293790218251669e+02 -5.1135341992882672e+01
332 5.3300000000000000e+02 1.4364167248353459e+02 1.0604441500839670e+02
333 5.3300000000000000e+02 6.5608156351273919e+01 3.1372205079483479e+02
334 5.3300000000000000e+02 1.3326369605527469e+02 3.1224035530213348e+02
335 5.3300000000000000e+02 1.8712336770686710e+02 -1.4269320968450481e+02
336 5.3300000000000000e+02 9.6129952650093145e+01 -1.4170082723052039e+02
337 5.3300000000000000e+02 1.9318230923669441e+02 1.8554768614028990e+02
338 5.3300000000000000e+02 1.9393376540669701e+02 2.6884506402102321e+01
339 5.3300000000000000e+02 9.4836926321088555e+01 2.8450636217348741e+01
340 5.3300000000000000e+02 2.0626851163633580e+02 -3.1193933908435832e+02
341 5.3300000000000000e+02 8.7803325727472412e+01 -3.1341609410097311e+02
342 5.3300000000000000e+02 9.0911978200083212e+01 1.7331627058928069e+02
343 5.3300000000000000e+02 6.5382256555349926e+01 2.4745834772056261e+02
344 5.3300000000000000e+02 2.4266491132557670e+02 3.3222046308926991e+02
345 5.3300000000000000e+02 1.8436148930442360e+02 3.3556565223432932e+02
346 5.3300000000000000e+02 3.5894115587703340e+01 3.4518721192121171e+02
347 5.3300000000000000e+02 2.1198474184342200e+02 -2.3247003999909401e+02
348 5.3300000000000000e+02 2.1260574717231620e+02 -5.1761416925994467e+01
349 5.3300000000000000e+02 7.3823320310388596e+01 -4.9881819575133697e+01
350 5.3300000000000000e+02 7.2533583110358649e+01 -2.3266915311345610e+02
351 5.3300000000000000e+02 7.0721705805983248e+01 9.8317148041226176e+01
352 5.3300000000000000e+02 2.1628227841829849e+02 9.8385375050799553e+01
353 5.3300000000000000e+02 2.2176840033753459e+02 2.3586181268055529e+02
354 5.3300000000000000e+02 1.0705028104031960e+02 3.4505429788613628e+02
355 5.3300000000000000e+02 2.4419612480364839e+02 2.9207146293010578e+02
356 5.3300000000000000e+02 1.4187606110080031e+02 -3.3850440399436559e+02
357 5.3300000000000000e+02 9.9738898306755971e+01 2.8285229098634778e+02
358 5.3300000000000000e+02 1.3884240371823640e+02 -1.7912635916257011e+02
359 5.3300000000000000e+02 1.4181243832713631e+02 -1.0799424945317119e+02
360 5.3300000000000000e+02 7.2454350526071408e+01 3.4689655035224092e+02
361 5.3300000000000000e+02 2.2591708843311110e+02 -1.9032984527234001e+02
362 5.3300000000000000e+02 2.2613708407992769e+02 -9.4832923860897722e+01
363 5.3300000000000000e+02 1.4668892868622379e+02 3.4684927085419059e+02
364 5.3300000000000000e+02 1.3977397200504109e+02 1.9971242734436629e+02
365 5.3300000000000000e+02 2.0965017264033560e+02 3.4554119453233028e+02
366 5.3300000000000000e+02 4.8039694254014762e+01 -9.3301306551096332e+01
367 5.3300000000000000e+02 4.7685427673194248e+01 -1.8925076326286370e+02
368 5.3300000000000000e+02 1.5842319108830660e+02 2.8345215095118073e+02
369 5.3300000000000000e+02 1.4385250258760581e+02 6.4774407202128259e+00
370 5.3300000000000000e+02 3.8402858484454697e+01 2.8010324500309412e+02
371 5.3300000000000000e+02 3.0254630975031770e+01 3.2013451633596259e+02
372 5.3300000000000000e+02 2.3811721896728179e+02 1.4019658354874639e+02
373 5.3300000000000000e+02 2.3469292996621650e+02 -3.4706069470164431e+02
374 5.3300000000000000e+02 5.2846774568126392e+01 -3.4705607123896863e+02
375 5.3300000000000000e+02 2.3732201578839039e+02 -6.0322350259048108e+00
376 5.3300000000000000e+02 5.0210180748595633e+01 -4.5470244047982646e+00
377 5.3300000000000000e+02 2.5492116445198769e+02 3.5279520890175098e+02
378 5.3300000000000000e+02 4.6373722206349022e+01 -2.7891764325022200e+02
379 5.3300000000000000e+02 2.4137256432760560e+02 -2.8304236803841178e+02
380 5.3300000000000000e+02 1.7231259774673620e+02 2.3705076148915941e+02
381 5.3300000000000000e+02 1.3750879591863151e+02 -2.8768563309660288e+02
382 5.3300000000000000e+02 4.8467111558988620e+01 1.4099365069133481e+02
383 5.3300000000000000e+02 5.0010568774500143e+01 5.4076178585232810e+01
384 5.3300000000000000e+02 2.4038152286964009e+02 5.1727840500494843e+01
385 5.3300000000000000e+02 1.5260697380784009e+02 5.5926481184664958e+01
386 5.3300000000000000e+02 1.8535611718361201e+02 1.2781306651910860e+02
387 5.3300000000000000e+02 1.8364654077771090e+02 -1.9935862502985771e+02
388 5.3300000000000000e+02 4.7764970818784548e+01 2.0198450605376809e+02
389 5.3300000000000000e+02 1.8525787977760680e+02 -8.6812445855279634e+01
390 5.3300000000000000e+02 1.0187987092137691e+02 -8.2542432898326979e+01
391 5.3300000000000000e+02 1.8193968845974990e+02 -2.6806467995706038e+02
392 5.3300000000000000e+02 2.4339912409033479e+02 1.9363920734177151e+02
393 5.3300000000000000e+02 1.8418265514652879e+02 -1.6744628364044789e+01
394 5.3300000000000000e+02 9.2624206611222149e+01 -1.9495303857028381e+02
395 5.3300000000000000e+02 1.0727169255623670e+02 7.3710823496364640e+01
396 5.3300000000000000e+02 9.9527248900965617e+01 2.1746230324121791e+02
397 5.3300000000000000e+02 1.0288498466180791e+02 3.1177053725168071e+02
398 5.3300000000000000e+02 1.0325651799026170e+02 1.2867255947312219e+02
399 5.3300000000000000e+02 9.9927555786348705e+01 -3.5728805523366123e+02
400 5.3300000000000000e+02 1.8523968015484840e+02 -3.5481938955971992e+02
401 5.3300000000000000e+02 1.0352288963685641e+02 -1.7205291979425571e+01
402 5.3300000000000000e+02 2.3186079278942961e+02 3.5972787633314169e+02
403 5.3300000000000000e+02 1.8157182791438569e+02 3.6047831045263263e+02
404 5.3300000000000000e+02 3.8371014915460478e+01 -1.4131172712471439e+02
405 5.3300000000000000e+02 2.6571252027199688e+02 3.1672427735210721e+02
406 5.3300000000000000e+02 2.5105679770341141e+02 -1.4268489282859011e+02
407 5.3300000000000000e+02 9.9367323652268254e+01 -2.6712627237302740e+02
408 5.3300000000000000e+02 1.4264315730570220e+02 1.5184468995920190e+02
409 5.3300000000000000e+02 1.5717993676366939e+02 3.2262209109229752e+02
410 5.3300000000000000e+02 1.2988223886376889e+02 3.6024347820300147e+02
411 5.3300000000000000e+02 5.3506466234267947e+01 3.5900722999157409e+02
412 5.3300000000000000e+02 2.1383272749792499e+02 3.2217104687136492e+02
413 5.3300000000000000e+02 2.9673945592537279e+01 2.3502667048239471e+02
414 5.3300000000000000e+02 2.5395620405104410e+02 9.4550781515477638e+01
415 5.3300000000000000e+02 2.0896847595550920e+01 3.6008182977613308e+02
416 5.3300000000000000e+02 9.1307969700631048e+01 3.5963503705616949e+02
417 5.3300000000000000e+02 1.2909326058958951e+02 2.8591336071944721e+02
418 5.3300000000000000e+02 3.3190767970306212e+01 9.5719684807453461e+01
419 5.3300000000000000e+02 1.8052945490671621e+02 9.0185303538537710e+01
420 5.3300000000000000e+02 2.5517436493697110e+02 -2.3323946921173791e+02
421 5.3300000000000000e+02 2.5358122187044339e+02 -5.5320951288058723e+01
422 5.3300000000000000e+02 3.4414639062599832e+01 -4.8356686082321403e+01
423 5.3300000000000000e+02 3.2666788963247058e+01 -2.3456485059739299e+02
424 5.3300000000000000e+02 1.8226853665488889e+02 3.0826188136735368e+02
425 5.3300000000000000e+02 6.9280177815336828e+01 2.8347899100817961e+02
426 5.3300000000000000e+02 1.5553889672173290e+02 3.6487375828093769e+02
427 5.3300000000000000e+02 1.2853733924403389e+02 3.3525129000163821e+02
428 5.3300000000000000e+02 1.9028543870494221e+02 2.6790224529885933e+02
429 5.3300000000000000e+02 2.5420772842979920e+02 2.5923245483646951e+02
430 5.3300000000000000e+02 2.2371905511404981e+02 2.6982424457797572e+02
431 5.3300000000000000e+02 5.2617782749879780e+01 3.3606494580899619e+02
432 5.3300000000000000e+02 2.0597525980774091e+02 3.6554947626362087e+02
433 5.3300000000000000e+02 1.4810157124028649e+02 -1.4267908392298719e+02
434 5.3300000000000000e+02 1.0913445221263130e+02 3.6546605862373377e+02
435 5.3300000000000000e+02 3.4395063691853103e+01 -3.1623534707367298e+02
436 5.3300000000000000e+02 1.0911188980162611e+02 -2.2491190567418039e+02
437 5.3300000000000000e+02 2.5332603685436419e+02 -3.1664722417790102e+02
438 5.3300000000000000e+02 1.7409118831657171e+01 3.4243158645751078e+02
439 5.3300000000000000e+02 2.0476023264029610e+02 6.2757179929718177e+01
440 5.3300000000000000e+02 1.8124604606974211e+02 -5.1613458284550397e+01
441 5.3300000000000000e+02 1.0554099576278470e+02 -5.0191221611442238e+01
442 5.3300000000000000e+02 9.7339337343995822e+01 2.5173616603692480e+02
443 5.3300000000000000e+02 2.5830660006184797e+02 2.2740267304239771e+02
444 5.3300000000000000e+02 2.7041951650779401e+02 3.6393099901232239e+02
445 5.3300000000000000e+02 3.7065497900894293e+01 3.6572096831556388e+02
446 5.3300000000000000e+02 2.8818544446396061e+01 -3.7152008517627002e+02
447 5.3300000000000000e+02 2.5573308399910630e+02 -3.7339023044182647e+02
448 5.3300000000000000e+02 2.7463742090342868e+02 3.4191425216178499e+02
449 5.3300000000000000e+02 1.6506821587808710e+02 3.4607781658287752e+02
450 5.3300000000000000e+02 8.9476016346849008e+01 3.3450640556769258e+02
451 5.3300000000000000e+02 2.1562499999999989e+02 -3.7551767776372338e+02
452 5.3300000000000000e+02 7.1874999999999602e+01 -3.7552947731435250e+02
453 5.3300000000000000e+02 1.6834713152831509e+02 -3.1177723834857181e+02
454 5.3300000000000000e+02 2.6349522731435047e+02 -9.5910156899869094e+01
455 5.3300000000000000e+02 2.6349546882479018e+02 -1.8947626246914041e+02
456 5.3300000000000000e+02 2.5125473018719680e+02 3.6823647445402042e+02
457 5.3300000000000000e+02 1.8053183769793080e+02 -2.3409142033048030e+02
458 2.6658080369830628e+02 2.8750000000000000e+02 1.1609162788210060e+02
459 2.7820585461760010e+02 2.8750000000000011e+02 -1.4015282178067500e+02
460 3.7022593254315450e+02 2.8749999999999989e+02 2.3259880797218739e+02
461 1.4866215054810581e+02 2.8749999999999989e+02 2.2844364133775721e+02
462 2.6433938156782608e+02 2.8749999999999989e+02 2.6571653322733880e+02
463 1.6638588476165771e+02 2.8750000000000000e+02 -1.8001036213325978e+01
464 3.6885597926884509e+02 2.8750000000000000e+02 -3.0256871583004399e+00
465 1.5671143035938380e+02 2.8750000000000011e+02 -2.4882861668989759e+02
466 3.8067791098879951e+02 2.8750000000000011e+02 -2.5418554897406150e+02
467 4.6120717367414511e+02 2.8749999999999989e+02 3.0833897393515900e+02
468 6.9122564797739130e+01 2.8749999999999989e+02 3.1004452756075148e+02
469 3.4359553959097110e+02 2.8749999999999989e+02 2.9962716952432260e+02
470 2.0620311128625289e+02 2.8749999999999989e+02 3.0196971127435552e+02
471 1.2861164745295579e+02 2.8750000000000000e+02 1.0568966450834110e+02
472 4.0703969183245431e+02 2.8750000000000000e+02 -1.2960015947985119e+02
473 4.0950913529640991e+02 2.8750000000000000e+02 1.0859444738599259e+02
474 2.8432178495470549e+02 2.8749999999999989e+02 3.1982183871873889e+02
475 1.3062278063985789e+02 2.8750000000000000e+02 -1.2175969663191439e+02
476 1.2745918010368470e+02 2.8749999999999989e+02 3.2222742214447578e+02
477 4.0276273556688858e+02 2.8749999999999989e+02 3.2288989689507213e+02
478 2.6545785711551099e+02 2.8750000000000011e+02 -2.8366588198757728e+02
479 2.7264477466172139e+02 2.8750000000000000e+02 1.5507554516371860e+01
480 9.0808813559333885e+01 2.8750000000000011e+02 -3.0795723501710438e+02
481 4.6103425758650161e+02 2.8749999999999989e+02 2.3730982305033760e+02
482 4.4427514132242641e+02 2.8750000000000011e+02 -3.1114995761101250e+02
483 2.4602476662657909e+02 2.8749999999999989e+02 3.4381568986334082e+02
484 3.6408752516375728e+02 2.8749999999999989e+02 3.4243540963938631e+02
485 1.6566019847420449e+02 2.8749999999999989e+02 3.4357870876791958e+02
486 4.4970598491963398e+02 2.8750000000000000e+02 -5.6024218244442963e+01
487 8.2445934034749826e+01 2.8750000000000000e+02 2.1836444070969289e+01
488 2.2358939381672411e+02 2.8749999999999989e+02 1.9264936310589471e+02
489 3.0186777623829329e+02 2.8749999999999989e+02 1.9590899716494721e+02
490 2.0457404597323190e+02 2.8750000000000000e+02 -9.7346629651890822e+01
491 3.2353641703588221e+02 2.8749999999999989e+02 3.4284883802683191e+02
492 4.5191843407854333e+02 2.8750000000000011e+02 -2.1186589433476991e+02
493 7.4222444512524618e+01 2.8749999999999989e+02 2.3904175539697860e+02
494 3.3431610951563920e+02 2.8750000000000000e+02 7.0132270769453726e+01
495 4.5007056082785408e+02 2.8750000000000000e+02 3.4939501583628761e+01
496 3.0271617444453591e+02 2.8750000000000000e+02 -6.2977425278624523e+01
497 1.9380624261442500e+02 2.8750000000000000e+02 6.0372493005559477e+01
498 1.8694323446322269e+02 2.8750000000000011e+02 -3.2055441413516269e+02
499 7.7624181267913116e+01 2.8750000000000011e+02 -2.1395770706292109e+02
500 3.4105257771546218e+02 2.8750000000000011e+02 -3.3072725200579868e+02
501 8.2142081842762707e+01 2.8750000000000000e+02 -5.6563161980658727e+01
502 2.2933876499815389e+02 2.8750000000000011e+02 -2.0989745139963571e+02
503 4.8292212994576289e+02 2.8749999999999989e+02 3.4422498132419418e+02
504 4.3924299488557853e+02 2.8749999999999989e+02 3.4604714853381978e+02
505 3.4890940338654212e+02 2.8750000000000011e+02 -1.7779472696015421e+02
506 7.3814585894238348e+01 2.8749999999999989e+02 1.6097177750598510e+02
507 3.9451903871993977e+01 2.8749999999999989e+02 3.4011743583393832e+02
508 8.6679388754311901e+01 2.8749999999999989e+02 3.4230268004476608e+02
509 2.0589041408581571e+02 2.8749999999999989e+02 3.4458749189049371e+02
510 4.5829257427686281e+02 2.8749999999999989e+02 1.6104059073141241e+02
511 1.6683399529183370e+02 2.8749999999999989e+02 2.9580872884655219e+02
512 4.2250119890057118e+02 2.8749999999999989e+02 2.7057763294380209e+02
513 1.9350088875279619e+02 2.8749999999999989e+02 2.4030993726102540e+02
514 1.6839626493133099e+02 2.8750000000000011e+02 -1.7843212084345419e+02
515 3.2601432219380212e+02 2.8749999999999989e+02 2.3856237840767810e+02
516 1.5547889314276691e+02 2.8749999999999989e+02 1.6708148544501441e+02
517 2.9806384607326783e+02 2.8750000000000011e+02 -2.2571625258740559e+02
518 3.7053201546251910e+02 2.8749999999999989e+02 1.6318661032183081e+02
519 4.7151132981606457e+02 2.8750000000000011e+02 -1.4269320968450481e+02
520 1.0450658623670620e+02 2.8749999999999989e+02 2.7749648948856441e+02
521 3.7863968584747482e+02 2.8750000000000000e+02 -7.2849981306811088e+01
522 6.5093537990041739e+01 2.8750000000000000e+02 8.6725338836961413e+01
523 2.8390512753535700e+02 2.8749999999999989e+02 3.4696672951974188e+02
524 2.4221063165565070e+02 2.8750000000000000e+02 -5.4521770632604643e+01
525 4.7171020332800509e+02 2.8750000000000000e+02 8.6833282710901756e+01
526 4.0176321349865572e+02 2.8749999999999989e+02 3.4783987615493589e+02
527 1.2774231890989860e+02 2.8749999999999989e+02 3.4785457548363547e+02
528 2.0026347125055241e+02 2.8750000000000000e+02 1.1770313728103970e+02
529 4.7745837082267123e+01 2.8750000000000000e+02 -1.3518404755731561e+02
530 2.4812269852063119e+02 2.8750000000000011e+02 -3.4199290045705629e+02
531 4.9193416635197548e+02 2.8749999999999989e+02 2.7475025395049869e+02
532 3.9384079790760723e+02 2.8750000000000011e+02 -3.3401031325805809e+02
533 5.0490994701272109e+02 2.8749999999999989e+02 3.0770503859677609e+02
534 1.3495620111779610e+02 2.8750000000000000e+02 -6.6198729539224189e+01
535 4.6564602207749562e+02 2.8750000000000011e+02 -2.5819514049382190e+02
536 3.3131974888405432e+02 2.8750000000000000e+02 -1.2725435809916370e+02
537 3.9968891261840628e+02 2.8750000000000000e+02 3.9455499358165532e+01
538 3.5920105020067922e+01 2.8749999999999989e+02 2.8865680010097373e+02
539 3.3531847858597138e+02 2.8749999999999989e+02 1.2626603594849190e+02
540 1.3485039454715289e+02 2.8750000000000011e+02 -3.3350226512789777e+02
541 5.9359071524193752e+01 2.8750000000000011e+02 -2.5886046160969761e+02
542 1.4337922456681039e+02 2.8750000000000000e+02 3.3181041454196908e+01
543 2.4384444080890469e+02 2.8749999999999989e+02 2.9739346450888002e+02
544 2.1019680443051979e+02 2.8750000000000011e+02 -2.6448088075063578e+02
545 2.2027776432468059e+02 2.8750000000000011e+02 -1.5284082358163130e+02
546 3.8294613328058540e+02 2.8749999999999989e+02 2.8351400785110877e+02
547 5.0553559658403248e+02 2.8749999999999989e+02 3.5387690814054127e+02
548 3.4299813550092011e+02 2.8749999999999989e+02 3.5767935017565770e+02
549 4.6079113370747052e+02 2.8749999999999989e+02 3.5821690251162067e+02
550 3.2665262215942738e+02 2.8750000000000011e+02 -2.7038966794050430e+02
551 6.4478935382401914e+01 2.8749999999999989e+02 3.5156188718294652e+02
552 5.3177797252675759e+01 2.8750000000000011e+02 -3.4733728559544682e+02
553 3.1754404605995882e+02 2.8750000000000000e+02 1.7943423438082910e+01
554 2.8048651642648622e+02 2.8750000000000000e+02 6.4092445801631655e+01
555 1.8639071175276450e+02 2.8749999999999989e+02 3.5855019485535621e+02
556 2.2549840685683930e+02 2.8749999999999989e+02 3.5883418413626993e+02
557 2.0918965318066591e+02 2.8750000000000000e+02 8.1585076914863741e+00
558 4.8248364417792237e+02 2.8750000000000000e+02 -5.2806131504851672e+00
559 4.7554059377734842e+02 2.8750000000000011e+02 -3.5145108304048171e+02
560 4.9110940724627483e+02 2.8750000000000000e+02 -9.8950337161292524e+01
561 3.0551442998382299e+02 2.8749999999999989e+02 2.8198713076349600e+02
562 3.9551103473656502e+02 2.8750000000000011e+02 -2.0300290631432259e+02
563 4.1756050345494998e+02 2.8749999999999989e+02 1.8429267720822560e+02
564 5.4495230000901813e+01 2.8750000000000000e+02 -1.4506489874938721e+01
565 2.6267046616535032e+02 2.8749999999999989e+02 2.0473632667218550e+02
566 2.3458056578074999e+01 2.8749999999999989e+02 3.5773340663714743e+02
567 1.0779494635051800e+02 2.8749999999999989e+02 2.0130513072234459e+02
568 1.1364966451486480e+02 2.8750000000000000e+02 -1.7447564184793581e+01
569 4.2533581022277423e+02 2.8750000000000000e+02 -5.7021148520816443e+00
570 2.5186732273717939e+02 2.8750000000000000e+02 -9.8614652595356219e+01
571 2.6521007525741811e+02 2.8749999999999989e+02 3.6031083515885780e+02
572 3.0392916206199982e+02 2.8749999999999989e+02 3.6126090752456861e+02
573 3.8277401896203548e+02 2.8749999999999989e+02 3.6018649638949779e+02
574 1.4665212363921140e+02 2.8749999999999989e+02 3.6047861308447040e+02
575 4.2976427389279593e+01 2.8749999999999989e+02 1.9933376975978800e+02
576 4.2102382107949637e+02 2.8749999999999989e+02 3.6114690328708690e+02
577 4.3721662784622310e+01 2.8750000000000000e+02 -8.8346439724910738e+01
578 1.3752136401800431e+02 2.8750000000000011e+02 -2.9233061215113361e+02
579 1.0786772120127600e+02 2.8749999999999989e+02 3.6140674881632452e+02
580 2.9221947904339561e+02 2.8750000000000011e+02 -3.5914232533881801e+02
581 1.0217759063481181e+02 2.8749999999999989e+02 3.1136851755013822e+02
582 4.3239191067693281e+02 2.8749999999999989e+02 3.1356114795029521e+02
583 4.2466520094589703e+02 2.8750000000000011e+02 -2.6616981026487019e+02
584 1.0870788549642791e+02 2.8750000000000011e+02 -2.5465901186695251e+02
585 2.2662385460247179e+01 2.8749999999999989e+02 3.2079120274009728e+02
586 4.9039168477071217e+02 2.8750000000000011e+02 -1.8352107404544950e+02
587 3.1684668563882690e+02 2.8749999999999989e+02 3.1829372190109200e+02
588 2.6309664378957098e+02 2.8749999999999989e+02 1.6568742787017749e+02
589 1.6879955596016470e+02 2.8750000000000000e+02 -1.3338721320288639e+02
590 4.8504974578241593e+02 2.8749999999999989e+02 3.6451736670038082e+02
591 3.4686885345588223e+01 2.8749999999999989e+02 2.4799600170079870e+02
592 4.0607220999388908e+01 2.8750000000000011e+02 -1.8423984288647651e+02
593 4.5087324843684570e+01 2.8750000000000000e+02 5.0347683313778901e+01
594 1.3022245224973869e+02 2.8750000000000011e+02 -2.0601943867096091e+02
595 4.1023071844117351e+02 2.8750000000000000e+02 -8.7122634287303271e+01
596 4.2251914439011921e+02 2.8750000000000011e+02 -3.6154103037788940e+02
597 3.2353641703588221e+02 2.8749999999999989e+02 3.6382684670080363e+02
598 4.4082727121497089e+02 2.8749999999999989e+02 3.6501925770116651e+02
599 4.8876881211555531e+02 2.8749999999999989e+02 1.9577136548660641e+02
600 3.7056978335604259e+02 2.8750000000000011e+02 -2.9799496263922771e+02
601 3.6359672280318517e+02 2.8750000000000000e+02 1.0438092095077810e+02
602 1.9495929627924500e+02 2.8750000000000000e+02 -4.8165144579938612e+01
603 6.9871066398730477e+01 2.8749999999999989e+02 2.7810624968556931e+02
604 2.0576098883064191e+02 2.8750000000000011e+02 -3.6841859895641511e+02
605 4.9619412364853667e+02 2.8750000000000000e+02 4.9432038048465792e+01
606 3.4210868134482268e+02 2.8750000000000011e+02 -2.1942067371147260e+02
607 4.5548093713763421e+01 2.8750000000000011e+02 -3.0236585780035631e+02
608 4.6221331883715322e+01 2.8749999999999989e+02 1.2724943499302620e+02
609 4.8823544863358109e+02 2.8750000000000011e+02 -3.0122667112310643e+02
610 1.0570518663990610e+02 2.8750000000000011e+02 -3.5917323598310378e+02
611 4.9014135584633443e+01 2.8749999999999989e+02 3.6339249710689643e+02
612 2.6742811046073382e+02 2.8749999999999989e+02 3.3626985702534938e+02
613 2.6829982685341918e+02 2.8750000000000011e+02 -1.8708121042947829e+02
614 4.5752723874380519e+02 2.8749999999999989e+02 2.7842746729257289e+02
615 1.1038523992079659e+02 2.8749999999999989e+02 3.3703198880786812e+02
616 1.0199595659153189e+02 2.8750000000000000e+02 6.8802248532431307e+01
617 3.7440694575509872e+02 2.8749999999999989e+02 3.1263244380804821e+02
618 8.7458020887242753e+01 2.8750000000000000e+02 -1.0298238356965130e+02
619 4.9713557171272652e+02 2.8750000000000000e+02 -5.0440762912225253e+01
620 1.6882660494945591e+02 2.8750000000000000e+02 9.5432533708741204e+01
621 1.8759190470513161e+02 2.8749999999999989e+02 3.2653373689860678e+02
622 5.0069073190851128e+02 2.8749999999999989e+02 2.3474053874658870e+02
623 3.2798674105173029e+02 2.8750000000000000e+02 -3.3930979500387352e+01
624 4.1943693514151039e+02 2.8749999999999989e+02 3.3829699456424203e+02
625 2.0589041408581571e+02 2.8749999999999989e+02 3.6411360095792048e+02
626 2.3712178631348200e+02 2.8750000000000000e+02 8.6671189751151459e+01
627 3.5374603900841572e+02 2.8749999999999989e+02 2.6555381173322399e+02
628 2.2308588266475789e+02 2.8749999999999989e+02 3.2573285579264251e+02
629 8.6091938579447969e+01 2.8749999999999989e+02 3.6428677356647182e+02
630 1.7733960248464501e+02 2.8749999999999989e+02 2.0102659070328559e+02
631 2.2304721345841631e+02 2.8749999999999989e+02 2.6998850913145492e+02
632 1.2148272648371019e+02 2.8749999999999989e+02 1.5510992358729879e+02
633 4.3462995706423919e+02 2.8750000000000011e+02 -1.6369304282397891e+02
634 4.9383059100392808e+02 2.8749999999999989e+02 1.3192419682514719e+02
635 3.4895111413705092e+02 2.8749999999999989e+02 1.9984643605134610e+02
636 1.8929027225151199e+02 2.8749999999999989e+02 2.7648389521394171e+02
637 3.0250783544535432e+02 2.8749999999999989e+02 3.3783840713819473e+02
638 9.1823695966874567e+01 2.8750000000000011e+02 -1.6248189928046020e+02
639 1.8564625485121860e+02 2.8750000000000011e+02 -2.1638124444382629e+02
640 2.8111093803844102e+02 2.8750000000000000e+02 -2.9114893525454431e+01
641 4.0065186702298257e+02 2.8750000000000000e+02 -4.4309259985430167e+01
642 1.3464423236155511e+02 2.8749999999999989e+02 2.9836456929679781e+02
643 4.3147840846675717e+02 2.8750000000000000e+02 7.6970057471331955e+01
644 2.5696176408132840e+02 2.8750000000000011e+02 -2.4209913192909099e+02
645 2.9496185911568239e+02 2.8750000000000000e+02 -9.9207998557185306e+01
646 3.3541274468510483e+02 2.8750000000000011e+02 -3.7250088114048032e+02
647 3.4260941368919049e+02 2.8749999999999989e+02 3.2671299666577852e+02
648 3.8599308121505919e+02 2.8749999999999989e+02 3.3677759478309099e+02
649 3.6782612264560152e+02 2.8750000000000011e+02 -1.4417202075551899e+02
650 2.4538918693855999e+02 2.8749999999999989e+02 3.6499214183169369e+02
651 3.6307252924430372e+02 2.8749999999999989e+02 3.6446025124090829e+02
652 1.6740035647577969e+02 2.8749999999999989e+02 3.6456310482225530e+02
653 1.4483724743034301e+02 2.8749999999999989e+02 3.3837805068802612e+02
654 4.1492841513327238e+02 2.8749999999999989e+02 1.4551098975533179e+02
655 2.2768014863247120e+02 2.8750000000000011e+02 -3.0267351933260812e+02
656 3.0743095791347400e+02 2.8750000000000011e+02 -1.7334752303587860e+02
657 2.9368834090397098e+02 2.8750000000000011e+02 -3.1330635886619177e+02
658 4.1768797459711021e+02 2.8749999999999989e+02 2.2804159099795859e+02
659 3.5518094758299128e+01 2.8750000000000011e+02 -2.2428622009872279e+02
660 8.8386671309208111e+01 2.8749999999999989e+02 1.1865014504153540e+02
661 4.4571518359166851e+02 2.8750000000000000e+02 -1.1168187042355160e+02
662 2.3907635281391919e+02 2.8750000000000000e+02 3.7846167833690139e+01
663 2.7774500665243141e+02 2.8749999999999989e+02 2.9207384047692608e+02
664 1.1371623820411619e+02 2.8749999999999989e+02 2.4144671726767510e+02
665 3.6748828547513739e+01 2.8750000000000000e+02 -4.9207615393610723e+01
666 4.5935232837374951e+02 2.8749999999999989e+02 3.3178428146947238e+02
667 1.7367689097666550e+02 2.8750000000000011e+02 -2.8206878134838871e+02
668 4.9479122818535018e+02 2.8750000000000011e+02 -2.2522014787631869e+02
669 5.1050625486949292e+02 2.8749999999999989e+02 3.3162982247001031e+02
670 6.0163434977470978e+01 2.8749999999999989e+02 3.3281413774268327e+02
671 1.3464722638922430e+02 2.8750000000000011e+02 -1.6371110366086850e+02
672 1.5450445972779221e+02 2.8749999999999989e+02 3.2081520277372971e+02
673 3.6184808127466380e+02 2.8750000000000000e+02 4.1224568871199111e+01
674 4.0709897809402992e+02 2.8749999999999989e+02 2.9826988395948302e+02
675 4.5464078825503833e+01 2.8749999999999989e+02 3.1848482079568879e+02
676 3.0132377367349250e+02 2.8750000000000000e+02 1.0361345763491980e+02
677 1.5021562587757819e+02 2.8749999999999989e+02 2.6553532379142757e+02
678 2.8433758695283723e+02 2.8749999999999989e+02 3.6610769444063368e+02
679 1.9189981097295669e+02 2.8749999999999989e+02 1.5869352120233449e+02
680 2.9820028340378082e+02 2.8749999999999989e+02 1.4880542987665430e+02
681 1.5981850085350689e+02 2.8749999999999989e+02 1.3223991853463340e+02
682 4.0571717906287222e+02 2.8750000000000011e+02 -2.9621444548459061e+02
683 4.2199971412330098e+02 2.8750000000000011e+02 -2.3403339020671359e+02
684 3.7754166666666657e+02 2.8750000000000011e+02 -3.7263482835778461e+02
685 3.4099050024902787e+01 2.8749999999999989e+02 1.6132996928738231e+02
686 4.0189911608170939e+02 2.8749999999999989e+02 3.6623465516630398e+02
687 1.5615236097835160e+02 2.8750000000000011e+02 -3.6947753635634899e+02
688 4.4800496776818852e+02 2.8749999999999989e+02 1.2127752285874280e+02
689 2.4046739660911280e+02 2.8749999999999989e+02 2.3585183921620859e+02
690 1.7819025128088981e+02 2.8750000000000000e+02 2.0927751484479199e+01
691 3.3097393356552311e+02 2.8749999999999989e+02 1.6680270187265410e+02
692 1.2743610479155110e+02 2.8749999999999989e+02 3.6634798747688609e+02
693 3.3922597262724571e+02 2.8750000000000000e+02 -7.8226961888577350e+01
694 3.9396958010590242e+02 2.8750000000000011e+02 -1.6462626351628180e+02
695 5.1700731316445524e+02 2.8749999999999989e+02 3.6738909580801470e+02
696 2.8712319340851968e+02 2.8749999999999989e+02 2.3584066390066809e+02
697 4.5054634048731981e+02 2.8749999999999989e+02 1.9864683856918981e+02
698 2.0374360306657019e+02 2.8750000000000011e+02 -1.8472070928463120e+02
699 6.8637111189929442e+01 2.8749999999999989e+02 3.6894225298734659e+02
700 5.0161927039124782e+02 2.8749999999999989e+02 3.6955667412978738e+02
701 2.4087890388558031e+02 2.8750000000000000e+02 -1.3055274724156630e+01
702 5.0670496837585608e+02 2.8750000000000011e+02 -1.4269320968450481e+02
703 1.4210065288610619e+02 2.8750000000000000e+02 7.2942585580880049e+01
704 3.7238032337966729e+02 2.8750000000000000e+02 -1.0653768596953761e+02
705 2.9035803566057842e+02 2.8750000000000011e+02 -2.6101568853053908e+02
706 4.8339307789635359e+02 2.8749999999999989e+02 3.2007366106641638e+02
707 4.8102687861718971e+02 2.8749999999999989e+02 2.9704526238813168e+02
708 5.0690033355743850e+02 2.8750000000000000e+02 9.1222054238673493e+01
709 2.3309825544459721e+02 2.8749999999999989e+02 1.3837427859209450e+02
710 1.8578697662238849e+01 2.8749999999999989e+02 3.3943615012552277e+02
711 2.7237701764236772e+02 2.8750000000000000e+02 -6.9383247832769399e+01
712 3.1146688662542662e+01 2.8750000000000000e+02 9.5652270781657165e+01
713 2.4564147956408149e+02 2.8750000000000011e+02 -3.7450364681605629e+02
714 1.6661546132981391e+02 2.8750000000000000e+02 -9.5163529329255439e+01
715 2.5707499869468541e+02 2.8749999999999989e+02 3.1918459106431288e+02
716 1.4234046612159989e+02 2.8749999999999989e+02 1.9489732289498369e+02
717 2.9451634292781900e+01 2.8750000000000000e+02 1.3082921334509511e+01
718 2.8414222920789339e+01 2.8750000000000011e+02 -3.7027766293759669e+02
719 3.9417987645815828e+02 2.8749999999999989e+02 2.5703337588055109e+02
720 5.0578594456942068e+02 2.8750000000000011e+02 -3.7006319368581779e+02
721 9.8087834409387256e+00 2.8749999999999989e+02 3.7057120626572288e+02
722 3.8033602714389241e+02 2.8749999999999989e+02 1.3020811105357029e+02
723 3.6307204916365572e+02 2.8750000000000000e+02 -4.6468573967901293e+01
724 3.8450402129154850e+02 2.8749999999999989e+02 1.9966579965140619e+02
725 5.0848560102775639e+02 2.8750000000000011e+02 -3.3155723493072441e+02
726 8.6268790002966142e+01 2.8749999999999989e+02 2.9475531773647549e+02
727 3.8340622832917688e+02 2.8750000000000000e+02 7.3459627467820169e+01
728 1.4746582483722631e+02 1.3536351271410371e+02 3.8099999999999989e+02
729 2.8732812500000000e+02 1.3475000000000000e+02 3.8099999999999989e+02
730 3.9034383556316538e+02 1.6232367236315969e+02 3.8100000000000000e+02
731 2.1743750000000000e+02 1.8399995561079541e+02 3.8100000000000000e+02
732 2.1613271075607000e+02 8.5355938400736534e+01 3.8099999999999989e+02
733 3.5559285897145588e+02 8.6296375947044709e+01 3.8099999999999989e+02
734 8.3585067629882701e+01 8.1172896810434054e+01 3.8099999999999989e+02
735 7.8305417740728444e+01 1.8664402215777801e+02 3.8100000000000000e+02
736 3.2564863720060168e+02 1.9122787622331171e+02 3.8100000000000000e+02
737 4.2644313011271697e+02 7.2722272358253008e+01 3.8099999999999989e+02
738 2.8696869368076688e+02 6.6431005927758122e+01 3.8099999999999989e+02
739 1.4860530649340379e+02 6.7212231289392577e+01 3.8099999999999989e+02
740 1.5058193819711610e+02 2.0493626046923899e+02 3.8100000000000000e+02
741 4.3481378032741623e+02 2.0751955654877980e+02 3.8100000000000000e+02
742 2.6886586908915871e+02 2.1132693150079760e+02 3.8100000000000000e+02
743 4.3782198999960332e+02 1.2891009079968731e+02 3.8099999999999989e+02
744 5.7348352006182438e+01 1.3475000000000011e+02 3.8099999999999989e+02
745 3.7942132507505312e+02 2.1752256340030189e+02 3.8100000000000000e+02
746 3.4185313844374940e+02 1.3765167194082591e+02 3.8099999999999989e+02
747 2.0038886699373350e+02 1.3397652649701891e+02 3.8099999999999989e+02
748 5.0708426729848718e+01 4.9781713263313577e+01 3.8099999999999989e+02
749 4.8323569959427800e+01 2.1963805217935581e+02 3.8100000000000000e+02
750 3.8501057935197002e+02 4.7308749642462601e+01 3.8099999999999989e+02
751 2.4468555513402001e+02 4.7006783253330411e+01 3.8099999999999989e+02
752 3.9261080533843591e+02 1.1537400325550850e+02 3.8099999999999989e+02
753 1.9108936026596760e+02 2.2310428209990411e+02 3.8100000000000000e+02
754 1.9084632461552951e+02 4.6297098095292313e+01 3.8099999999999989e+02
755 3.2992939955854371e+02 4.6679251168803013e+01 3.8099999999999989e+02
756 1.0141060815710451e+02 1.2513293097679710e+02 3.8099999999999989e+02
757 1.0954089274824210e+02 4.6689714979319632e+01 3.8099999999999989e+02
758 1.0903844863871031e+02 2.2293877312086221e+02 3.8100000000000000e+02
759 2.4196854536220749e+02 1.2358270765287030e+02 3.8099999999999989e+02
760 2.5871683392412638e+02 1.6836358927936519e+02 3.8100000000000000e+02
761 3.1474652430771317e+02 1.0152721970540640e+02 3.8099999999999989e+02
762 4.5258710724778427e+02 1.6957355508195101e+02 3.8100000000000000e+02
763 1.2183325677055200e+02 1.7112055154433889e+02 3.8100000000000000e+02
764 1.7825139164057330e+02 1.6992896261763229e+02 3.8100000000000000e+02
765 1.7671819294355291e+02 1.0114040187446059e+02 3.8099999999999989e+02
766 4.1242781739140071e+01 9.3086791943173466e+01 3.8099999999999989e+02
767 4.3522217044464362e+01 1.7449881919872740e+02 3.8100000000000000e+02
768 4.5566476373821200e+02 4.1451734851538838e+01 3.8099999999999989e+02
769 2.3169940859609781e+02 2.2832683104118070e+02 3.8100000000000000e+02
770 3.0468428904652438e+02 2.3138238306364690e+02 3.8100000000000000e+02
771 4.6182271288544382e+02 9.2260000328243848e+01 3.8099999999999989e+02
772 3.4453261990124003e+02 2.3071554943134649e+02 3.8100000000000000e+02
773 2.9899946877026781e+02 1.7403353930817659e+02 3.8100000000000000e+02
774 2.5655589385812698e+02 8.8897217777757760e+01 3.8099999999999989e+02
775 1.2941445511452540e+02 1.0100867913669219e+02 3.8099999999999989e+02
776 4.6048271736516472e+02 2.3308687912365420e+02 3.8100000000000000e+02
777 3.5231930206163872e+02 1.7293140658534219e+02 3.8100000000000000e+02
778 4.1157812500000000e+02 2.3452689325240701e+02 3.8100000000000000e+02
779 4.1960469238603702e+02 3.8185493944871610e+01 3.8099999999999989e+02
780 2.7726616838708298e+02 3.5805658698750896e+01 3.8099999999999989e+02
781 1.5876302775635699e+02 2.3521489217108751e+02 3.8100000000000000e+02
782 1.5876302775635739e+02 3.4285107828912572e+01 3.8099999999999989e+02
783 3.9304129407072861e+02 8.0868983745426078e+01 3.8099999999999989e+02
784 4.1689482694007080e+02 1.7606355044046680e+02 3.8100000000000000e+02
785 7.8027185324755237e+01 3.1545629046834851e+01 3.8099999999999989e+02
786 7.8027185324755180e+01 2.3795437095316521e+02 3.8100000000000000e+02
787 8.4012749136093703e+01 1.5245783577533979e+02 3.8099999999999989e+02
788 2.2871700241269650e+02 1.5172652338092689e+02 3.8099999999999989e+02
789 4.6196885407855882e+02 2.0258506698184721e+02 3.8100000000000000e+02
790 2.8400614198494742e+02 1.0406996976871640e+02 3.8099999999999989e+02
791 3.5736581189841547e+02 3.1731226842629980e+01 3.8099999999999989e+02
792 4.2103237566799618e+02 1.0395470414558859e+02 3.8099999999999989e+02
793 2.1785999548615010e+02 3.1155820682578391e+01 3.8099999999999989e+02
794 1.1210673881611760e+02 7.3124064046148391e+01 3.8099999999999989e+02
795 4.6642544202285512e+02 1.4049479968737921e+02 3.8099999999999989e+02
796 3.7350785108648449e+02 1.4009864426724721e+02 3.8099999999999989e+02
797 2.5953743653305992e+02 2.3974772025071289e+02 3.8100000000000000e+02
798 4.0776514492871621e+02 1.4015014958408250e+02 3.8099999999999989e+02
799 2.8809773270240211e+01 1.4637624785850741e+02 3.8099999999999989e+02
800 3.2721449161898050e+02 1.5990058870384439e+02 3.8099999999999989e+02
801 3.0582825552999913e+02 2.8781607010446290e+01 3.8099999999999989e+02
802 7.9138696870394085e+01 1.1616301352891510e+02 3.8099999999999989e+02
803 2.4614587141450639e+02 1.9798859271023829e+02 3.8100000000000000e+02
804 4.0748872759431072e+02 2.0187185300752000e+02 3.8100000000000000e+02
805 2.9759025068992571e+02 2.0019742917354139e+02 3.8100000000000000e+02
806 3.5377564525706867e+02 2.0340693654619810e+02 3.8100000000000000e+02
807 2.8446997944248039e+01 6.9566759203012310e+01 3.8099999999999989e+02
808 2.6776648879702979e+01 1.9973487862885710e+02 3.8100000000000000e+02
809 4.7126727244495697e+02 6.3197772634381352e+01 3.8099999999999989e+02
810 2.5914281686081271e+01 2.4395009803713080e+02 3.8100000000000000e+02
811 2.6519499287093542e+01 2.8879461958449379e+01 3.8099999999999989e+02
812 3.2921470425992572e+02 7.5484319097041805e+01 3.8099999999999989e+02
813 1.3144424769434329e+02 2.6168943125088219e+01 3.8099999999999989e+02
814 1.3144424769434269e+02 2.4333105687491189e+02 3.8100000000000000e+02
815 1.1722362849644320e+02 1.9792075617809780e+02 3.8100000000000000e+02
816 3.5599655090216078e+02 1.1442178530770660e+02 3.8099999999999989e+02
817 1.4884054455039299e+02 1.6172435892979701e+02 3.8100000000000000e+02
818 2.7077951961947349e+01 1.1889705882352941e+02 3.8099999999999989e+02
819 3.1345732372592391e+02 1.2934829201549809e+02 3.8099999999999989e+02
820 3.7008368726613759e+02 2.4178294594508480e+02 3.8100000000000000e+02
821 1.9175275600565391e+02 1.9353485005311350e+02 3.8100000000000000e+02
822 1.9314545715500779e+02 7.5293899525066706e+01 3.8099999999999989e+02
823 3.7878437327992208e+02 1.8814225967593660e+02 3.8100000000000000e+02
824 2.1713540933899009e+02 1.1789286108254110e+02 3.8099999999999989e+02
825 1.7133110223186020e+02 1.2730933067485380e+02 3.8099999999999989e+02
826 2.0916103234440601e+02 2.4287791867586211e+02 3.8100000000000000e+02
827 2.1797202600171011e+02 5.8706854539703947e+01 3.8099999999999989e+02
828 2.0106153228167651e+02 1.6076536271271101e+02 3.8099999999999989e+02
829 3.6053207818778708e+02 5.8430946826924838e+01 3.8099999999999989e+02
830 5.7899554497282111e+01 7.3463497750414859e+01 3.8099999999999989e+02
831 5.7899554497282217e+01 1.9603650224958511e+02 3.8100000000000000e+02
832 2.6008473766058330e+02 1.4220556409388459e+02 3.8099999999999989e+02
833 1.2071993476821710e+02 1.4247673948831010e+02 3.8099999999999989e+02
834 4.3586242081750800e+02 2.4176406326470041e+02 3.8100000000000000e+02
835 2.1372293964040131e+02 2.1027393320982640e+02 3.8100000000000000e+02
836 3.9604687500000000e+02 2.4304306286920561e+01 3.8099999999999989e+02
837 5.5198767909750927e+01 2.4556331075377369e+02 3.8100000000000000e+02
838 5.5198767909750870e+01 2.3936689246226191e+01 3.8099999999999989e+02
839 8.6116785769343494e+01 2.1209494853541781e+02 3.8100000000000000e+02
840 8.6116785769343949e+01 5.7405051464582357e+01 3.8099999999999989e+02
841 4.7190959020179361e+02 1.1558080923502941e+02 3.8099999999999989e+02
842 4.3168196981771030e+02 1.5357810905787929e+02 3.8099999999999989e+02
843 1.0219953192856950e+02 1.0047882297174390e+02 3.8099999999999989e+02
844 4.7119593369910541e+02 2.4017490618095220e+01 3.8099999999999989e+02
845 2.7591987778117488e+02 1.8688328562291011e+02 3.8100000000000000e+02
846 2.8402898131422671e+02 2.4487861849473040e+02 3.8100000000000000e+02
847 2.5267679053057009e+02 2.3463983003834130e+01 3.8099999999999989e+02
848 3.2543418079699842e+02 2.4431349595913949e+02 3.8100000000000000e+02
849 1.5321825547936649e+02 1.1010824139348280e+02 3.8099999999999989e+02
850 1.8136777398301189e+02 2.4571434895970839e+02 3.8100000000000000e+02
851 1.8120018411180669e+02 2.4093782830239888e+01 3.8099999999999989e+02
852 3.3346213492781987e+02 2.3451625739238121e+01 3.8099999999999989e+02
853 2.6318520609454652e+02 6.3476966898277482e+01 3.8099999999999989e+02
854 1.0230897124798480e+02 2.2862669010904028e+01 3.8099999999999989e+02
855 1.0230897124798450e+02 2.4663733098909631e+02 3.8100000000000000e+02
856 5.9865666174298383e+01 1.6086115061204171e+02 3.8099999999999989e+02
857 4.3929358171952327e+02 2.2451155810786641e+01 3.8099999999999989e+02
858 1.7162265041150130e+02 2.0904503444172391e+02 3.8100000000000000e+02
859 1.7171665738152419e+02 6.1375031200888117e+01 3.8099999999999989e+02
860 3.7672466742383472e+02 9.6637946286686287e+01 3.8099999999999989e+02
861 4.0704796385811812e+02 5.6554786936346353e+01 3.8099999999999989e+02
862 3.0604209444112041e+02 5.2519121723006293e+01 3.8099999999999989e+02
863 3.3323180199081378e+02 1.1655788309215950e+02 3.8099999999999989e+02
864 1.3189076685683719e+02 2.1797939923536219e+02 3.8100000000000000e+02
865 1.3105972389193889e+02 5.1786463903276058e+01 3.8099999999999989e+02
866 1.6951160534402629e+02 1.4917808277894270e+02 3.8099999999999989e+02
867 2.6543831923015972e+02 1.1868291686960070e+02 3.8099999999999989e+02
868 3.0475757195118751e+02 1.4984281655287259e+02 3.8099999999999989e+02
869 3.9237421256230192e+02 2.4698046638628529e+02 3.8100000000000000e+02
870 2.3787582116616019e+02 1.0054042587695621e+02 3.8099999999999989e+02
871 2.8068825123882908e+02 1.5746473633682450e+02 3.8099999999999989e+02
872 2.3968892862801451e+02 7.2617292665058699e+01 3.8099999999999989e+02
873 3.0548019228783909e+02 8.0716359526604947e+01 3.8099999999999989e+02
874 3.2469895608454362e+02 2.1835172994762061e+02 3.8100000000000000e+02
875 9.9257291262711647e+01 1.7106769443215211e+02 3.8100000000000000e+02
876 4.7472973332270863e+02 1.7807916199269340e+02 3.8100000000000000e+02
877 1.9892378565725269e+02 9.7024252925293496e+01 3.8099999999999989e+02
878 4.4661646308208361e+02 6.1955873513565820e+01 3.8099999999999989e+02
879 1.5897168008349141e+02 8.7072763329352085e+01 3.8099999999999989e+02
880 2.2301833041404219e+01 1.6474041594675691e+02 3.8100000000000000e+02
881 2.3777722911726300e+02 1.7327277763873280e+02 3.8100000000000000e+02
882 2.3970674013336969e+02 2.4517234783622430e+02 3.8100000000000000e+02
883 4.7742101971818022e+02 2.4741779373771749e+02 3.8100000000000000e+02
884 1.3915353604056071e+02 1.8243585879719251e+02 3.8100000000000000e+02
885 4.4267261929742358e+02 1.8443777354559720e+02 3.8100000000000000e+02
886 2.0757657731080030e+01 8.9949500680865128e+01 3.8099999999999989e+02
887 2.0989741006235359e+01 4.7720758101360730e+01 3.8099999999999989e+02
888 2.1809915091848321e+01 2.1963680984301519e+02 3.8100000000000000e+02
889 5.4594598765558089e+01 1.1295482462796110e+02 3.8099999999999989e+02
890 4.7626209177180232e+02 2.1824345522133001e+02 3.8100000000000000e+02
891 1.2738341397744470e+02 1.1729894862385410e+02 3.8099999999999989e+02
892 1.6064079815933141e+02 1.8616097541923520e+02 3.8100000000000000e+02
893 7.7834934400913482e+01 1.3323611608477080e+02 3.8099999999999989e+02
894 6.3688842449018132e+01 9.4022648760972004e+01 3.8099999999999989e+02
895 3.7536317574308322e+02 2.0142840215081780e+01 3.8099999999999989e+02
896 4.7585704946928348e+02 4.7722520348399463e+01 3.8099999999999989e+02
897 4.7693966743229657e+02 8.7757878084552402e+01 3.8099999999999989e+02
898 2.4723859826231691e+02 2.1475808910873559e+02 3.8100000000000000e+02
899 4.4141802937330880e+02 1.0775808098375821e+02 3.8099999999999989e+02
900 3.3812367103763069e+02 9.3354997267739236e+01 3.8099999999999989e+02
901 3.4910025203797761e+02 2.5297475156198999e+02 3.8100000000000000e+02
902 3.6961709829273838e+02 1.5854614976050379e+02 3.8099999999999989e+02
903 4.0229929545861518e+02 1.8095529255590020e+02 3.8100000000000000e+02
904 3.0121502349864812e+02 1.1291064860692489e+02 3.8099999999999989e+02
905 4.3756985643647721e+02 8.5414273524340359e+01 3.8099999999999989e+02
906 3.0238870035603611e+02 2.4938328200530009e+02 3.8100000000000000e+02
907 3.7845059266632410e+02 7.4466845124652593e+01 3.8099999999999989e+02
908 2.7571519169001601e+02 8.3860642721002193e+01 3.8099999999999989e+02
909 2.2638344798910549e+02 1.3205916131548230e+02 3.8099999999999989e+02
910 1.3287024262982101e+02 7.9936098256136887e+01 3.8099999999999989e+02
911 2.8403405642977719e+02 2.2569661542182430e+02 3.8100000000000000e+02
912 2.0218171627567591e+02 2.0758147694121082e+01 3.8099999999999989e+02
913 4.7675159849525119e+02 1.5792282880409800e+02 3.8099999999999989e+02
914 2.3453924422052981e+02 2.0002940403180158e+01 3.8099999999999989e+02
915 1.0101410878830850e+02 2.0010807441964511e+02 3.8100000000000000e+02
916 4.2059454081959922e+02 1.2151997730120320e+02 3.8099999999999989e+02
917 4.5313347323647122e+02 2.1442462483818090e+02 3.8100000000000000e+02
918 2.8915476321057213e+02 1.9965143787270790e+01 3.8099999999999989e+02
919 3.1367800823508389e+02 1.8029692206158640e+02 3.8100000000000000e+02
920 4.1172869140487211e+02 1.6091413961370279e+02 3.8099999999999989e+02
921 1.0792108739493310e+02 1.5045100902710030e+02 3.8099999999999989e+02
922 4.3754961642039137e+02 4.4044667105649609e+01 3.8099999999999989e+02
923 1.4730512675181461e+02 2.5176318407349950e+02 3.8100000000000000e+02
924 1.4730512675181461e+02 1.7736815926500299e+01 3.8099999999999989e+02
925 3.6302710628724782e+02 2.1912842902783009e+02 3.8100000000000000e+02
926 1.9330933399221561e+02 1.1928833817277410e+02 3.8099999999999989e+02
927 3.3790154291306061e+02 1.8066893016219660e+02 3.8100000000000000e+02
928 6.6611930261741577e+01 5.5952227232218632e+01 3.8099999999999989e+02
929 6.6997062224583146e+01 2.1485191582354179e+02 3.8100000000000000e+02
930 4.0199538467519579e+02 9.8235891215452398e+01 3.8099999999999989e+02
931 6.6437763792822693e+01 1.7542692810707180e+02 3.8100000000000000e+02
932 3.9106208366986471e+02 1.4335379509469249e+02 3.8099999999999989e+02
933 3.9897822167711632e+02 2.1935692982577800e+02 3.8100000000000000e+02
934 4.2872368712872839e+02 2.2400710779316870e+02 3.8100000000000000e+02
935 1.8570759633137860e+02 1.5000440640951220e+02 3.8099999999999989e+02
936 3.4409424476735609e+02 1.5590376568663379e+02 3.8099999999999989e+02
937 4.5693211303606319e+02 2.5631267379483410e+02 3.8100000000000000e+02
938 3.4360086581686869e+02 6.0223995365945683e+01 3.8099999999999989e+02
939 4.1394282907519698e+02 1.4592340445141989e+01 3.8099999999999989e+02
940 2.5444245110084401e+02 1.0482089048473520e+02 3.8099999999999989e+02
941 2.4703573318039940e+02 1.5364355218730191e+02 3.8099999999999989e+02
942 4.1201876899550967e+02 2.5370200091461120e+02 3.8100000000000000e+02
943 4.1149270623878152e+02 8.2347484769510743e+01 3.8099999999999989e+02
944 2.9058502984932858e+02 4.9678616236920561e+01 3.8099999999999989e+02
945 2.3176366114389270e+02 2.0732362418401291e+02 3.8100000000000000e+02
946 3.2542948668467312e+02 1.4273155577042240e+02 3.8099999999999989e+02
947 3.7398805617288139e+02 1.2005647368827179e+02 3.8099999999999989e+02
948 1.3931305270019950e+01 1.3619226580057131e+02 3.8099999999999989e+02
949 4.5635469624148669e+02 1.2550455651480070e+02 3.8099999999999989e+02
950 2.6960743330849948e+02 1.8478482419228609e+01 3.8099999999999989e+02
951 4.5605764567994089e+02 1.5539219953103210e+01 3.8099999999999989e+02
952 1.7433911459324619e+02 7.8618281813760433e+01 3.8099999999999989e+02
953 1.5059607331969570e+01 1.8249846373229431e+02 3.8100000000000000e+02
954 7.0791761313894142e+01 1.6637175310122810e+01 3.8099999999999989e+02
955 7.0791761313894483e+01 2.5286282468987699e+02 3.8100000000000000e+02
956 4.5104682332960101e+02 1.4163606338836689e+02 3.8099999999999989e+02
957 3.9579740895560349e+01 1.3185189646634461e+02 3.8099999999999989e+02
958 2.6140008547875442e+02 4.6738249865193843e+01 3.8099999999999989e+02
959 4.2150108879626652e+02 1.9321885417323051e+02 3.8100000000000000e+02
960 1.1653916818422840e+02 1.4802054810774621e+01 3.8099999999999989e+02
961 1.1653916818422820e+02 2.5469794518922561e+02 3.8100000000000000e+02
962 1.4707146733374819e+02 4.9084973436033721e+01 3.8099999999999989e+02
963 1.4612582352880210e+02 2.2044745666496561e+02 3.8100000000000000e+02
964 2.0174412701946889e+02 6.0425478959645829e+01 3.8099999999999989e+02
965 1.6587656605010400e+02 1.6979647971735631e+01 3.8099999999999989e+02
966 1.6516935142342311e+02 2.5278823717259681e+02 3.8100000000000000e+02
967 1.9343331324154261e+02 1.7650843938224941e+02 3.8100000000000000e+02
968 3.1916664413075881e+02 1.5450183599923260e+01 3.8099999999999989e+02
969 3.4861762848912332e+02 1.5776245734225309e+01 3.8099999999999989e+02
970 3.4110669258557982e+02 2.1340579488719089e+02 3.8100000000000000e+02
971 1.3820303469280080e+02 1.4969370738003849e+02 3.8099999999999989e+02
972 1.7387273669823219e+02 2.2530446197986669e+02 3.8100000000000000e+02
973 1.7389069190927981e+02 4.4296145477746450e+01 3.8099999999999989e+02
974 2.2458427382417469e+02 2.5490767056268200e+02 3.8100000000000000e+02
975 4.8272178027566611e+01 1.4894027673068760e+02 3.8099999999999989e+02
976 3.9134910842188287e+02 6.2776641875735180e+01 3.8099999999999989e+02
977 1.0293316890495520e+02 6.1822850701833062e+01 3.8099999999999989e+02
978 2.9913401741031049e+02 9.5135941554669103e+01 3.8099999999999989e+02
979 4.0056933481510498e+01 1.5441586396200361e+01 3.8099999999999989e+02
980 3.9253435343822098e+01 2.5441587125173589e+02 3.8100000000000000e+02
981 4.5332546357450889e+02 7.8008699425434543e+01 3.8099999999999989e+02
982 2.1249611759128979e+02 1.4632209406264690e+02 3.8099999999999989e+02
983 2.1869992661288930e+02 1.6613613789652800e+02 3.8100000000000000e+02
984 2.1552173088884231e+02 2.2721271781855441e+02 3.8100000000000000e+02
985 4.8077834467643220e+02 1.3064381296446220e+02 3.8099999999999989e+02
986 3.5694710217677368e+02 1.4658960832371130e+02 3.8099999999999989e+02
987 8.3555023354484433e+01 1.6978291282021769e+02 3.8100000000000000e+02
988 1.1060344267714370e+02 1.8215487603910171e+02 3.8100000000000000e+02
989 3.4483940760683282e+02 4.2921965340890949e+01 3.8099999999999989e+02
990 3.0949987630981070e+02 2.1415474021212481e+02 3.8100000000000000e+02
991 2.7094209303757111e+02 2.5366239639624149e+02 3.8100000000000000e+02
992 4.0245627007286078e+02 4.0119524978160541e+01 3.8099999999999989e+02
993 1.9451444641173870e+02 2.5451904274536631e+02 3.8100000000000000e+02
994 1.4340098685415711e+02 1.2123510585495340e+02 3.8099999999999989e+02
995 4.1396281069625479e+02 2.1703706177876069e+02 3.8100000000000000e+02
996 1.4108523304353181e+01 1.0337020283215010e+02 3.8099999999999989e+02
997 2.6363423163548202e+02 1.9561893353728610e+02 3.8100000000000000e+02
998 2.0761255361943739e+02 4.4556578706147967e+01 3.8099999999999989e+02
999 1.5451001763181470e+01 2.5405203726476651e+02 3.8100000000000000e+02
1000 1.6606506566694179e+01 1.6587951149111749e+01 3.8099999999999989e+02
1001 3.8402291832092192e+02 2.3239925719778981e+02 3.8100000000000000e+02
1002 9.2333620388956263e+01 2.2770018866964921e+02 3.8100000000000000e+02
1003 8.8768566303705143e+01 4.1871605159167700e+01 3.8099999999999989e+02
1004 4.8605634002078511e+02 1.9816604881816369e+02 3.8100000000000000e+02
1005 3.8879314270548127e+02 2.0361732010023530e+02 3.8100000000000000e+02
1006 6.2502941288057798e+01 3.8616310703236309e+01 3.8099999999999989e+02
1007 6.2217266315546453e+01 2.3105853336796801e+02 3.8100000000000000e+02
1008 9.4722070295488777e+01 1.4013214710131311e+02 3.8099999999999989e+02
1009 3.6997688093468821e+02 4.4042450079007722e+01 3.8099999999999989e+02
1010 3.2052403122976091e+02 5.9834940518357797e+01 3.8099999999999989e+02
1011 2.2797858256085121e+02 4.3389381821332343e+01 3.8099999999999989e+02
1012 1.1517583904663270e+02 9.0938859889507455e+01 3.8099999999999989e+02
1013 4.3558996296811961e+02 1.6968463568589510e+02 3.8100000000000000e+02
1014 3.6194596281737512e+02 1.8794107356237930e+02 3.8100000000000000e+02
1015 4.8370368945144628e+02 1.0238007680452959e+02 3.8099999999999989e+02
1016 1.7467208407240531e+02 1.9281462455603801e+02 3.8100000000000000e+02
1017 4.4080165760985437e+01 2.0490374411119731e+02 3.8100000000000000e+02
1018 4.2304896517824091e+01 7.7788845614932029e+01 3.8099999999999989e+02
1019 3.7095792590369138e+02 2.0329309705214689e+02 3.8100000000000000e+02
1020 4.5882278116410782e+02 1.8455629251090559e+02 3.8100000000000000e+02
1021 2.4341232880836290e+02 1.3868708686843979e+02 3.8099999999999989e+02
1022 4.4618281384271819e+02 2.2796447161264891e+02 3.8100000000000000e+02
1023 4.7915730477412058e+02 2.3140233836712801e+02 3.8100000000000000e+02
1024 9.2829888307054489e+01 1.1244299269554951e+02 3.8099999999999989e+02
1025 8.7567651929339831e+01 1.5765414020780550e+01 3.8099999999999989e+02
1026 8.7567651929339718e+01 2.5373458597921959e+02 3.8100000000000000e+02
1027 4.2326832050571699e+02 5.4926332831674017e+01 3.8099999999999989e+02
1028 2.8269226622647062e+02 1.1964918732439750e+02 3.8099999999999989e+02
1029 1.2362312209402830e+01 1.5249511571861959e+02 3.8099999999999989e+02
1030 3.5713790215683753e+02 1.3029337537881449e+02 3.8099999999999989e+02
1031 4.2338601078517542e+02 1.3794920733297309e+02 3.8099999999999989e+02
1032 1.2560424982282350e+02 6.6076921937632505e+01 3.8099999999999989e+02
1033 2.6957492181635422e+02 9.5307260882208936e+01 3.8099999999999989e+02
1034 3.2215188663656483e+02 3.2610152157391333e+01 3.8099999999999989e+02
1035 9.8138517345783725e+01 8.5849267253533696e+01 3.8099999999999989e+02
1036 4.2787687072923688e+02 2.5569616304025450e+02 3.8100000000000000e+02
1037 3.7973281673360452e+02 2.5507120401508629e+02 3.8100000000000000e+02
1038 2.1985694872679559e+02 1.5800842342153150e+01 3.8099999999999989e+02
1039 2.7047407850580481e+02 2.2557791836049071e+02 3.8100000000000000e+02
1040 2.3042845974321909e+02 8.6723716720990069e+01 3.8099999999999989e+02
1041 4.4665646683671503e+02 2.0082812582216951e+02 3.8100000000000000e+02
1042 7.1371337714946094e+01 2.0086663738778461e+02 3.8100000000000000e+02
1043 7.4665395898520728e+01 7.0252358840996010e+01 3.8099999999999989e+02
1044 2.7310977979606639e+02 1.7097766281660071e+02 3.8100000000000000e+02
1045 3.7879116673753032e+02 1.7036537694875071e+02 3.8100000000000000e+02
1046 4.8321378154226011e+02 7.4132261557491660e+01 3.8099999999999989e+02
1047 2.5391141678240459e+02 2.5592925451596841e+02 3.8100000000000000e+02
1048 6.9050794009800768e+01 1.4522302352692071e+02 3.8099999999999989e+02
1049 8.1760684212544788e+01 9.7405203906121187e+01 3.8099999999999989e+02
1050 4.2739286950241187e+01 6.2671479136160848e+01 3.8099999999999989e+02
1051 4.0953095118197211e+01 1.8979002617801109e+02 3.8100000000000000e+02
1052 1.1559035372915319e+02 1.0752862264840310e+02 3.8099999999999989e+02
1053 2.9097886883505709e+02 1.8683872265500591e+02 3.8100000000000000e+02
1054 2.0702988495788929e+02 1.9638812233113390e+02 3.8100000000000000e+02
1055 1.9864848566355471e+02 2.0911004118407200e+02 3.8100000000000000e+02
1056 2.8178817125446739e+02 2.0129262759121659e+02 3.8100000000000000e+02
1057 3.9885244680061578e+02 1.2838563129037439e+02 3.8099999999999989e+02
1058 1.1641554642141450e+02 2.3714561758171240e+02 3.8100000000000000e+02
1059 1.1646681622851020e+02 3.2367493448918708e+01 3.8099999999999989e+02
1060 4.3759729327125058e+01 2.3721133395995619e+02 3.8100000000000000e+02
1061 4.4340407798637671e+01 3.3841930307668967e+01 3.8099999999999989e+02
1062 3.3322549553741760e+02 2.5614321328064972e+02 3.8100000000000000e+02
1063 2.8960209899297172e+02 7.9189940272099079e+01 3.8099999999999989e+02
1064 3.3990239174696688e+02 1.9672031755471059e+02 3.8100000000000000e+02
1065 1.4063110491236779e+01 7.4394979416049750e+01 3.8099999999999989e+02
1066 2.4584179956096730e+02 2.2898749726277489e+02 3.8100000000000000e+02
1067 3.1145179639908241e+02 1.6442681737220249e+02 3.8100000000000000e+02
1068 3.0397368257426592e+02 1.2839386879528091e+01 3.8099999999999989e+02
1069 4.5602274808756158e+02 1.0843714293521940e+02 3.8099999999999989e+02
1070 4.6088301149644082e+02 1.5538027093116600e+02 3.8099999999999989e+02
1071 1.9391472619578170e+02 2.3856072591308259e+02 3.8100000000000000e+02
1072 3.1163322621869850e+02 1.9637364328904681e+02 3.8100000000000000e+02
1073 4.2893416812574981e+02 1.2045643938296960e+01 3.8099999999999989e+02
1074 3.6421688427267628e+02 2.5452305137229160e+02 3.8100000000000000e+02
1075 1.4786326613240130e+01 3.5380436633928781e+01 3.8099999999999989e+02
1076 1.4194413081929500e+01 2.3050745640416969e+02 3.8100000000000000e+02
1077 1.3193824414595781e+02 1.2245096034091260e+01 3.8099999999999989e+02
1078 1.3193824414595781e+02 2.5725490396590880e+02 3.8100000000000000e+02
1079 1.0967188174403570e+02 2.0930230403733719e+02 3.8100000000000000e+02
1080 4.4256064659926909e+02 2.5562339283639730e+02 3.8100000000000000e+02
1081 4.0803759943026370e+02 1.1271992742008310e+02 3.8099999999999989e+02
1082 4.2080717888000891e+01 1.1198858458098290e+02 3.8099999999999989e+02
1083 3.5191658756763979e+02 9.9514393126724627e+01 3.8099999999999989e+02
1084 1.4793712438109649e+01 2.0711482934571120e+02 3.8100000000000000e+02
1085 3.7426071307843949e+02 5.9838693179305523e+01 3.8099999999999989e+02
1086 3.5860095087894017e+01 1.6189412328062821e+02 3.8100000000000000e+02
1087 1.5766957442734261e+02 1.2391483689161150e+02 3.8099999999999989e+02
1088 2.0901431044199069e+02 7.3132434797297208e+01 3.8099999999999989e+02
1089 2.3003813834389501e+02 1.9232186382078291e+02 3.8100000000000000e+02
1090 3.4467780531770302e+02 7.6825878561198152e+01 3.8099999999999989e+02
1091 2.5114163400872599e+02 1.8080509457422031e+02 3.8100000000000000e+02
1092 1.4645276192937990e+02 9.5144171658680193e+01 3.8099999999999989e+02
1093 1.5445097356036669e+02 1.4921367208980951e+02 3.8099999999999989e+02
1094 1.4384122263427091e+02 2.3407200565533469e+02 3.8100000000000000e+02
1095 1.4345713962325351e+02 3.3332556535930507e+01 3.8099999999999989e+02
1096 1.6706710135683761e+02 1.1313183534228661e+02 3.8099999999999989e+02
1097 2.9202295458049451e+02 3.4377874117228693e+01 3.8099999999999989e+02
1098 1.8675427967546941e+02 9.0191212209387345e+01 3.8099999999999989e+02
1099 1.3525867189512419e+02 2.0103254342955469e+02 3.8100000000000000e+02
1100 6.5323552462164685e+01 1.2225496299886420e+02 3.8099999999999989e+02
1101 2.7533246769000550e+02 5.5068986753339061e+01 3.8099999999999989e+02
1102 1.8655872152836110e+02 6.0878926746342763e+01 3.8099999999999989e+02
1103 1.3268057488194489e+02 1.3232753292288669e+02 3.8099999999999989e+02
1104 3.1925876997224952e+02 8.7347209118910371e+01 3.8099999999999989e+02
1105 1.6357216896579169e+02 1.6265541625030170e+02 3.8100000000000000e+02
1106 3.2968724734757018e+02 1.2935996117695299e+02 3.8099999999999989e+02
1107 3.1930405992291799e+02 1.1510126954843589e+02 3.8099999999999989e+02
1108 4.6005306580074978e+02 5.3964765334843612e+01 3.8099999999999989e+02
1109 2.4049323634045700e+02 3.3856173571029558e+01 3.8099999999999989e+02
1110 3.8400176641428072e+02 3.2675242954402250e+01 3.8099999999999989e+02
1111 2.3136472616881451e+02 1.1407458674372910e+02 3.8099999999999989e+02
1112 2.7171597012151409e+02 1.3133400168578910e+02 3.8099999999999989e+02
1113 2.2462377687116060e+02 7.2188713025150435e+01 3.8099999999999989e+02
1114 4.8280926656665298e+02 3.5011572280474610e+01 3.8099999999999989e+02
1115 3.0117717641619203e+02 1.3778462924755220e+02 3.8099999999999989e+02
1116 1.8551308011104720e+02 1.3458293312038981e+02 3.8099999999999989e+02
1117 9.2924279060767390e+01 7.1604414852921280e+01 3.8099999999999989e+02
1118 2.0569597967217570e+02 1.2209496006351510e+02 3.8099999999999989e+02
1119 1.9313966570928031e+02 3.2390239015533638e+01 3.8099999999999989e+02
1120 4.8269205742084591e+02 1.4474330088804879e+02 3.8099999999999989e+02
1121 2.2138745501784331e+02 1.0072993193771920e+02 3.8099999999999989e+02
1122 1.3530229796571920e+01 1.2084539943291659e+02 3.8099999999999989e+02
1123 1.3606885763884961e+02 1.6845270703572899e+02 3.8100000000000000e+02
1124 3.1622216083296962e+02 2.5633101617006241e+02 3.8100000000000000e+02
1125 1.0854691609790061e+02 1.3770139710752721e+02 3.8099999999999989e+02
1126 3.6362197737803177e+02 1.4623131493697430e+01 3.8099999999999989e+02
1127 2.0956389322575990e+02 2.5812360575686569e+02 3.8100000000000000e+02
1128 3.0227552063878397e+02 6.5874062473670563e+01 3.8099999999999989e+02
1129 4.0366640743874228e+02 7.0416836095150217e+01 3.8099999999999989e+02
1130 2.6540637626784979e+02 1.5576652593970459e+02 3.8099999999999989e+02
1131 3.8552153864914862e+02 1.2974540089380699e+02 3.8099999999999989e+02
1132 3.4528270888017232e+01 2.1451112458643971e+02 3.8100000000000000e+02
1133 2.5628450624518518e+02 1.2890501258017261e+02 3.8099999999999989e+02
1134 2.2413463715737811e+02 2.3969949718690069e+02 3.8100000000000000e+02
1135 4.8379238979920632e+02 1.2782136149983559e+01 3.8099999999999989e+02
1136 1.6208116217672480e+02 7.1479972660189134e+01 3.8099999999999989e+02
1137 4.2427878087999369e+02 8.8316588139295277e+01 3.8099999999999989e+02
1138 3.5637337902184822e+02 2.3643302937734759e+02 3.8100000000000000e+02
1139 3.3053590260984009e+02 2.3225262669866359e+02 3.8100000000000000e+02
1140 2.8914589995130569e+02 2.5807889448024730e+02 3.8100000000000000e+02
1141 2.3430710699525500e+02 5.7797199272687607e+01 3.8099999999999989e+02
1142 1.6188610646851410e+02 1.9879468899996769e+02 3.8100000000000000e+02
1143 2.9573194888970141e+02 1.6125357206892221e+02 3.8100000000000000e+02
1144 3.8716128386619351e+02 1.3750623075887860e+01 3.8099999999999989e+02
1145 1.2547559365642920e+02 1.8482489218611241e+02 3.8100000000000000e+02
1146 2.9405648431722273e+02 2.1575638732158231e+02 3.8100000000000000e+02
1147 2.0728035203839809e+02 1.7457413838687870e+02 3.8100000000000000e+02
1148 3.9774176360387230e+02 2.3422405612211321e+02 3.8100000000000000e+02
1149 1.8814015665923509e+02 1.6317725243203489e+02 3.8100000000000000e+02
1150 7.6405481789520763e+01 4.5078164721207941e+01 3.8099999999999989e+02
1151 7.7138384004636919e+01 2.2473199146994841e+02 3.8100000000000000e+02
1152 3.6022506792770628e+01 4.6708759724721347e+01 3.8099999999999989e+02
1153 1.2340468876977710e+02 1.5712745135420650e+02 3.8099999999999989e+02
1154 4.2252065956240381e+02 2.4292585541445899e+02 3.8100000000000000e+02
1155 2.5287442813052891e+02 7.5455581013989615e+01 3.8099999999999989e+02
1156 2.4960473405204871e+02 6.0056144912308810e+01 3.8099999999999989e+02
1157 4.3958706937334392e+02 7.2799098194940143e+01 3.8099999999999989e+02
1158 5.4028485662105822e+01 1.8306792219164470e+02 3.8100000000000000e+02
1159 4.4541890888780648e+02 1.5588960545115299e+02 3.8099999999999989e+02
1160 1.9183361130319071e+02 1.3877461978927780e+01 3.8099999999999989e+02
1161 1.7860937500000011e+02 2.5856527598848800e+02 3.8100000000000000e+02
1162 4.6892996007087311e+02 1.0218091892445030e+02 3.8099999999999989e+02
1163 3.0745582750605479e+01 1.7885945449421251e+02 3.8100000000000000e+02
1164 2.5571908951636519e+02 1.0704302908919260e+01 3.8099999999999989e+02
1165 2.9260522994480649e+01 9.9843415882970248e+01 3.8099999999999989e+02
1166 4.8569583779944708e+02 1.1756470518789079e+02 3.8099999999999989e+02
1167 4.2326924340298461e+02 1.6248749243743930e+02 3.8100000000000000e+02
1168 4.6721598497226643e+02 3.7495332285277811e+01 3.8099999999999989e+02
1169 9.3298109025755025e+01 1.8480567500191870e+02 3.8100000000000000e+02
1170 3.6024503890798462e+02 7.2006525527049803e+01 3.8099999999999989e+02
1171 4.8464704738435159e+02 1.6889438718498420e+02 3.8100000000000000e+02
1172 3.8788045757491682e+02 9.7483239400657396e+01 3.8099999999999989e+02
1173 4.8486762069130009e+02 5.9204628555113317e+01 3.8099999999999989e+02
1174 5.4792542913493492e+01 2.5836840133907731e+02 3.8100000000000000e+02
1175 5.4953242541031052e+01 1.1203090190509840e+01 3.8099999999999989e+02
1176 1.1634423716728350e+02 5.7111924357507753e+01 3.8099999999999989e+02
1177 4.4191332910504281e+02 1.0007203940437361e+01 3.8099999999999989e+02
1178 1.6098144319655231e+02 5.3709505550131887e+01 3.8099999999999989e+02
1179 1.6047538051008721e+02 2.1562379912114179e+02 3.8100000000000000e+02
1180 4.8329168195713351e+01 1.6231256356312221e+02 3.8100000000000000e+02
1181 1.6202869340768609e+02 9.9440279723109001e+01 3.8099999999999989e+02
1182 4.3207006474645561e+02 1.1319923515577780e+02 3.8099999999999989e+02
1183 1.4635646559349709e+02 8.0423140887535027e+01 3.8099999999999989e+02
1184 1.6234507090560601e+02 1.3719336812554900e+02 3.8099999999999989e+02
1185 2.7477129168802003e+02 7.0598154679026948e+01 3.8099999999999989e+02
1186 3.1795322149800870e+02 2.3073050464022191e+02 3.8100000000000000e+02
1187 3.4370485171224118e+02 3.0747092067217981e+01 3.8099999999999989e+02
1188 3.3905166038273552e+02 2.4260297565800380e+02 3.8100000000000000e+02
1189 4.5123139959790649e+02 2.4305629466993000e+02 3.8100000000000000e+02
1190 3.4389284274823092e+02 1.2308535584990990e+02 3.8099999999999989e+02
1191 1.8480293283429151e+02 2.1094132522658910e+02 3.8100000000000000e+02
1192 3.8167492363811891e+02 1.5272391866263300e+02 3.8099999999999989e+02
1193 1.3435916381844210e+01 5.8838473407116908e+01 3.8099999999999989e+02
1194 3.5751130026449732e+02 1.6132156987484441e+02 3.8100000000000000e+02
1195 3.6945160487116431e+02 8.6100864330809202e+01 3.8099999999999989e+02
1196 8.9187239606191156e+01 1.2542144007746910e+02 3.8099999999999989e+02
1197 5.3675185742128519e+01 8.6150300135910271e+01 3.8099999999999989e+02
1198 4.6733881915989718e+02 1.6715821307444489e+02 3.8100000000000000e+02
1199 4.1664872762094291e+02 1.5080747877760129e+02 3.8099999999999989e+02
1200 9.9634969065870848e+01 2.1442885775658229e+02 3.8100000000000000e+02
1201 3.9620559344620210e+02 2.5855615004589231e+02 3.8100000000000000e+02
1202 2.2444714005633961e+02 2.1790398854070381e+02 3.8100000000000000e+02
1203 3.2810517576226988e+02 1.0362696576276601e+02 3.8099999999999989e+02
1204 4.5128090412517469e+02 3.0592561908343381e+01 3.8099999999999989e+02
1205 8.6021151807816295e+01 1.9690387150050881e+02 3.8100000000000000e+02
1206 3.7058568319424171e+02 2.2945324498967079e+02 3.8100000000000000e+02
1207 4.0096036699627678e+02 1.3051458878984359e+01 3.8099999999999989e+02
1208 1.5196639804552771e+02 1.7509927265709720e+02 3.8100000000000000e+02
1209 3.3386889362731648e+02 1.0543770302093780e+01 3.8099999999999989e+02
1210 2.1247128638715989e+02 1.3150602444181530e+02 3.8099999999999989e+02
1211 3.1546582480610527e+02 4.4196133686982677e+01 3.8099999999999989e+02
1212 1.0131602462872991e+02 1.0365758301725689e+01 3.8099999999999989e+02
1213 1.0131602462872981e+02 2.5913424169827448e+02 3.8100000000000000e+02
1214 4.8590603990292482e+02 1.8300568586676621e+02 3.8100000000000000e+02
1215 6.9946723436332377e+01 8.2703557411138661e+01 3.8099999999999989e+02
1216 3.4916896895922213e+02 1.8833373288216541e+02 3.8100000000000000e+02
1217 2.6312385114616160e+02 3.2516925224822103e+01 3.8099999999999989e+02
1218 3.1591350959149281e+01 2.2836456484925660e+02 3.8100000000000000e+02
1219 2.9227172200661062e+02 2.3494110007038469e+02 3.8100000000000000e+02
1220 1.7922582229302020e+02 1.0990178556180640e+01 3.8099999999999989e+02
1221 2.0241431019082361e+02 8.5997492293033105e+01 3.8099999999999989e+02
1222 3.6646386769434872e+02 1.0176508750309290e+02 3.8099999999999989e+02
1223 1.0995635155062079e+02 1.6394603650825749e+02 3.8100000000000000e+02
1224 2.7237536463037748e+02 2.3948660620206900e+02 3.8100000000000000e+02
1225 2.0349304027712381e+02 2.2041773418386521e+02 3.8100000000000000e+02
1226 4.8472480871011823e+02 2.5718427633159251e+02 3.8100000000000000e+02
1227 4.6725931907127949e+02 7.6974741432763579e+01 3.8099999999999989e+02
1228 1.2163666811760230e+02 2.2544328450426389e+02 3.8100000000000000e+02
1229 1.2122269972319570e+02 4.5468507810427923e+01 3.8099999999999989e+02
1230 4.3424760352218101e+02 3.1962696188372579e+01 3.8099999999999989e+02
1231 3.9053430992488461e+02 1.7781636140707710e+02 3.8100000000000000e+02
1232 4.0282220707151492e+02 1.5301943146928770e+02 3.8099999999999989e+02
1233 9.0956942652010071e+01 2.4018605488409739e+02 3.8100000000000000e+02
1234 9.1827783860976524e+01 2.9387015328580500e+01 3.8099999999999989e+02
1235 4.0996693953557531e+02 1.8901927036726491e+02 3.8100000000000000e+02
1236 1.7718777255365561e+02 1.5797736229891419e+02 3.8099999999999989e+02
1237 4.6818517022082813e+02 1.2350493610267680e+01 3.8099999999999989e+02
1238 3.2057893886577540e+02 2.0539805651904479e+02 3.8100000000000000e+02
1239 2.7771018970443441e+02 1.4407986728554880e+02 3.8099999999999989e+02
1240 1.9028822792048979e+02 1.0559152840781510e+02 3.8099999999999989e+02
1241 2.4488077485349311e+02 1.0834245263186689e+01 3.8099999999999989e+02
1242 5.4670774071726903e+01 6.0664939955526712e+01 3.8099999999999989e+02
1243 7.3244594816693734e+01 1.5987918930800211e+02 3.8099999999999989e+02
1244 3.8083214987899322e+02 1.0821100130978451e+02 3.8099999999999989e+02
1245 1.7137887343334469e+02 2.3817615871561370e+02 3.8100000000000000e+02
1246 1.7148941659409320e+02 3.1298884011380039e+01 3.8099999999999989e+02
1247 4.3679080012949072e+02 5.9408080233556007e+01 3.8099999999999989e+02
1248 3.0207870312057190e+02 4.1372475632365763e+01 3.8099999999999989e+02
1249 2.1976893052169621e+02 1.9821605389186149e+02 3.8100000000000000e+02
1250 3.4187777166812441e+02 1.0842689673450100e+02 3.8099999999999989e+02
1251 3.1574374662399441e+02 7.3536256708068578e+01 3.8099999999999989e+02
1252 1.4991457480102909e+02 1.9140993329538111e+02 3.8100000000000000e+02
1253 3.3744337814487079e+02 1.6819417375137641e+02 3.8100000000000000e+02
1254 4.6392225535757291e+02 2.2054499678368751e+02 3.8100000000000000e+02
1255 4.0942004274835841e+02 2.5798787784381830e+01 3.8099999999999989e+02
1256 2.9123221053339068e+02 1.4752927024862009e+02 3.8099999999999989e+02
1257 2.8326889815067890e+01 5.7101245914474418e+01 3.8099999999999989e+02
1258 1.2195004036142070e+02 2.1057130731267779e+02 3.8100000000000000e+02
1259 4.8753060353218052e+02 2.1401470588235301e+02 3.8100000000000000e+02
1260 6.6309864291516305e+01 1.0728382887032549e+02 3.8099999999999989e+02
1261 5.3528421101186382e+01 1.0091101731871569e+02 3.8099999999999989e+02
1262 1.8224246218373329e+02 1.8192238107817190e+02 3.8100000000000000e+02
1263 5.1228600217210499e+01 1.2336733583423850e+02 3.8099999999999989e+02
1264 1.3704219803434711e+02 6.2819337764494321e+01 3.8099999999999989e+02
1265 2.0552836073619659e+02 3.2344371357045112e+01 3.8099999999999989e+02
1266 4.3371976472680342e+02 9.9222735761755985e+01 3.8099999999999989e+02
1267 2.0838711430583439e+02 1.0392938414714649e+01 3.8099999999999989e+02
1268 3.0295505342361761e+01 8.1768356437120303e+01 3.8099999999999989e+02
1269 4.6886701828564190e+02 1.2805599460041779e+02 3.8099999999999989e+02
1270 2.6456875481407468e+02 7.7905791473440928e+01 3.8099999999999989e+02
1271 9.3056076451108538e+00 8.7191176470588090e+01 3.8099999999999989e+02
1272 1.9826759557070619e+02 1.4606746664698019e+02 3.8099999999999989e+02
1273 3.9652235577943190e+02 1.9080367984102631e+02 3.8100000000000000e+02
1274 2.5758307898482309e+02 2.2296330651831281e+02 3.8100000000000000e+02
1275 3.1644573588154873e+02 1.5267977505914871e+02 3.8099999999999989e+02
1276 1.0246654449909720e+02 2.3461024059478461e+02 3.8100000000000000e+02
1277 1.0163044504118049e+02 3.6675516387379957e+01 3.8099999999999989e+02
1278 3.6985042103549148e+02 3.0139456477000859e+01 3.8099999999999989e+02
1279 1.0518196762145610e+02 1.1456869335558510e+02 3.8099999999999989e+02
1280 3.8117375836956739e+02 8.6352507860165701e+01 3.8099999999999989e+02
1281 3.0287376006769279e+02 1.8670401230212261e+02 3.8100000000000000e+02
1282 4.0153013171703577e+02 1.6841238503239691e+02 3.8100000000000000e+02
1283 4.7079076414946832e+02 2.5733219128669379e+02 3.8100000000000000e+02
1284 4.1500605342347433e+02 6.5839589834568216e+01 3.8099999999999989e+02
1285 2.4630949630637289e+02 1.6700646590561209e+02 3.8100000000000000e+02
1286 1.8311418750005359e+02 2.3336766530736759e+02 3.8100000000000000e+02
1287 2.3004038456640910e+02 3.1323284213919639e+01 3.8099999999999989e+02
1288 3.6627145305027108e+02 1.7515906310843019e+02 3.8100000000000000e+02
1289 4.8762969026567208e+02 2.4550356561299989e+02 3.8100000000000000e+02
1290 1.1128780951798939e+01 1.9633980264459930e+02 3.8100000000000000e+02
1291 3.1225345893190502e+02 1.4247741372909880e+02 3.8099999999999989e+02
1292 9.3427975873419200e+00 1.6647495504863289e+02 3.8100000000000000e+02
1293 2.5263674867009800e+02 3.7069064625624492e+01 3.8099999999999989e+02
1294 2.8575628676602872e+02 1.7378760894794831e+02 3.8100000000000000e+02
1295 4.4539675605364272e+02 1.1823651860734481e+02 3.8099999999999989e+02
1296 2.5740678518039641e+02 2.0775929822835869e+02 3.8100000000000000e+02
1297 2.3993423614798979e+02 2.5900185458297489e+02 3.8100000000000000e+02
1298 5.5873166913851612e+01 2.0796765785394180e+02 3.8100000000000000e+02
1299 2.6697105694375860e+01 2.5815700020000492e+02 3.8100000000000000e+02
1300 2.7416493272219160e+01 1.1415592179996050e+01 3.8099999999999989e+02
1301 2.4416057932212169e+02 8.9362791859742515e+01 3.8099999999999989e+02
1302 9.6570762165722044e+01 1.5797293927739679e+02 3.8099999999999989e+02
1303 4.4133702078594928e+02 2.1693354923512820e+02 3.8100000000000000e+02
1304 4.1309431170568331e+02 4.7446534672763107e+01 3.8099999999999989e+02
1305 3.9646598042620792e+02 5.1689925858176203e+01 3.8099999999999989e+02
1306 1.7364134503281340e+02 1.3818077360397299e+02 3.8099999999999989e+02
1307 2.7123082007175509e+02 1.0850604506593170e+02 3.8099999999999989e+02
1308 4.4731930167661562e+02 5.1546513690522943e+01 3.8099999999999989e+02
1309 4.4731309584735061e+02 9.5183488826458756e+01 3.8099999999999989e+02
1310 2.9661707224171892e+02 1.2658130474354540e+02 3.8099999999999989e+02
1311 4.7362281756762712e+02 1.9213202508337440e+02 3.8100000000000000e+02
1312 2.6557045032231872e+02 1.8020461801138799e+02 3.8100000000000000e+02
1313 6.6558745215986789e+01 2.4185975994119599e+02 3.8100000000000000e+02
1314 6.6630163959114554e+01 2.7683951076605069e+01 3.8099999999999989e+02
1315 2.0620940873911570e+02 1.0930442034839200e+02 3.8099999999999989e+02
1316 4.2424048626284110e+02 2.4172686351975301e+01 3.8099999999999989e+02
1317 2.8012898535005797e+02 2.1517886890793221e+02 3.8100000000000000e+02
1318 1.3270182858000399e+02 3.9386942363117527e+01 3.8099999999999989e+02
1319 1.3270182858000200e+02 2.3011305763688270e+02 3.8100000000000000e+02
1320 5.5114727083788637e+01 1.7165505438199989e+02 3.8100000000000000e+02
1321 2.5231070489015369e+02 1.1739605214467450e+02 3.8099999999999989e+02
1322 3.3424481101075230e+02 3.5311350233431646e+01 3.8099999999999989e+02
1323 2.3525891342150749e+02 1.6249392962384081e+02 3.8100000000000000e+02
1324 2.0996802030647979e+02 9.5240565492479050e+01 3.8099999999999989e+02
1325 3.3464784037868981e+02 1.4904689552543169e+02 3.8099999999999989e+02
1326 2.3641400379034761e+02 2.1899749092650569e+02 3.8100000000000000e+02
1327 1.1593053846188870e+02 1.2529069501762341e+02 3.8099999999999989e+02
1328 3.2555630908528002e+02 1.7411921804575300e+02 3.8100000000000000e+02
1329 2.3876398236595571e+02 1.8452562009800431e+02 3.8100000000000000e+02
1330 2.5551323177531799e+01 1.3075201460783649e+02 3.8099999999999989e+02
1331 3.3141399851522249e+02 2.0688229292312030e+02 3.8100000000000000e+02
1332 4.3384673896707818e+02 1.9534001709474791e+02 3.8100000000000000e+02
1333 4.3010104739379182e+02 1.8374896618798749e+02 3.8100000000000000e+02
1334 4.0198369272157720e+02 2.4559791334426180e+02 3.8100000000000000e+02
1335 4.8734145030449088e+02 2.4254002654151119e+01 3.8099999999999989e+02
1336 4.1321200857377738e+02 9.6203729620090485e+01 3.8099999999999989e+02
1337 2.0258893684347811e+02 1.8500871167622429e+02 3.8100000000000000e+02
1338 1.8211325658799791e+02 3.5675229886038437e+01 3.8099999999999989e+02
1339 2.4354309338756059e+02 1.1177030416785040e+02 3.8099999999999989e+02
1340 4.6582116248393112e+02 2.4443038817971271e+02 3.8100000000000000e+02
1341 1.4068711806138771e+02 1.0774262230483380e+02 3.8099999999999989e+02
1342 4.2304529208111882e+02 2.0542252501492999e+02 3.8100000000000000e+02
1343 6.6107224637606691e+01 1.8869027171386929e+02 3.8100000000000000e+02
1344 3.5594629874694749e+02 4.7408039003964973e+01 3.8099999999999989e+02
1345 4.7425315691667743e+02 2.0639989432987011e+02 3.8100000000000000e+02
1346 2.2718448390426400e+02 1.7643811142129559e+02 3.8100000000000000e+02
1347 1.0562987094899880e+01 2.1746439190151179e+02 3.8100000000000000e+02
1348 3.8141733872544432e+02 2.4357376599313110e+02 3.8100000000000000e+02
1349 1.6855755051122711e+02 1.7809693876307941e+02 3.8100000000000000e+02
1350 4.8884919468330457e+02 8.7191176470588204e+01 3.8099999999999989e+02
1351 3.5061432486029003e+02 2.2063725663362749e+02 3.8100000000000000e+02
1352 1.7118575685863161e+02 9.0935924061550395e+01 3.8099999999999989e+02
1353 2.8392655839740189e+02 9.1371925131327458e+01 3.8099999999999989e+02
1354 4.3715210333505519e+02 1.4277077866605950e+02 3.8099999999999989e+02
1355 9.8102265869250175e+01 4.9540796143064370e+01 3.8099999999999989e+02
1356 4.1119462328506899e+02 1.2826737576032181e+02 3.8099999999999989e+02
1357 2.0424155666951199e+02 2.3178109769028740e+02 3.8100000000000000e+02
1358 9.4226529525551541e+00 2.5376537239890350e+01 3.8099999999999989e+02
1359 1.0629286062328900e+01 2.4402824195669641e+02 3.8100000000000000e+02
1360 3.1333651050610752e+02 2.4242813636767411e+02 3.8100000000000000e+02
1361 2.8054013652831208e+02 1.1201563490969651e+01 3.8099999999999989e+02
1362 7.7656250000000000e+00 7.9264705882351896e+00 3.8099999999999989e+02
1363 7.7583137539342033e+00 2.6161042613563842e+02 3.8100000000000000e+02
1364 1.7981436651533230e+02 1.1660054491658261e+02 3.8099999999999989e+02
1365 3.0281661344962049e+02 2.6129125255130663e+02 3.8100000000000000e+02
1366 4.5970431679471568e+02 6.6820370468197780e+01 3.8099999999999989e+02
$EndNodes
$Elements
2624
1 2 2 1 1 141 142 30
2 2 2 1 1 232 238 12
3 2 2 1 1 145 33 144
4 2 2 1 1 1 236 179
5 2 2 1 1 147 34 146
6 2 2 1 1 139 140 29
7 2 2 1 1 30 142 31
8 2 2 1 1 144 33 32
9 2 2 1 1 176 233 175
10 2 2 1 1 152 38 151
11 2 2 1 1 173 234 172
12 2 2 1 1 9 243 48
13 2 2 1 1 147 35 34
14 2 2 1 1 134 135 25
15 2 2 1 1 28 139 29
16 2 2 1 1 170 235 169
17 2 2 1 1 159 44 158
18 2 2 1 1 232 243 9
19 2 2 1 1 167 237 166
20 2 2 1 1 157 42 156
21 2 2 1 1 152 39 38
22 2 2 1 1 178 236 177
23 2 2 1 1 132 133 23
24 2 2 1 1 24 134 25
25 2 2 1 1 154 40 153
26 2 2 1 1 158 44 43
27 2 2 1 1 177 236 231
28 2 2 1 1 157 43 42
29 2 2 1 1 23 133 24
30 2 2 1 1 153 40 39
31 2 2 1 1 162 47 46
32 2 2 1 1 28 27 138
33 2 2 1 1 148 36 35
34 2 2 1 1 143 32 31
35 2 2 1 1 162 46 161
36 2 2 1 1 12 238 13
37 2 2 1 1 27 137 138
38 2 2 1 1 9 48 47
39 2 2 1 1 231 233 176
40 2 2 1 1 149 36 148
41 2 2 1 1 230 234 173
42 2 2 1 1 229 235 170
43 2 2 1 1 31 142 143
44 2 2 1 1 144 32 143
45 2 2 1 1 228 237 167
46 2 2 1 1 148 35 147
47 2 2 1 1 138 139 28
48 2 2 1 1 9 47 162
49 2 2 1 1 153 39 152
50 2 2 1 1 133 134 24
51 2 2 1 1 158 43 157
52 2 2 1 1 165 227 164
53 2 2 1 1 168 228 167
54 2 2 1 1 22 236 1
55 2 2 1 1 171 229 170
56 2 2 1 1 174 230 173
57 2 2 1 1 177 231 176
58 2 2 1 1 230 242 20
59 2 2 1 1 229 241 18
60 2 2 1 1 163 232 9
61 2 2 1 1 228 240 16
62 2 2 1 1 227 239 14
63 2 2 1 1 14 239 237
64 2 2 1 1 231 236 22
65 2 2 1 1 16 240 235
66 2 2 1 1 18 241 234
67 2 2 1 1 21 231 22
68 2 2 1 1 20 242 233
69 2 2 1 1 19 230 20
70 2 2 1 1 17 229 18
71 2 2 1 1 15 228 16
72 2 2 1 1 13 227 14
73 2 2 1 1 227 238 164
74 2 2 1 1 165 239 227
75 2 2 1 1 168 240 228
76 2 2 1 1 171 241 229
77 2 2 1 1 174 242 230
78 2 2 1 1 13 238 227
79 2 2 1 1 14 237 15
80 2 2 1 1 16 235 17
81 2 2 1 1 18 234 19
82 2 2 1 1 20 233 21
83 2 2 1 1 233 242 175
84 2 2 1 1 33 244 34
85 2 2 1 1 29 245 30
86 2 2 1 1 164 238 163
87 2 2 1 1 234 241 172
88 2 2 1 1 163 238 232
89 2 2 1 1 37 246 38
90 2 2 1 1 25 247 26
91 2 2 1 1 235 240 169
92 2 2 1 1 44 248 45
93 2 2 1 1 41 249 42
94 2 2 1 1 237 239 166
95 2 2 1 1 3 250 23
96 2 2 1 1 149 255 36
97 2 2 1 1 40 251 41
98 2 2 1 1 27 253 137
99 2 2 1 1 45 252 46
100 2 2 1 1 26 253 27
101 2 2 1 1 36 255 37
102 2 2 1 1 21 233 231
103 2 2 1 1 46 252 161
104 2 2 1 1 19 234 230
105 2 2 1 1 17 235 229
106 2 2 1 1 154 251 40
107 2 2 1 1 15 237 228
108 2 2 1 1 2 243 12
109 2 2 1 1 23 250 132
110 2 2 1 1 42 249 156
111 2 2 1 1 159 248 44
112 2 2 1 1 8 250 3
113 2 2 1 1 135 247 25
114 2 2 1 1 38 246 151
115 2 2 1 1 48 243 2
116 2 2 1 1 140 245 29
117 2 2 1 1 34 244 146
118 2 2 1 1 145 244 33
119 2 2 1 1 30 245 141
120 2 2 1 1 178 254 236
121 2 2 1 1 236 254 179
122 2 2 1 1 166 239 165
123 2 2 1 1 169 240 168
124 2 2 1 1 172 241 171
125 2 2 1 1 175 242 174
126 2 2 1 1 179 254 10
127 2 2 1 1 146 244 145
128 2 2 1 1 141 245 140
129 2 2 1 1 151 246 150
130 2 2 1 1 136 247 135
131 2 2 1 1 160 248 159
132 2 2 1 1 10 254 178
133 2 2 1 1 156 249 155
134 2 2 1 1 132 250 8
135 2 2 1 1 155 251 154
136 2 2 1 1 161 252 160
137 2 2 1 1 137 253 136
138 2 2 1 1 150 255 149
139 2 2 1 1 12 243 232
140 2 2 1 1 136 253 247
141 2 2 1 1 246 255 150
142 2 2 1 1 160 252 248
143 2 2 1 1 249 251 155
144 2 2 1 1 247 253 26
145 2 2 1 1 37 255 246
146 2 2 1 1 248 252 45
147 2 2 1 1 41 251 249
148 2 2 1 2 274 286 257
149 2 2 1 2 50 278 49
150 2 2 1 2 74 281 75
151 2 2 1 2 59 279 58
152 2 2 1 2 62 296 272
153 2 2 1 2 273 295 78
154 2 2 1 2 272 294 62
155 2 2 1 2 78 293 273
156 2 2 1 2 268 299 264
157 2 2 1 2 266 312 270
158 2 2 1 2 51 304 269
159 2 2 1 2 287 304 53
160 2 2 1 2 286 308 257
161 2 2 1 2 302 312 266
162 2 2 1 2 74 288 281
163 2 2 1 2 268 311 299
164 2 2 1 2 50 289 278
165 2 2 1 2 279 290 58
166 2 2 1 2 269 289 51
167 2 2 1 2 271 298 258
168 2 2 1 2 53 304 52
169 2 2 1 2 275 303 258
170 2 2 1 2 266 303 275
171 2 2 1 2 68 277 69
172 2 2 1 2 275 302 266
173 2 2 1 2 52 304 51
174 2 2 1 2 271 306 264
175 2 2 1 2 272 284 261
176 2 2 1 2 273 283 262
177 2 2 1 2 264 285 271
178 2 2 1 2 264 306 268
179 2 2 1 2 290 312 57
180 2 2 1 2 73 311 288
181 2 2 1 2 78 295 77
182 2 2 1 2 61 296 62
183 2 2 1 2 79 293 78
184 2 2 1 2 62 294 63
185 2 2 1 2 258 303 271
186 2 2 1 2 261 294 272
187 2 2 1 2 262 295 273
188 2 2 1 2 68 305 277
189 2 2 1 2 259 286 274
190 2 2 1 2 70 276 71
191 2 2 1 2 268 292 263
192 2 2 1 2 275 316 302
193 2 2 1 2 269 291 260
194 2 2 1 2 263 288 268
195 2 2 1 2 54 316 287
196 2 2 1 2 260 289 269
197 2 2 1 2 270 297 266
198 2 2 1 2 274 298 259
199 2 2 1 2 258 298 274
200 2 2 1 2 259 285 276
201 2 2 1 2 274 307 258
202 2 2 1 2 257 301 274
203 2 2 1 2 51 289 50
204 2 2 1 2 58 290 57
205 2 2 1 2 73 288 74
206 2 2 1 2 54 287 53
207 2 2 1 2 271 310 306
208 2 2 1 2 276 300 259
209 2 2 1 2 267 308 286
210 2 2 1 2 270 312 290
211 2 2 1 2 285 298 271
212 2 2 1 2 290 309 270
213 2 2 1 2 261 309 290
214 2 2 1 2 258 317 275
215 2 2 1 2 288 311 268
216 2 2 1 2 283 291 257
217 2 2 1 2 284 292 256
218 2 2 1 2 66 282 67
219 2 2 1 2 287 316 275
220 2 2 1 2 306 310 256
221 2 2 1 2 276 285 264
222 2 2 1 2 277 305 267
223 2 2 1 2 265 304 287
224 2 2 1 2 260 293 278
225 2 2 1 2 280 295 262
226 2 2 1 2 279 294 261
227 2 2 1 2 263 296 281
228 2 2 1 2 262 319 280
229 2 2 1 2 256 309 284
230 2 2 1 2 277 286 259
231 2 2 1 2 282 319 262
232 2 2 1 2 267 286 277
233 2 2 1 2 276 299 71
234 2 2 1 2 297 309 256
235 2 2 1 2 277 300 69
236 2 2 1 2 281 288 263
237 2 2 1 2 268 306 292
238 2 2 1 2 283 318 262
239 2 2 1 2 278 289 260
240 2 2 1 2 261 290 279
241 2 2 1 2 291 313 257
242 2 2 1 2 70 300 276
243 2 2 1 2 259 300 277
244 2 2 1 2 283 315 291
245 2 2 1 2 308 318 283
246 2 2 1 2 284 314 292
247 2 2 1 2 267 305 282
248 2 2 1 2 257 313 301
249 2 2 1 2 264 299 276
250 2 2 1 2 282 318 267
251 2 2 1 2 280 319 65
252 2 2 1 2 297 310 266
253 2 2 1 2 282 305 67
254 2 2 1 2 69 300 70
255 2 2 1 2 266 310 303
256 2 2 1 2 296 314 272
257 2 2 1 2 263 314 296
258 2 2 1 2 260 315 293
259 2 2 1 2 293 315 273
260 2 2 1 2 281 320 75
261 2 2 1 2 65 322 280
262 2 2 1 2 278 323 49
263 2 2 1 2 59 321 279
264 2 2 1 2 259 298 285
265 2 2 1 2 65 319 66
266 2 2 1 2 71 299 72
267 2 2 1 2 265 313 304
268 2 2 1 2 279 326 294
269 2 2 1 2 296 325 281
270 2 2 1 2 280 324 295
271 2 2 1 2 293 327 278
272 2 2 1 2 56 302 55
273 2 2 1 2 66 319 282
274 2 2 1 2 304 313 269
275 2 2 1 2 287 317 265
276 2 2 1 2 257 308 283
277 2 2 1 2 67 305 68
278 2 2 1 2 262 318 282
279 2 2 1 2 292 306 256
280 2 2 1 2 284 309 261
281 2 2 1 2 6 320 60
282 2 2 1 2 76 322 7
283 2 2 1 2 64 321 5
284 2 2 1 2 4 323 80
285 2 2 1 2 301 307 274
286 2 2 1 2 265 317 307
287 2 2 1 2 291 315 260
288 2 2 1 2 292 314 263
289 2 2 1 2 299 311 72
290 2 2 1 2 273 315 283
291 2 2 1 2 272 314 284
292 2 2 1 2 322 324 280
293 2 2 1 2 281 325 320
294 2 2 1 2 278 327 323
295 2 2 1 2 321 326 279
296 2 2 1 2 56 312 302
297 2 2 1 2 302 316 55
298 2 2 1 2 76 324 322
299 2 2 1 2 320 325 60
300 2 2 1 2 323 327 80
301 2 2 1 2 64 326 321
302 2 2 1 2 60 325 61
303 2 2 1 2 77 324 76
304 2 2 1 2 63 326 64
305 2 2 1 2 80 327 79
306 2 2 1 2 270 309 297
307 2 2 1 2 265 307 301
308 2 2 1 2 72 311 73
309 2 2 1 2 57 312 56
310 2 2 1 2 55 316 54
311 2 2 1 2 269 313 291
312 2 2 1 2 7 322 65
313 2 2 1 2 49 323 4
314 2 2 1 2 5 321 59
315 2 2 1 2 75 320 6
316 2 2 1 2 256 310 297
317 2 2 1 2 275 317 287
318 2 2 1 2 303 310 271
319 2 2 1 2 307 317 258
320 2 2 1 2 301 313 265
321 2 2 1 2 79 327 293
322 2 2 1 2 294 326 63
323 2 2 1 2 61 325 296
324 2 2 1 2 295 324 77
325 2 2 1 2 267 318 308
326 2 2 1 3 369 385 339
327 2 2 1 3 344 412 355
328 2 2 1 3 356 399 78
329 2 2 1 3 78 400 356
330 2 2 1 3 382 388 86
331 2 2 1 3 364 408 337
332 2 2 1 3 385 395 339
333 2 2 1 3 361 406 335
334 2 2 1 3 335 406 362
335 2 2 1 3 337 380 364
336 2 2 1 3 344 448 377
337 2 2 1 3 353 380 337
338 2 2 1 3 337 408 386
339 2 2 1 3 92 366 91
340 2 2 1 3 94 367 93
341 2 2 1 3 360 416 20
342 2 2 1 3 20 411 360
343 2 2 1 3 383 395 351
344 2 2 1 3 339 395 383
345 2 2 1 3 372 414 104
346 2 2 1 3 347 391 379
347 2 2 1 3 103 372 104
348 2 2 1 3 14 432 402
349 2 2 1 3 379 391 340
350 2 2 1 3 358 436 330
351 2 2 1 3 106 384 375
352 2 2 1 3 364 380 328
353 2 2 1 3 356 381 341
354 2 2 1 3 358 387 335
355 2 2 1 3 330 387 358
356 2 2 1 3 331 390 359
357 2 2 1 3 394 436 358
358 2 2 1 3 94 423 367
359 2 2 1 3 366 422 91
360 2 2 1 3 359 389 331
361 2 2 1 3 335 389 359
362 2 2 1 3 345 412 365
363 2 2 1 3 84 370 83
364 2 2 1 3 362 421 348
365 2 2 1 3 347 420 361
366 2 2 1 3 335 387 361
367 2 2 1 3 78 399 79
368 2 2 1 3 336 394 358
369 2 2 1 3 77 400 78
370 2 2 1 3 362 389 335
371 2 2 1 3 359 390 336
372 2 2 1 3 342 408 364
373 2 2 1 3 355 412 329
374 2 2 1 3 337 392 353
375 2 2 1 3 365 403 345
376 2 2 1 3 368 409 334
377 2 2 1 3 86 388 85
378 2 2 1 3 365 432 403
379 2 2 1 3 355 429 100
380 2 2 1 3 335 433 358
381 2 2 1 3 376 383 89
382 2 2 1 3 362 454 421
383 2 2 1 3 420 455 361
384 2 2 1 3 336 390 366
385 2 2 1 3 358 433 336
386 2 2 1 3 331 441 390
387 2 2 1 3 367 394 336
388 2 2 1 3 105 384 106
389 2 2 1 3 342 388 382
390 2 2 1 3 14 402 13
391 2 2 1 3 336 433 359
392 2 2 1 3 376 401 339
393 2 2 1 3 349 401 376
394 2 2 1 3 397 417 334
395 2 2 1 3 361 387 347
396 2 2 1 3 351 398 382
397 2 2 1 3 382 398 342
398 2 2 1 3 341 399 356
399 2 2 1 3 355 405 344
400 2 2 1 3 359 433 335
401 2 2 1 3 405 448 344
402 2 2 1 3 348 389 362
403 2 2 1 3 397 427 354
404 2 2 1 3 352 414 372
405 2 2 1 3 375 393 348
406 2 2 1 3 338 393 375
407 2 2 1 3 333 371 370
408 2 2 1 3 367 423 350
409 2 2 1 3 349 422 366
410 2 2 1 3 106 375 107
411 2 2 1 3 375 384 338
412 2 2 1 3 100 429 101
413 2 2 1 3 89 383 88
414 2 2 1 3 337 386 372
415 2 2 1 3 372 386 352
416 2 2 1 3 338 385 369
417 2 2 1 3 366 404 336
418 2 2 1 3 336 404 367
419 2 2 1 3 332 398 395
420 2 2 1 3 402 432 365
421 2 2 1 3 398 408 342
422 2 2 1 3 103 392 372
423 2 2 1 3 345 424 412
424 2 2 1 3 90 376 89
425 2 2 1 3 339 383 376
426 2 2 1 3 395 398 351
427 2 2 1 3 328 396 364
428 2 2 1 3 410 426 17
429 2 2 1 3 331 393 369
430 2 2 1 3 369 401 331
431 2 2 1 3 370 371 83
432 2 2 1 3 364 396 342
433 2 2 1 3 330 457 387
434 2 2 1 3 87 382 86
435 2 2 1 3 100 405 355
436 2 2 1 3 96 378 95
437 2 2 1 3 112 379 113
438 2 2 1 3 378 407 350
439 2 2 1 3 328 380 368
440 2 2 1 3 1 415 22
441 2 2 1 3 366 390 349
442 2 2 1 3 81 415 1
443 2 2 1 3 341 407 378
444 2 2 1 3 102 392 103
445 2 2 1 3 344 402 365
446 2 2 1 3 373 437 340
447 2 2 1 3 83 371 82
448 2 2 1 3 350 394 367
449 2 2 1 3 334 427 397
450 2 2 1 3 333 425 397
451 2 2 1 3 341 435 374
452 2 2 1 3 20 416 19
453 2 2 1 3 334 417 368
454 2 2 1 3 330 407 381
455 2 2 1 3 388 396 343
456 2 2 1 3 369 393 338
457 2 2 1 3 340 437 379
458 2 2 1 3 378 435 341
459 2 2 1 3 389 440 331
460 2 2 1 3 21 411 20
461 2 2 1 3 339 401 369
462 2 2 1 3 357 417 397
463 2 2 1 3 18 410 17
464 2 2 1 3 375 421 107
465 2 2 1 3 342 396 388
466 2 2 1 3 333 431 371
467 2 2 1 3 92 404 366
468 2 2 1 3 367 404 93
469 2 2 1 3 340 400 373
470 2 2 1 3 374 399 341
471 2 2 1 3 84 413 370
472 2 2 1 3 381 391 330
473 2 2 1 3 371 431 346
474 2 2 1 3 87 418 382
475 2 2 1 3 372 392 337
476 2 2 1 3 90 422 376
477 2 2 1 3 333 450 360
478 2 2 1 3 424 428 329
479 2 2 1 3 348 421 375
480 2 2 1 3 332 395 385
481 2 2 1 3 99 405 100
482 2 2 1 3 376 422 349
483 2 2 1 3 368 424 409
484 2 2 1 3 360 431 333
485 2 2 1 3 374 435 97
486 2 2 1 3 114 437 373
487 2 2 1 3 365 412 344
488 2 2 1 3 382 418 351
489 2 2 1 3 350 423 378
490 2 2 1 3 378 423 95
491 2 2 1 3 363 426 410
492 2 2 1 3 112 420 379
493 2 2 1 3 379 420 347
494 2 2 1 3 368 428 424
495 2 2 1 3 363 427 409
496 2 2 1 3 338 439 385
497 2 2 1 3 397 425 357
498 2 2 1 3 373 447 114
499 2 2 1 3 370 425 333
500 2 2 1 3 386 419 352
501 2 2 1 3 332 419 386
502 2 2 1 3 97 446 374
503 2 2 1 3 330 436 407
504 2 2 1 3 16 403 15
505 2 2 1 3 377 402 344
506 2 2 1 3 380 428 368
507 2 2 1 3 381 407 341
508 2 2 1 3 371 438 82
509 2 2 1 3 346 438 371
510 2 2 1 3 328 417 357
511 2 2 1 3 386 408 332
512 2 2 1 3 383 418 88
513 2 2 1 3 97 435 96
514 2 2 1 3 329 430 355
515 2 2 1 3 113 437 114
516 2 2 1 3 351 418 383
517 2 2 1 3 370 413 343
518 2 2 1 3 354 450 397
519 2 2 1 3 93 404 92
520 2 2 1 3 385 439 419
521 2 2 1 3 353 428 380
522 2 2 1 3 356 453 381
523 2 2 1 3 105 414 384
524 2 2 1 3 96 435 378
525 2 2 1 3 379 437 113
526 2 2 1 3 401 441 331
527 2 2 1 3 368 417 328
528 2 2 1 3 381 453 391
529 2 2 1 3 384 414 352
530 2 2 1 3 109 406 110
531 2 2 1 3 409 427 334
532 2 2 1 3 331 440 393
533 2 2 1 3 101 443 102
534 2 2 1 3 425 442 357
535 2 2 1 3 16 426 403
536 2 2 1 3 340 453 400
537 2 2 1 3 400 453 356
538 2 2 1 3 385 419 332
539 2 2 1 3 332 408 398
540 2 2 1 3 85 413 84
541 2 2 1 3 99 448 405
542 2 2 1 3 403 432 15
543 2 2 1 3 397 450 333
544 2 2 1 3 391 453 340
545 2 2 1 3 352 439 384
546 2 2 1 3 412 424 329
547 2 2 1 3 384 439 338
548 2 2 1 3 387 457 347
549 2 2 1 3 82 438 81
550 2 2 1 3 353 430 428
551 2 2 1 3 357 442 328
552 2 2 1 3 2 444 98
553 2 2 1 3 12 444 2
554 2 2 1 3 104 414 105
555 2 2 1 3 388 413 85
556 2 2 1 3 348 440 389
557 2 2 1 3 343 413 388
558 2 2 1 3 98 448 99
559 2 2 1 3 406 455 110
560 2 2 1 3 109 454 406
561 2 2 1 3 88 418 87
562 2 2 1 3 343 425 370
563 2 2 1 3 17 426 16
564 2 2 1 3 91 422 90
565 2 2 1 3 95 423 94
566 2 2 1 3 343 442 425
567 2 2 1 3 111 420 112
568 2 2 1 3 107 421 108
569 2 2 1 3 361 455 406
570 2 2 1 3 406 454 362
571 2 2 1 3 7 447 76
572 2 2 1 3 392 443 353
573 2 2 1 3 19 434 18
574 2 2 1 3 402 456 13
575 2 2 1 3 80 446 4
576 2 2 1 3 114 447 7
577 2 2 1 3 4 446 97
578 2 2 1 3 409 449 363
579 2 2 1 3 22 445 21
580 2 2 1 3 15 432 14
581 2 2 1 3 390 441 349
582 2 2 1 3 400 451 373
583 2 2 1 3 111 455 420
584 2 2 1 3 421 454 108
585 2 2 1 3 411 431 360
586 2 2 1 3 374 452 399
587 2 2 1 3 347 457 391
588 2 2 1 3 346 431 411
589 2 2 1 3 76 451 77
590 2 2 1 3 79 452 80
591 2 2 1 3 345 449 409
592 2 2 1 3 13 456 12
593 2 2 1 3 377 456 402
594 2 2 1 3 350 436 394
595 2 2 1 3 108 454 109
596 2 2 1 3 110 455 111
597 2 2 1 3 393 440 348
598 2 2 1 3 349 441 401
599 2 2 1 3 391 457 330
600 2 2 1 3 429 443 101
601 2 2 1 3 102 443 392
602 2 2 1 3 360 450 416
603 2 2 1 3 416 450 354
604 2 2 1 3 409 424 345
605 2 2 1 3 328 442 396
606 2 2 1 3 18 434 410
607 2 2 1 3 396 442 343
608 2 2 1 3 399 452 79
609 2 2 1 3 77 451 400
610 2 2 1 3 81 438 415
611 2 2 1 3 426 449 403
612 2 2 1 3 416 434 19
613 2 2 1 3 407 436 350
614 2 2 1 3 355 430 429
615 2 2 1 3 21 445 411
616 2 2 1 3 410 434 354
617 2 2 1 3 410 427 363
618 2 2 1 3 354 427 410
619 2 2 1 3 411 445 346
620 2 2 1 3 415 445 22
621 2 2 1 3 80 452 446
622 2 2 1 3 446 452 374
623 2 2 1 3 444 448 98
624 2 2 1 3 447 451 76
625 2 2 1 3 373 451 447
626 2 2 1 3 354 434 416
627 2 2 1 3 419 439 352
628 2 2 1 3 377 448 444
629 2 2 1 3 346 445 415
630 2 2 1 3 403 449 345
631 2 2 1 3 428 430 329
632 2 2 1 3 12 456 444
633 2 2 1 3 429 430 353
634 2 2 1 3 444 456 377
635 2 2 1 3 415 438 346
636 2 2 1 3 363 449 426
637 2 2 1 3 353 443 429
638 2 2 1 4 513 677 636
639 2 2 1 4 75 552 74
640 2 2 1 4 120 529 119
641 2 2 1 4 115 607 552
642 2 2 1 4 116 607 115
643 2 2 1 4 66 559 65
644 2 2 1 4 463 568 542
645 2 2 1 4 542 568 487
646 2 2 1 4 541 584 480
647 2 2 1 4 467 614 582
648 2 2 1 4 541 607 117
649 2 2 1 4 515 627 460
650 2 2 1 4 479 554 553
651 2 2 1 4 553 554 494
652 2 2 1 4 495 569 537
653 2 2 1 4 537 569 464
654 2 2 1 4 103 634 599
655 2 2 1 4 470 628 543
656 2 2 1 4 501 568 534
657 2 2 1 4 534 568 463
658 2 2 1 4 511 621 470
659 2 2 1 4 545 570 459
660 2 2 1 4 490 570 545
661 2 2 1 4 24 566 23
662 2 2 1 4 532 684 500
663 2 2 1 4 500 684 646
664 2 2 1 4 480 584 578
665 2 2 1 4 461 677 513
666 2 2 1 4 506 575 567
667 2 2 1 4 524 570 490
668 2 2 1 4 567 575 493
669 2 2 1 4 112 609 535
670 2 2 1 4 36 571 35
671 2 2 1 4 504 666 582
672 2 2 1 4 463 602 534
673 2 2 1 4 512 674 582
674 2 2 1 4 540 578 498
675 2 2 1 4 525 605 495
676 2 2 1 4 528 626 497
677 2 2 1 4 475 618 534
678 2 2 1 4 534 618 501
679 2 2 1 4 42 573 41
680 2 2 1 4 564 568 501
681 2 2 1 4 487 568 564
682 2 2 1 4 552 610 74
683 2 2 1 4 66 596 559
684 2 2 1 4 517 656 606
685 2 2 1 4 30 574 29
686 2 2 1 4 557 602 463
687 2 2 1 4 582 614 512
688 2 2 1 4 498 687 540
689 2 2 1 4 117 607 116
690 2 2 1 4 101 531 100
691 2 2 1 4 604 687 498
692 2 2 1 4 490 602 524
693 2 2 1 4 606 656 505
694 2 2 1 4 495 643 525
695 2 2 1 4 558 569 495
696 2 2 1 4 486 569 558
697 2 2 1 4 531 533 100
698 2 2 1 4 557 701 602
699 2 2 1 4 460 635 515
700 2 2 1 4 586 633 519
701 2 2 1 4 468 670 508
702 2 2 1 4 522 616 593
703 2 2 1 4 593 616 487
704 2 2 1 4 492 633 586
705 2 2 1 4 599 634 510
706 2 2 1 4 120 577 529
707 2 2 1 4 469 627 561
708 2 2 1 4 36 678 571
709 2 2 1 4 610 687 73
710 2 2 1 4 100 533 99
711 2 2 1 4 42 686 573
712 2 2 1 4 529 592 119
713 2 2 1 4 545 613 502
714 2 2 1 4 574 692 29
715 2 2 1 4 483 628 556
716 2 2 1 4 129 538 128
717 2 2 1 4 459 613 545
718 2 2 1 4 555 621 485
719 2 2 1 4 535 683 492
720 2 2 1 4 533 669 99
721 2 2 1 4 24 611 566
722 2 2 1 4 40 548 39
723 2 2 1 4 508 581 468
724 2 2 1 4 46 549 45
725 2 2 1 4 509 621 555
726 2 2 1 4 556 628 509
727 2 2 1 4 518 722 539
728 2 2 1 4 497 620 528
729 2 2 1 4 545 589 490
730 2 2 1 4 514 589 545
731 2 2 1 4 539 691 518
732 2 2 1 4 107 558 106
733 2 2 1 4 109 560 108
734 2 2 1 4 513 630 461
735 2 2 1 4 536 656 459
736 2 2 1 4 505 656 536
737 2 2 1 4 476 642 581
738 2 2 1 4 113 609 112
739 2 2 1 4 98 669 547
740 2 2 1 4 67 684 596
741 2 2 1 4 484 647 548
742 2 2 1 4 540 687 610
743 2 2 1 4 553 640 479
744 2 2 1 4 530 604 498
745 2 2 1 4 25 699 611
746 2 2 1 4 560 661 486
747 2 2 1 4 488 630 513
748 2 2 1 4 478 657 530
749 2 2 1 4 534 714 475
750 2 2 1 4 34 556 33
751 2 2 1 4 32 555 31
752 2 2 1 4 548 647 491
753 2 2 1 4 618 638 529
754 2 2 1 4 475 638 618
755 2 2 1 4 482 583 535
756 2 2 1 4 556 650 483
757 2 2 1 4 129 585 538
758 2 2 1 4 558 605 106
759 2 2 1 4 542 703 497
760 2 2 1 4 562 606 505
761 2 2 1 4 466 606 562
762 2 2 1 4 539 722 601
763 2 2 1 4 515 635 489
764 2 2 1 4 578 667 498
765 2 2 1 4 542 690 463
766 2 2 1 4 499 584 541
767 2 2 1 4 582 666 467
768 2 2 1 4 109 702 560
769 2 2 1 4 480 578 540
770 2 2 1 4 492 668 535
771 2 2 1 4 537 643 495
772 2 2 1 4 486 661 595
773 2 2 1 4 623 640 553
774 2 2 1 4 498 655 530
775 2 2 1 4 530 655 478
776 2 2 1 4 500 600 532
777 2 2 1 4 513 689 488
778 2 2 1 4 502 698 545
779 2 2 1 4 512 614 481
780 2 2 1 4 543 631 470
781 2 2 1 4 74 610 73
782 2 2 1 4 564 717 487
783 2 2 1 4 511 672 621
784 2 2 1 4 487 717 593
785 2 2 1 4 482 596 532
786 2 2 1 4 602 714 534
787 2 2 1 4 547 669 503
788 2 2 1 4 487 616 542
789 2 2 1 4 528 709 626
790 2 2 1 4 532 682 482
791 2 2 1 4 583 683 535
792 2 2 1 4 67 596 66
793 2 2 1 4 481 614 531
794 2 2 1 4 550 600 500
795 2 2 1 4 466 600 550
796 2 2 1 4 25 611 24
797 2 2 1 4 535 668 112
798 2 2 1 4 477 674 617
799 2 2 1 4 539 601 494
800 2 2 1 4 509 628 621
801 2 2 1 4 536 649 505
802 2 2 1 4 538 675 468
803 2 2 1 4 459 645 536
804 2 2 1 4 544 639 502
805 2 2 1 4 465 639 544
806 2 2 1 4 544 644 478
807 2 2 1 4 535 609 482
808 2 2 1 4 494 727 673
809 2 2 1 4 474 587 561
810 2 2 1 4 464 673 537
811 2 2 1 4 541 659 499
812 2 2 1 4 70 580 69
813 2 2 1 4 545 698 514
814 2 2 1 4 480 607 541
815 2 2 1 4 470 636 511
816 2 2 1 4 502 644 544
817 2 2 1 4 581 642 520
818 2 2 1 4 117 659 541
819 2 2 1 4 124 593 123
820 2 2 1 4 551 699 629
821 2 2 1 4 503 590 547
822 2 2 1 4 551 629 508
823 2 2 1 4 489 696 515
824 2 2 1 4 508 670 551
825 2 2 1 4 494 676 539
826 2 2 1 4 669 706 503
827 2 2 1 4 673 727 537
828 2 2 1 4 99 669 98
829 2 2 1 4 103 599 102
830 2 2 1 4 596 684 532
831 2 2 1 4 497 690 542
832 2 2 1 4 540 610 480
833 2 2 1 4 567 716 632
834 2 2 1 4 578 584 465
835 2 2 1 4 495 605 558
836 2 2 1 4 617 647 484
837 2 2 1 4 497 703 620
838 2 2 1 4 124 712 593
839 2 2 1 4 560 702 519
840 2 2 1 4 562 633 492
841 2 2 1 4 499 638 594
842 2 2 1 4 489 588 565
843 2 2 1 4 594 639 465
844 2 2 1 4 514 639 594
845 2 2 1 4 616 660 471
846 2 2 1 4 500 657 550
847 2 2 1 4 561 696 462
848 2 2 1 4 478 655 544
849 2 2 1 4 628 715 543
850 2 2 1 4 70 713 580
851 2 2 1 4 602 701 524
852 2 2 1 4 529 638 592
853 2 2 1 4 469 617 546
854 2 2 1 4 642 677 520
855 2 2 1 4 566 710 131
856 2 2 1 4 485 652 555
857 2 2 1 4 638 671 594
858 2 2 1 4 590 700 547
859 2 2 1 4 544 655 498
860 2 2 1 4 522 660 616
861 2 2 1 4 498 667 544
862 2 2 1 4 632 716 516
863 2 2 1 4 623 723 693
864 2 2 1 4 561 627 515
865 2 2 1 4 567 632 506
866 2 2 1 4 38 572 37
867 2 2 1 4 46 590 549
868 2 2 1 4 561 587 469
869 2 2 1 4 548 597 39
870 2 2 1 4 548 651 484
871 2 2 1 4 544 667 465
872 2 2 1 4 549 598 45
873 2 2 1 4 623 693 496
874 2 2 1 4 517 606 550
875 2 2 1 4 550 606 466
876 2 2 1 4 475 714 589
877 2 2 1 4 481 658 512
878 2 2 1 4 462 631 543
879 2 2 1 4 563 654 518
880 2 2 1 4 520 677 664
881 2 2 1 4 44 576 43
882 2 2 1 4 523 637 474
883 2 2 1 4 493 603 520
884 2 2 1 4 583 682 466
885 2 2 1 4 462 663 561
886 2 2 1 4 561 663 474
887 2 2 1 4 483 650 571
888 2 2 1 4 127 575 126
889 2 2 1 4 592 638 499
890 2 2 1 4 657 705 550
891 2 2 1 4 131 710 130
892 2 2 1 4 28 579 27
893 2 2 1 4 531 622 481
894 2 2 1 4 468 603 538
895 2 2 1 4 611 699 551
896 2 2 1 4 613 644 502
897 2 2 1 4 517 644 613
898 2 2 1 4 626 709 458
899 2 2 1 4 556 625 33
900 2 2 1 4 32 625 555
901 2 2 1 4 466 682 600
902 2 2 1 4 527 692 574
903 2 2 1 4 573 686 526
904 2 2 1 4 571 678 523
905 2 2 1 4 121 577 120
906 2 2 1 4 538 603 591
907 2 2 1 4 576 598 504
908 2 2 1 4 34 650 556
909 2 2 1 4 40 651 548
910 2 2 1 4 572 597 491
911 2 2 1 4 505 694 562
912 2 2 1 4 558 619 486
913 2 2 1 4 75 718 552
914 2 2 1 4 547 695 98
915 2 2 1 4 486 619 560
916 2 2 1 4 472 661 633
917 2 2 1 4 480 610 552
918 2 2 1 4 573 651 41
919 2 2 1 4 526 624 477
920 2 2 1 4 550 705 517
921 2 2 1 4 552 607 480
922 2 2 1 4 559 596 482
923 2 2 1 4 458 680 676
924 2 2 1 4 30 652 574
925 2 2 1 4 530 657 580
926 2 2 1 4 479 662 554
927 2 2 1 4 482 609 559
928 2 2 1 4 557 690 497
929 2 2 1 4 515 696 561
930 2 2 1 4 476 672 642
931 2 2 1 4 587 637 491
932 2 2 1 4 617 674 546
933 2 2 1 4 474 612 523
934 2 2 1 4 469 647 617
935 2 2 1 4 525 708 605
936 2 2 1 4 464 623 553
937 2 2 1 4 127 591 575
938 2 2 1 4 554 626 458
939 2 2 1 4 491 647 587
940 2 2 1 4 488 709 679
941 2 2 1 4 476 615 527
942 2 2 1 4 565 588 488
943 2 2 1 4 538 591 128
944 2 2 1 4 546 627 469
945 2 2 1 4 520 726 581
946 2 2 1 4 601 727 494
947 2 2 1 4 107 619 558
948 2 2 1 4 555 652 31
949 2 2 1 4 586 668 492
950 2 2 1 4 560 619 108
951 2 2 1 4 633 661 519
952 2 2 1 4 564 665 122
953 2 2 1 4 554 676 494
954 2 2 1 4 621 672 485
955 2 2 1 4 553 673 464
956 2 2 1 4 663 715 474
957 2 2 1 4 571 650 35
958 2 2 1 4 474 637 587
959 2 2 1 4 580 713 530
960 2 2 1 4 497 662 557
961 2 2 1 4 584 594 465
962 2 2 1 4 499 594 584
963 2 2 1 4 507 611 551
964 2 2 1 4 552 718 115
965 2 2 1 4 559 720 65
966 2 2 1 4 621 628 470
967 2 2 1 4 562 683 466
968 2 2 1 4 128 591 127
969 2 2 1 4 130 585 129
970 2 2 1 4 477 648 526
971 2 2 1 4 562 694 633
972 2 2 1 4 676 680 539
973 2 2 1 4 508 629 579
974 2 2 1 4 111 586 110
975 2 2 1 4 613 656 517
976 2 2 1 4 588 709 488
977 2 2 1 4 119 592 118
978 2 2 1 4 47 590 46
979 2 2 1 4 582 624 504
980 2 2 1 4 489 680 588
981 2 2 1 4 527 653 476
982 2 2 1 4 575 591 493
983 2 2 1 4 484 651 573
984 2 2 1 4 486 641 569
985 2 2 1 4 104 634 103
986 2 2 1 4 501 665 564
987 2 2 1 4 458 676 554
988 2 2 1 4 494 673 553
989 2 2 1 4 478 705 657
990 2 2 1 4 593 712 522
991 2 2 1 4 569 641 464
992 2 2 1 4 574 652 485
993 2 2 1 4 463 690 557
994 2 2 1 4 504 624 576
995 2 2 1 4 38 597 572
996 2 2 1 4 488 689 565
997 2 2 1 4 518 724 563
998 2 2 1 4 490 714 602
999 2 2 1 4 101 622 531
1000 2 2 1 4 577 618 529
1001 2 2 1 4 566 721 23
1002 2 2 1 4 44 598 576
1003 2 2 1 4 520 664 493
1004 2 2 1 4 39 597 38
1005 2 2 1 4 491 637 572
1006 2 2 1 4 45 598 44
1007 2 2 1 4 519 661 560
1008 2 2 1 4 102 622 101
1009 2 2 1 4 41 651 40
1010 2 2 1 4 508 615 581
1011 2 2 1 4 510 654 563
1012 2 2 1 4 579 629 27
1013 2 2 1 4 477 624 582
1014 2 2 1 4 106 605 105
1015 2 2 1 4 589 671 475
1016 2 2 1 4 514 671 589
1017 2 2 1 4 565 696 489
1018 2 2 1 4 491 597 548
1019 2 2 1 4 499 659 592
1020 2 2 1 4 501 618 577
1021 2 2 1 4 31 652 30
1022 2 2 1 4 473 688 643
1023 2 2 1 4 579 615 508
1024 2 2 1 4 504 598 549
1025 2 2 1 4 591 603 493
1026 2 2 1 4 549 590 503
1027 2 2 1 4 519 702 586
1028 2 2 1 4 33 625 32
1029 2 2 1 4 483 715 628
1030 2 2 1 4 72 604 71
1031 2 2 1 4 27 629 26
1032 2 2 1 4 572 678 37
1033 2 2 1 4 462 689 631
1034 2 2 1 4 492 683 562
1035 2 2 1 4 122 665 121
1036 2 2 1 4 118 659 117
1037 2 2 1 4 585 675 538
1038 2 2 1 4 649 694 505
1039 2 2 1 4 662 701 557
1040 2 2 1 4 479 701 662
1041 2 2 1 4 563 697 510
1042 2 2 1 4 530 713 604
1043 2 2 1 4 576 686 43
1044 2 2 1 4 131 721 566
1045 2 2 1 4 523 612 571
1046 2 2 1 4 126 685 125
1047 2 2 1 4 654 722 518
1048 2 2 1 4 546 674 512
1049 2 2 1 4 122 717 564
1050 2 2 1 4 28 692 579
1051 2 2 1 4 466 683 583
1052 2 2 1 4 570 645 459
1053 2 2 1 4 577 665 501
1054 2 2 1 4 563 724 658
1055 2 2 1 4 595 641 486
1056 2 2 1 4 496 640 623
1057 2 2 1 4 636 677 511
1058 2 2 1 4 112 668 111
1059 2 2 1 4 658 724 460
1060 2 2 1 4 533 706 669
1061 2 2 1 4 537 727 643
1062 2 2 1 4 509 625 556
1063 2 2 1 4 555 625 509
1064 2 2 1 4 484 648 617
1065 2 2 1 4 108 619 107
1066 2 2 1 4 643 688 525
1067 2 2 1 4 581 615 476
1068 2 2 1 4 551 670 507
1069 2 2 1 4 526 648 573
1070 2 2 1 4 627 719 460
1071 2 2 1 4 2 695 48
1072 2 2 1 4 125 685 608
1073 2 2 1 4 588 680 458
1074 2 2 1 4 586 702 110
1075 2 2 1 4 543 663 462
1076 2 2 1 4 574 653 527
1077 2 2 1 4 531 707 533
1078 2 2 1 4 465 667 578
1079 2 2 1 4 580 646 69
1080 2 2 1 4 493 664 567
1081 2 2 1 4 567 664 461
1082 2 2 1 4 528 681 679
1083 2 2 1 4 599 622 102
1084 2 2 1 4 98 695 2
1085 2 2 1 4 543 715 663
1086 2 2 1 4 485 653 574
1087 2 2 1 4 573 648 484
1088 2 2 1 4 566 611 507
1089 2 2 1 4 571 612 483
1090 2 2 1 4 461 716 567
1091 2 2 1 4 47 700 590
1092 2 2 1 4 693 704 536
1093 2 2 1 4 642 672 511
1094 2 2 1 4 546 719 627
1095 2 2 1 4 605 708 105
1096 2 2 1 4 554 662 626
1097 2 2 1 4 121 665 577
1098 2 2 1 4 595 661 472
1099 2 2 1 4 521 641 595
1100 2 2 1 4 500 646 580
1101 2 2 1 4 35 650 34
1102 2 2 1 4 587 647 469
1103 2 2 1 4 616 703 542
1104 2 2 1 4 595 704 521
1105 2 2 1 4 472 704 595
1106 2 2 1 4 580 657 500
1107 2 2 1 4 527 615 579
1108 2 2 1 4 69 646 68
1109 2 2 1 4 524 711 570
1110 2 2 1 4 506 685 575
1111 2 2 1 4 462 696 689
1112 2 2 1 4 576 624 526
1113 2 2 1 4 125 712 124
1114 2 2 1 4 629 699 26
1115 2 2 1 4 115 718 6
1116 2 2 1 4 523 678 572
1117 2 2 1 4 693 723 521
1118 2 2 1 4 474 715 612
1119 2 2 1 4 572 637 523
1120 2 2 1 4 592 659 118
1121 2 2 1 4 503 666 549
1122 2 2 1 4 72 687 604
1123 2 2 1 4 526 686 576
1124 2 2 1 4 471 660 632
1125 2 2 1 4 626 662 497
1126 2 2 1 4 604 713 71
1127 2 2 1 4 579 692 527
1128 2 2 1 4 617 648 477
1129 2 2 1 4 679 709 528
1130 2 2 1 4 549 666 504
1131 2 2 1 4 653 672 476
1132 2 2 1 4 666 706 467
1133 2 2 1 4 658 697 563
1134 2 2 1 4 600 682 532
1135 2 2 1 4 664 677 461
1136 2 2 1 4 575 685 126
1137 2 2 1 4 620 681 528
1138 2 2 1 4 482 682 583
1139 2 2 1 4 467 707 614
1140 2 2 1 4 7 720 114
1141 2 2 1 4 507 675 585
1142 2 2 1 4 631 636 470
1143 2 2 1 4 512 719 546
1144 2 2 1 4 3 721 131
1145 2 2 1 4 123 717 122
1146 2 2 1 4 506 660 608
1147 2 2 1 4 6 718 75
1148 2 2 1 4 459 656 613
1149 2 2 1 4 111 668 586
1150 2 2 1 4 481 622 599
1151 2 2 1 4 37 678 36
1152 2 2 1 4 679 681 516
1153 2 2 1 4 582 674 477
1154 2 2 1 4 608 660 522
1155 2 2 1 4 608 712 125
1156 2 2 1 4 594 671 514
1157 2 2 1 4 630 679 516
1158 2 2 1 4 488 679 630
1159 2 2 1 4 496 693 645
1160 2 2 1 4 645 693 536
1161 2 2 1 4 689 696 565
1162 2 2 1 4 65 720 7
1163 2 2 1 4 43 686 42
1164 2 2 1 4 481 697 658
1165 2 2 1 4 521 704 693
1166 2 2 1 4 631 689 513
1167 2 2 1 4 634 688 510
1168 2 2 1 4 525 688 634
1169 2 2 1 4 29 692 28
1170 2 2 1 4 48 700 47
1171 2 2 1 4 643 727 473
1172 2 2 1 4 632 681 471
1173 2 2 1 4 516 681 632
1174 2 2 1 4 632 660 506
1175 2 2 1 4 536 704 649
1176 2 2 1 4 507 710 566
1177 2 2 1 4 646 684 68
1178 2 2 1 4 26 699 25
1179 2 2 1 4 641 723 464
1180 2 2 1 4 670 675 507
1181 2 2 1 4 110 702 109
1182 2 2 1 4 608 685 506
1183 2 2 1 4 105 708 104
1184 2 2 1 4 130 710 585
1185 2 2 1 4 458 709 588
1186 2 2 1 4 68 684 67
1187 2 2 1 4 73 687 72
1188 2 2 1 4 609 725 559
1189 2 2 1 4 114 725 113
1190 2 2 1 4 589 714 490
1191 2 2 1 4 485 672 653
1192 2 2 1 4 585 710 507
1193 2 2 1 4 640 701 479
1194 2 2 1 4 524 701 640
1195 2 2 1 4 104 708 634
1196 2 2 1 4 23 721 3
1197 2 2 1 4 593 717 123
1198 2 2 1 4 635 691 489
1199 2 2 1 4 518 691 635
1200 2 2 1 4 510 697 599
1201 2 2 1 4 503 706 666
1202 2 2 1 4 71 713 70
1203 2 2 1 4 468 726 603
1204 2 2 1 4 475 671 638
1205 2 2 1 4 634 708 525
1206 2 2 1 4 599 697 481
1207 2 2 1 4 654 688 473
1208 2 2 1 4 614 707 531
1209 2 2 1 4 640 711 524
1210 2 2 1 4 496 711 640
1211 2 2 1 4 601 722 473
1212 2 2 1 4 471 681 620
1213 2 2 1 4 473 727 601
1214 2 2 1 4 570 711 645
1215 2 2 1 4 471 703 616
1216 2 2 1 4 645 711 496
1217 2 2 1 4 511 677 642
1218 2 2 1 4 522 712 608
1219 2 2 1 4 113 725 609
1220 2 2 1 4 633 694 472
1221 2 2 1 4 620 703 471
1222 2 2 1 4 513 636 631
1223 2 2 1 4 521 723 641
1224 2 2 1 4 517 705 644
1225 2 2 1 4 644 705 478
1226 2 2 1 4 581 726 468
1227 2 2 1 4 630 716 461
1228 2 2 1 4 516 716 630
1229 2 2 1 4 473 722 654
1230 2 2 1 4 658 719 512
1231 2 2 1 4 639 698 502
1232 2 2 1 4 514 698 639
1233 2 2 1 4 472 694 649
1234 2 2 1 4 695 700 48
1235 2 2 1 4 464 723 623
1236 2 2 1 4 510 688 654
1237 2 2 1 4 460 724 635
1238 2 2 1 4 649 704 472
1239 2 2 1 4 635 724 518
1240 2 2 1 4 603 726 520
1241 2 2 1 4 489 691 680
1242 2 2 1 4 680 691 539
1243 2 2 1 4 612 715 483
1244 2 2 1 4 720 725 114
1245 2 2 1 4 559 725 720
1246 2 2 1 4 460 719 658
1247 2 2 1 4 468 675 670
1248 2 2 1 4 547 700 695
1249 2 2 1 4 533 707 706
1250 2 2 1 4 706 707 467
1251 2 2 2 5 907 976 783
1252 2 2 2 5 910 1092 775
1253 2 2 2 5 963 1099 740
1254 2 2 2 5 864 1099 963
1255 2 2 2 5 796 1030 947
1256 2 2 2 5 880 1029 799
1257 2 2 2 5 1168 1204 844
1258 2 2 2 5 1099 1145 884
1259 2 2 2 5 844 1204 951
1260 2 2 2 5 153 901 154
1261 2 2 2 5 952 1102 822
1262 2 2 2 5 859 1102 952
1263 2 2 2 5 898 945 803
1264 2 2 2 5 789 1254 917
1265 2 2 2 5 789 1345 1254
1266 2 2 2 5 788 982 909
1267 2 2 2 5 769 1066 882
1268 2 2 2 5 882 1066 797
1269 2 2 2 5 922 1230 1204
1270 2 2 2 5 884 1252 1099
1271 2 2 2 5 775 1341 891
1272 2 2 2 5 799 1086 880
1273 2 2 2 5 873 1104 978
1274 2 2 2 5 978 1104 761
1275 2 2 2 5 744 1048 975
1276 2 2 2 5 975 1048 856
1277 2 2 2 5 904 978 761
1278 2 2 2 5 790 978 904
1279 2 2 2 5 882 1134 769
1280 2 2 2 5 941 1021 832
1281 2 2 2 5 922 1204 768
1282 2 2 2 5 193 1075 887
1283 2 2 2 5 914 1038 210
1284 2 2 2 5 894 1215 1049
1285 2 2 2 5 862 1128 944
1286 2 2 2 5 944 1128 738
1287 2 2 2 5 1049 1260 894
1288 2 2 2 5 776 1254 1023
1289 2 2 2 5 794 1117 977
1290 2 2 2 5 903 1282 784
1291 2 2 2 5 933 1005 804
1292 2 2 2 5 745 1005 933
1293 2 2 2 5 1035 1117 794
1294 2 2 2 5 752 1172 930
1295 2 2 2 5 885 1013 762
1296 2 2 2 5 818 1082 957
1297 2 2 2 5 933 995 778
1298 2 2 2 5 762 1020 885
1299 2 2 2 5 778 995 934
1300 2 2 2 5 219 1144 895
1301 2 2 2 5 938 1010 755
1302 2 2 2 5 812 1010 938
1303 2 2 2 5 925 1019 745
1304 2 2 2 5 806 1019 925
1305 2 2 2 5 775 1012 910
1306 2 2 2 5 910 1012 794
1307 2 2 2 5 933 1001 745
1308 2 2 2 5 923 966 141
1309 2 2 2 5 205 965 924
1310 2 2 2 5 947 1030 816
1311 2 2 2 5 739 1178 1136
1312 2 2 2 5 902 986 796
1313 2 2 2 5 919 1328 736
1314 2 2 2 5 900 1104 812
1315 2 2 2 5 787 1048 893
1316 2 2 2 5 900 1090 733
1317 2 2 2 5 812 1090 900
1318 2 2 2 5 797 1047 882
1319 2 2 2 5 736 1328 927
1320 2 2 2 5 874 1186 990
1321 2 2 2 5 811 1152 887
1322 2 2 2 5 1021 1133 832
1323 2 2 2 5 833 1153 921
1324 2 2 2 5 222 939 221
1325 2 2 2 5 1082 1263 957
1326 2 2 2 5 752 1244 1172
1327 2 2 2 5 893 1008 787
1328 2 2 2 5 887 1193 193
1329 2 2 2 5 891 1052 775
1330 2 2 2 5 784 1282 920
1331 2 2 2 5 783 1280 907
1332 2 2 2 5 924 965 782
1333 2 2 2 5 781 966 923
1334 2 2 2 5 875 1169 987
1335 2 2 2 5 1142 1179 740
1336 2 2 2 5 783 943 930
1337 2 2 2 5 896 1114 176
1338 2 2 2 5 829 1170 938
1339 2 2 2 5 998 1011 827
1340 2 2 2 5 780 950 918
1341 2 2 2 5 808 1132 888
1342 2 2 2 5 821 1191 1016
1343 2 2 2 5 915 988 815
1344 2 2 2 5 910 1183 1092
1345 2 2 2 5 949 956 743
1346 2 2 2 5 795 956 949
1347 2 2 2 5 185 1292 953
1348 2 2 2 5 772 1139 970
1349 2 2 2 5 970 1139 874
1350 2 2 2 5 888 1084 808
1351 2 2 2 5 788 983 982
1352 2 2 2 5 982 983 828
1353 2 2 2 5 973 1102 859
1354 2 2 2 5 754 1102 973
1355 2 2 2 5 887 1075 811
1356 2 2 2 5 802 1196 893
1357 2 2 2 5 990 1186 770
1358 2 2 2 5 953 1163 808
1359 2 2 2 5 904 1107 819
1360 2 2 2 5 761 1107 904
1361 2 2 2 5 827 1088 964
1362 2 2 2 5 185 953 184
1363 2 2 2 5 160 937 161
1364 2 2 2 5 909 1111 759
1365 2 2 2 5 824 1111 909
1366 2 2 2 5 913 1120 169
1367 2 2 2 5 922 1027 779
1368 2 2 2 5 891 1341 994
1369 2 2 2 5 1155 1301 872
1370 2 2 2 5 938 1170 1090
1371 2 2 2 5 808 1163 1051
1372 2 2 2 5 987 1169 735
1373 2 2 2 5 843 1049 1035
1374 2 2 2 5 802 1260 1049
1375 2 2 2 5 893 1100 802
1376 2 2 2 5 744 1100 893
1377 2 2 2 5 893 1048 744
1378 2 2 2 5 896 1173 809
1379 2 2 2 5 140 923 141
1380 2 2 2 5 205 924 204
1381 2 2 2 5 909 1021 788
1382 2 2 2 5 1023 1254 890
1383 2 2 2 5 827 1113 1088
1384 2 2 2 5 912 1038 793
1385 2 2 2 5 809 1108 896
1386 2 2 2 5 904 1028 790
1387 2 2 2 5 938 1344 829
1388 2 2 2 5 1049 1215 734
1389 2 2 2 5 856 1243 931
1390 2 2 2 5 819 1310 904
1391 2 2 2 5 743 1031 916
1392 2 2 2 5 1143 1294 871
1393 2 2 2 5 989 1344 938
1394 2 2 2 5 793 1011 998
1395 2 2 2 5 170 985 171
1396 2 2 2 5 786 1026 955
1397 2 2 2 5 954 1025 785
1398 2 2 2 5 939 1207 221
1399 2 2 2 5 1065 1268 886
1400 2 2 2 5 1153 1223 921
1401 2 2 2 5 803 1296 898
1402 2 2 2 5 895 1126 219
1403 2 2 2 5 176 1173 896
1404 2 2 2 5 962 1178 739
1405 2 2 2 5 740 1179 963
1406 2 2 2 5 937 1283 161
1407 2 2 2 5 210 1038 209
1408 2 2 2 5 897 1162 771
1409 2 2 2 5 1016 1191 858
1410 2 2 2 5 934 1342 741
1411 2 2 2 5 1108 1168 896
1412 2 2 2 5 1204 1230 857
1413 2 2 2 5 1023 1340 776
1414 2 2 2 5 225 951 224
1415 2 2 2 5 981 1309 905
1416 2 2 2 5 909 1210 824
1417 2 2 2 5 1126 1278 791
1418 2 2 2 5 771 1227 897
1419 2 2 2 5 846 1224 911
1420 2 2 2 5 768 1308 922
1421 2 2 2 5 911 1219 846
1422 2 2 2 5 768 1168 1108
1423 2 2 2 5 1035 1049 734
1424 2 2 2 5 733 1083 900
1425 2 2 2 5 872 1301 1040
1426 2 2 2 5 1099 1252 740
1427 2 2 2 5 750 1110 992
1428 2 2 2 5 759 1021 909
1429 2 2 2 5 846 1219 906
1430 2 2 2 5 906 1219 770
1431 2 2 2 5 748 1006 928
1432 2 2 2 5 929 1007 749
1433 2 2 2 5 771 1309 981
1434 2 2 2 5 190 1271 996
1435 2 2 2 5 796 1192 902
1436 2 2 2 5 141 966 142
1437 2 2 2 5 206 965 205
1438 2 2 2 5 944 1101 780
1439 2 2 2 5 931 1243 987
1440 2 2 2 5 793 1265 912
1441 2 2 2 5 923 1094 781
1442 2 2 2 5 782 1095 924
1443 2 2 2 5 1020 1198 876
1444 2 2 2 5 995 1342 934
1445 2 2 2 5 843 1035 1012
1446 2 2 2 5 1012 1035 794
1447 2 2 2 5 747 1116 926
1448 2 2 2 5 931 987 735
1449 2 2 2 5 784 1235 903
1450 2 2 2 5 905 1137 737
1451 2 2 2 5 953 1292 880
1452 2 2 2 5 910 1264 739
1453 2 2 2 5 744 975 957
1454 2 2 2 5 957 975 799
1455 2 2 2 5 794 1032 910
1456 2 2 2 5 1023 1259 165
1457 2 2 2 5 840 1043 928
1458 2 2 2 5 929 1042 839
1459 2 2 2 5 153 1062 901
1460 2 2 2 5 170 1120 985
1461 2 2 2 5 901 1074 154
1462 2 2 2 5 906 1140 846
1463 2 2 2 5 997 1056 742
1464 2 2 2 5 845 1056 997
1465 2 2 2 5 780 1101 958
1466 2 2 2 5 739 1183 910
1467 2 2 2 5 188 948 187
1468 2 2 2 5 135 955 136
1469 2 2 2 5 200 954 199
1470 2 2 2 5 746 986 936
1471 2 2 2 5 881 1285 1091
1472 2 2 2 5 907 1085 976
1473 2 2 2 5 788 1021 941
1474 2 2 2 5 737 1157 905
1475 2 2 2 5 157 942 158
1476 2 2 2 5 804 995 933
1477 2 2 2 5 1027 1304 779
1478 2 2 2 5 145 974 146
1479 2 2 2 5 916 1081 792
1480 2 2 2 5 915 1200 839
1481 2 2 2 5 755 989 938
1482 2 2 2 5 815 1145 1099
1483 2 2 2 5 839 1205 915
1484 2 2 2 5 980 1060 837
1485 2 2 2 5 838 1061 979
1486 2 2 2 5 969 1126 791
1487 2 2 2 5 900 1203 1104
1488 2 2 2 5 837 1060 1007
1489 2 2 2 5 1007 1060 749
1490 2 2 2 5 1006 1061 838
1491 2 2 2 5 748 1061 1006
1492 2 2 2 5 1165 1268 766
1493 2 2 2 5 816 1222 947
1494 2 2 2 5 916 1182 743
1495 2 2 2 5 795 1120 913
1496 2 2 2 5 770 1219 1146
1497 2 2 2 5 1222 1244 947
1498 2 2 2 5 934 1022 834
1499 2 2 2 5 190 996 189
1500 2 2 2 5 964 998 827
1501 2 2 2 5 1193 1257 807
1502 2 2 2 5 814 1094 923
1503 2 2 2 5 924 1095 813
1504 2 2 2 5 203 960 202
1505 2 2 2 5 138 961 139
1506 2 2 2 5 786 1233 1026
1507 2 2 2 5 1025 1234 785
1508 2 2 2 5 917 1041 789
1509 2 2 2 5 913 1070 795
1510 2 2 2 5 213 1361 212
1511 2 2 2 5 1008 1302 787
1512 2 2 2 5 921 1302 1008
1513 2 2 2 5 148 991 149
1514 2 2 2 5 871 1294 1044
1515 2 2 2 5 992 1110 836
1516 2 2 2 5 974 1297 146
1517 2 2 2 5 936 1325 746
1518 2 2 2 5 1146 1219 911
1519 2 2 2 5 833 1327 1103
1520 2 2 2 5 886 1271 1065
1521 2 2 2 5 220 1144 219
1522 2 2 2 5 774 1270 1033
1523 2 2 2 5 933 1148 1001
1524 2 2 2 5 169 1171 913
1525 2 2 2 5 934 1154 778
1526 2 2 2 5 834 1154 934
1527 2 2 2 5 773 1067 919
1528 2 2 2 5 1022 1254 776
1529 2 2 2 5 917 1254 1022
1530 2 2 2 5 212 1361 950
1531 2 2 2 5 762 1198 1020
1532 2 2 2 5 770 1360 906
1533 2 2 2 5 815 1079 915
1534 2 2 2 5 1091 1329 881
1535 2 2 2 5 991 1140 149
1536 2 2 2 5 925 1351 806
1537 2 2 2 5 1010 1128 862
1538 2 2 2 5 979 1061 811
1539 2 2 2 5 810 1060 980
1540 2 2 2 5 982 1210 909
1541 2 2 2 5 1033 1270 908
1542 2 2 2 5 216 968 215
1543 2 2 2 5 918 1361 214
1544 2 2 2 5 210 1241 914
1545 2 2 2 5 974 1134 882
1546 2 2 2 5 918 1068 801
1547 2 2 2 5 792 1182 916
1548 2 2 2 5 1063 1185 738
1549 2 2 2 5 908 1185 1063
1550 2 2 2 5 169 1120 170
1551 2 2 2 5 970 1064 806
1552 2 2 2 5 1115 1310 819
1553 2 2 2 5 941 1130 760
1554 2 2 2 5 832 1130 941
1555 2 2 2 5 164 1023 165
1556 2 2 2 5 996 1271 886
1557 2 2 2 5 214 1068 918
1558 2 2 2 5 948 1029 187
1559 2 2 2 5 736 1072 919
1560 2 2 2 5 895 1278 1126
1561 2 2 2 5 940 1307 867
1562 2 2 2 5 200 1025 954
1563 2 2 2 5 955 1026 136
1564 2 2 2 5 208 1267 1160
1565 2 2 2 5 847 1109 914
1566 2 2 2 5 1031 1356 916
1567 2 2 2 5 928 1043 830
1568 2 2 2 5 10 1135 226
1569 2 2 2 5 774 1033 940
1570 2 2 2 5 890 1259 1023
1571 2 2 2 5 958 1156 751
1572 2 2 2 5 853 1156 958
1573 2 2 2 5 218 969 217
1574 2 2 2 5 1136 1178 859
1575 2 2 2 5 914 1241 847
1576 2 2 2 5 1016 1349 1262
1577 2 2 2 5 1045 1192 730
1578 2 2 2 5 902 1192 1045
1579 2 2 2 5 225 1237 951
1580 2 2 2 5 805 1072 990
1581 2 2 2 5 140 1078 923
1582 2 2 2 5 924 1077 204
1583 2 2 2 5 779 1230 922
1584 2 2 2 5 807 1268 1065
1585 2 2 2 5 1010 1251 1128
1586 2 2 2 5 986 1030 796
1587 2 2 2 5 738 1101 944
1588 2 2 2 5 143 993 144
1589 2 2 2 5 1085 1170 829
1590 2 2 2 5 907 1170 1085
1591 2 2 2 5 918 1097 780
1592 2 2 2 5 801 1097 918
1593 2 2 2 5 927 1064 736
1594 2 2 2 5 1052 1327 1279
1595 2 2 2 5 178 1135 10
1596 2 2 2 5 1123 1145 763
1597 2 2 2 5 1041 1303 741
1598 2 2 2 5 927 1253 777
1599 2 2 2 5 919 1281 773
1600 2 2 2 5 1116 1364 926
1601 2 2 2 5 830 1242 928
1602 2 2 2 5 1065 1193 807
1603 2 2 2 5 932 1057 798
1604 2 2 2 5 752 1081 1057
1605 2 2 2 5 932 1192 796
1606 2 2 2 5 923 1078 814
1607 2 2 2 5 813 1077 924
1608 2 2 2 5 754 998 964
1609 2 2 2 5 1103 1327 891
1610 2 2 2 5 917 1303 1041
1611 2 2 2 5 800 1325 936
1612 2 2 2 5 182 1076 181
1613 2 2 2 5 194 1075 193
1614 2 2 2 5 921 1125 833
1615 2 2 2 5 932 1232 730
1616 2 2 2 5 817 1123 971
1617 2 2 2 5 920 1167 784
1618 2 2 2 5 1195 1222 733
1619 2 2 2 5 994 1087 728
1620 2 2 2 5 849 1087 994
1621 2 2 2 5 930 1081 752
1622 2 2 2 5 1040 1121 732
1623 2 2 2 5 870 1121 1040
1624 2 2 2 5 822 1098 952
1625 2 2 2 5 886 1268 1165
1626 2 2 2 5 891 1327 1052
1627 2 2 2 5 799 1029 948
1628 2 2 2 5 892 1349 1016
1629 2 2 2 5 840 1117 1043
1630 2 2 2 5 858 1179 1142
1631 2 2 2 5 222 1073 939
1632 2 2 2 5 795 1070 956
1633 2 2 2 5 977 1176 794
1634 2 2 2 5 940 1301 774
1635 2 2 2 5 870 1301 940
1636 2 2 2 5 774 1301 1155
1637 2 2 2 5 926 1118 747
1638 2 2 2 5 745 1019 1005
1639 2 2 2 5 1005 1019 823
1640 2 2 2 5 758 1258 1228
1641 2 2 2 5 963 1319 864
1642 2 2 2 5 865 1318 962
1643 2 2 2 5 745 1206 925
1644 2 2 2 5 777 1253 936
1645 2 2 2 5 135 1174 955
1646 2 2 2 5 954 1175 199
1647 2 2 2 5 1009 1110 750
1648 2 2 2 5 866 1306 935
1649 2 2 2 5 754 1119 998
1650 2 2 2 5 798 1232 932
1651 2 2 2 5 884 1145 1123
1652 2 2 2 5 773 1294 1143
1653 2 2 2 5 143 1161 993
1654 2 2 2 5 777 1216 927
1655 2 2 2 5 931 1320 856
1656 2 2 2 5 1017 1051 831
1657 2 2 2 5 1018 1050 830
1658 2 2 2 5 960 1059 854
1659 2 2 2 5 855 1058 961
1660 2 2 2 5 1079 1258 758
1661 2 2 2 5 148 1047 991
1662 2 2 2 5 176 1114 177
1663 2 2 2 5 987 1302 875
1664 2 2 2 5 833 1103 971
1665 2 2 2 5 971 1103 728
1666 2 2 2 5 160 1080 937
1667 2 2 2 5 798 1356 1031
1668 2 2 2 5 928 1242 748
1669 2 2 2 5 737 1137 943
1670 2 2 2 5 733 1222 1083
1671 2 2 2 5 1063 1128 873
1672 2 2 2 5 749 1298 929
1673 2 2 2 5 1138 1351 925
1674 2 2 2 5 928 1150 840
1675 2 2 2 5 839 1151 929
1676 2 2 2 5 930 1172 783
1677 2 2 2 5 942 1036 158
1678 2 2 2 5 968 1034 801
1679 2 2 2 5 852 1034 968
1680 2 2 2 5 1081 1356 1057
1681 2 2 2 5 960 1212 202
1682 2 2 2 5 138 1213 961
1683 2 2 2 5 851 1160 1119
1684 2 2 2 5 1119 1160 912
1685 2 2 2 5 912 1267 1038
1686 2 2 2 5 735 1343 931
1687 2 2 2 5 1042 1298 831
1688 2 2 2 5 929 1298 1042
1689 2 2 2 5 882 1297 974
1690 2 2 2 5 936 1253 800
1691 2 2 2 5 738 1128 1063
1692 2 2 2 5 796 1131 932
1693 2 2 2 5 946 1325 800
1694 2 2 2 5 823 1019 1014
1695 2 2 2 5 1014 1019 806
1696 2 2 2 5 778 1148 933
1697 2 2 2 5 806 1351 970
1698 2 2 2 5 972 1191 753
1699 2 2 2 5 858 1191 972
1700 2 2 2 5 730 1192 932
1701 2 2 2 5 911 1224 1039
1702 2 2 2 5 902 1288 1194
1703 2 2 2 5 752 1131 947
1704 2 2 2 5 938 1090 812
1705 2 2 2 5 1113 1141 872
1706 2 2 2 5 133 980 134
1707 2 2 2 5 198 979 197
1708 2 2 2 5 182 1347 1076
1709 2 2 2 5 875 1223 988
1710 2 2 2 5 988 1223 763
1711 2 2 2 5 1081 1336 792
1712 2 2 2 5 1033 1307 940
1713 2 2 2 5 925 1206 1138
1714 2 2 2 5 1160 1267 912
1715 2 2 2 5 1024 1049 843
1716 2 2 2 5 897 1227 1046
1717 2 2 2 5 794 1176 1032
1718 2 2 2 5 900 1250 1203
1719 2 2 2 5 992 1305 750
1720 2 2 2 5 741 1303 934
1721 2 2 2 5 201 1025 200
1722 2 2 2 5 136 1026 137
1723 2 2 2 5 1098 1352 952
1724 2 2 2 5 1094 1319 963
1725 2 2 2 5 962 1318 1095
1726 2 2 2 5 147 1047 148
1727 2 2 2 5 825 1364 1116
1728 2 2 2 5 1034 1211 801
1729 2 2 2 5 975 1086 799
1730 2 2 2 5 935 1236 866
1731 2 2 2 5 846 1140 991
1732 2 2 2 5 759 1133 1021
1733 2 2 2 5 1123 1153 971
1734 2 2 2 5 946 1106 746
1735 2 2 2 5 819 1106 946
1736 2 2 2 5 1110 1144 836
1737 2 2 2 5 895 1144 1110
1738 2 2 2 5 1232 1282 730
1739 2 2 2 5 805 1146 1056
1740 2 2 2 5 216 1209 968
1741 2 2 2 5 824 1210 1118
1742 2 2 2 5 1050 1152 748
1743 2 2 2 5 879 1136 952
1744 2 2 2 5 827 1141 1113
1745 2 2 2 5 808 1290 953
1746 2 2 2 5 1074 1138 820
1747 2 2 2 5 1072 1238 990
1748 2 2 2 5 999 1359 810
1749 2 2 2 5 811 1358 1000
1750 2 2 2 5 828 1149 935
1751 2 2 2 5 876 1311 1020
1752 2 2 2 5 935 1272 828
1753 2 2 2 5 1024 1196 802
1754 2 2 2 5 936 1194 777
1755 2 2 2 5 930 1336 1081
1756 2 2 2 5 780 1217 950
1757 2 2 2 5 949 1069 841
1758 2 2 2 5 809 1173 1046
1759 2 2 2 5 883 1340 1023
1760 2 2 2 5 155 1037 156
1761 2 2 2 5 867 1321 940
1762 2 2 2 5 221 1207 220
1763 2 2 2 5 901 1138 1074
1764 2 2 2 5 943 1336 930
1765 2 2 2 5 1053 1056 845
1766 2 2 2 5 805 1056 1053
1767 2 2 2 5 1119 1265 998
1768 2 2 2 5 157 1201 942
1769 2 2 2 5 1011 1109 751
1770 2 2 2 5 770 1146 990
1771 2 2 2 5 1211 1248 801
1772 2 2 2 5 963 1179 781
1773 2 2 2 5 782 1178 962
1774 2 2 2 5 810 1359 1076
1775 2 2 2 5 1075 1358 811
1776 2 2 2 5 955 1174 837
1777 2 2 2 5 838 1175 954
1778 2 2 2 5 1240 1315 926
1779 2 2 2 5 760 1285 941
1780 2 2 2 5 162 1283 1226
1781 2 2 2 5 1037 1201 156
1782 2 2 2 5 1046 1227 809
1783 2 2 2 5 775 1052 1012
1784 2 2 2 5 823 1273 1005
1785 2 2 2 5 1182 1295 743
1786 2 2 2 5 208 1160 207
1787 2 2 2 5 945 1089 803
1788 2 2 2 5 166 1004 167
1789 2 2 2 5 915 1169 988
1790 2 2 2 5 950 1361 918
1791 2 2 2 5 1050 1257 1152
1792 2 2 2 5 914 1287 1038
1793 2 2 2 5 1038 1287 793
1794 2 2 2 5 1146 1317 1056
1795 2 2 2 5 746 1030 986
1796 2 2 2 5 950 1217 847
1797 2 2 2 5 898 1326 945
1798 2 2 2 5 746 1325 946
1799 2 2 2 5 781 1179 972
1800 2 2 2 5 973 1178 782
1801 2 2 2 5 780 1097 944
1802 2 2 2 5 1105 1208 817
1803 2 2 2 5 1104 1203 761
1804 2 2 2 5 801 1068 968
1805 2 2 2 5 905 1157 981
1806 2 2 2 5 1032 1264 910
1807 2 2 2 5 969 1209 217
1808 2 2 2 5 1009 1278 1110
1809 2 2 2 5 1105 1349 1208
1810 2 2 2 5 943 1284 737
1811 2 2 2 5 220 1207 1144
1812 2 2 2 5 879 1183 1136
1813 2 2 2 5 832 1239 1130
1814 2 2 2 5 1323 1346 983
1815 2 2 2 5 1006 1150 928
1816 2 2 2 5 929 1151 1007
1817 2 2 2 5 1043 1117 734
1818 2 2 2 5 854 1212 960
1819 2 2 2 5 961 1213 855
1820 2 2 2 5 959 1342 804
1821 2 2 2 5 940 1339 870
1822 2 2 2 5 970 1331 1064
1823 2 2 2 5 1061 1152 811
1824 2 2 2 5 781 1245 966
1825 2 2 2 5 965 1246 782
1826 2 2 2 5 941 1323 788
1827 2 2 2 5 172 1015 173
1828 2 2 2 5 813 1059 960
1829 2 2 2 5 961 1058 814
1830 2 2 2 5 783 1129 943
1831 2 2 2 5 772 1351 1138
1832 2 2 2 5 866 1105 1093
1833 2 2 2 5 1093 1105 817
1834 2 2 2 5 993 1161 850
1835 2 2 2 5 738 1185 1101
1836 2 2 2 5 1231 1273 823
1837 2 2 2 5 739 1264 962
1838 2 2 2 5 962 1264 865
1839 2 2 2 5 950 1164 212
1840 2 2 2 5 765 1352 1098
1841 2 2 2 5 787 1302 987
1842 2 2 2 5 976 1085 750
1843 2 2 2 5 978 1063 873
1844 2 2 2 5 959 1235 784
1845 2 2 2 5 226 1237 225
1846 2 2 2 5 214 1361 213
1847 2 2 2 5 996 1165 818
1848 2 2 2 5 968 1068 215
1849 2 2 2 5 1135 1237 226
1850 2 2 2 5 1194 1288 777
1851 2 2 2 5 822 1102 964
1852 2 2 2 5 964 1102 754
1853 2 2 2 5 806 1216 1014
1854 2 2 2 5 887 1257 1193
1855 2 2 2 5 1017 1132 808
1856 2 2 2 5 997 1296 803
1857 2 2 2 5 880 1292 1029
1858 2 2 2 5 1091 1285 760
1859 2 2 2 5 1060 1218 749
1860 2 2 2 5 968 1209 852
1861 2 2 2 5 991 1047 797
1862 2 2 2 5 920 1282 1232
1863 2 2 2 5 877 1315 1240
1864 2 2 2 5 985 1120 795
1865 2 2 2 5 1009 1085 829
1866 2 2 2 5 750 1085 1009
1867 2 2 2 5 188 1122 948
1868 2 2 2 5 203 1077 960
1869 2 2 2 5 961 1078 139
1870 2 2 2 5 161 1283 162
1871 2 2 2 5 944 1248 862
1872 2 2 2 5 964 1088 822
1873 2 2 2 5 788 1323 983
1874 2 2 2 5 946 1291 819
1875 2 2 2 5 1067 1328 919
1876 2 2 2 5 951 1177 224
1877 2 2 2 5 1116 1272 935
1878 2 2 2 5 747 1272 1116
1879 2 2 2 5 948 1330 799
1880 2 2 2 5 993 1071 826
1881 2 2 2 5 850 1071 993
1882 2 2 2 5 791 1187 969
1883 2 2 2 5 969 1187 852
1884 2 2 2 5 847 1164 950
1885 2 2 2 5 187 1029 186
1886 2 2 2 5 760 1130 1044
1887 2 2 2 5 1044 1130 871
1888 2 2 2 5 947 1131 796
1889 2 2 2 5 778 1154 942
1890 2 2 2 5 958 1101 853
1891 2 2 2 5 781 1094 963
1892 2 2 2 5 962 1095 782
1893 2 2 2 5 835 1249 945
1894 2 2 2 5 1051 1158 831
1895 2 2 2 5 837 1174 980
1896 2 2 2 5 979 1175 838
1897 2 2 2 5 1067 1143 868
1898 2 2 2 5 773 1143 1067
1899 2 2 2 5 1203 1250 863
1900 2 2 2 5 852 1209 969
1901 2 2 2 5 749 1218 1132
1902 2 2 2 5 766 1268 1018
1903 2 2 2 5 152 1062 153
1904 2 2 2 5 971 1093 817
1905 2 2 2 5 728 1093 971
1906 2 2 2 5 743 1295 949
1907 2 2 2 5 942 1334 778
1908 2 2 2 5 952 1352 879
1909 2 2 2 5 960 1077 813
1910 2 2 2 5 814 1078 961
1911 2 2 2 5 1050 1242 830
1912 2 2 2 5 1020 1041 885
1913 2 2 2 5 789 1041 1020
1914 2 2 2 5 1086 1163 880
1915 2 2 2 5 767 1163 1086
1916 2 2 2 5 1015 1162 897
1917 2 2 2 5 800 1328 1067
1918 2 2 2 5 1079 1200 915
1919 2 2 2 5 154 1074 155
1920 2 2 2 5 1138 1188 772
1921 2 2 2 5 952 1136 859
1922 2 2 2 5 804 1342 995
1923 2 2 2 5 901 1188 1138
1924 2 2 2 5 785 1150 1006
1925 2 2 2 5 1007 1151 786
1926 2 2 2 5 152 1124 1062
1927 2 2 2 5 857 1177 951
1928 2 2 2 5 800 1275 946
1929 2 2 2 5 841 1269 949
1930 2 2 2 5 945 1202 835
1931 2 2 2 5 799 1330 957
1932 2 2 2 5 902 1194 986
1933 2 2 2 5 1122 1330 948
1934 2 2 2 5 1064 1216 806
1935 2 2 2 5 818 1330 1122
1936 2 2 2 5 860 1244 1222
1937 2 2 2 5 784 1167 1013
1938 2 2 2 5 947 1244 752
1939 2 2 2 5 1030 1190 816
1940 2 2 2 5 223 1073 222
1941 2 2 2 5 1012 1052 843
1942 2 2 2 5 155 1074 1037
1943 2 2 2 5 729 1112 1028
1944 2 2 2 5 1028 1112 867
1945 2 2 2 5 813 1318 1059
1946 2 2 2 5 1058 1319 814
1947 2 2 2 5 981 1227 771
1948 2 2 2 5 1088 1113 732
1949 2 2 2 5 953 1290 184
1950 2 2 2 5 807 1050 1018
1951 2 2 2 5 808 1051 1017
1952 2 2 2 5 763 1145 988
1953 2 2 2 5 1039 1317 911
1954 2 2 2 5 742 1317 1039
1955 2 2 2 5 768 1204 1168
1956 2 2 2 5 1106 1107 863
1957 2 2 2 5 819 1107 1106
1958 2 2 2 5 949 1269 795
1959 2 2 2 5 158 1036 159
1960 2 2 2 5 802 1049 1024
1961 2 2 2 5 1013 1333 784
1962 2 2 2 5 889 1263 1082
1963 2 2 2 5 1111 1121 870
1964 2 2 2 5 824 1121 1111
1965 2 2 2 5 1059 1318 1229
1966 2 2 2 5 1228 1319 1058
1967 2 2 2 5 869 1201 1037
1968 2 2 2 5 1014 1288 823
1969 2 2 2 5 957 1330 818
1970 2 2 2 5 880 1163 953
1971 2 2 2 5 730 1282 1231
1972 2 2 2 5 881 1346 1323
1973 2 2 2 5 1057 1131 752
1974 2 2 2 5 1136 1183 739
1975 2 2 2 5 174 1046 175
1976 2 2 2 5 198 1175 979
1977 2 2 2 5 980 1174 134
1978 2 2 2 5 1053 1281 805
1979 2 2 2 5 818 1165 1082
1980 2 2 2 5 821 1262 967
1981 2 2 2 5 784 1333 959
1982 2 2 2 5 1084 1290 808
1983 2 2 2 5 764 1149 967
1984 2 2 2 5 967 1149 828
1985 2 2 2 5 966 1161 142
1986 2 2 2 5 1315 1324 1121
1987 2 2 2 5 1055 1191 821
1988 2 2 2 5 996 1122 189
1989 2 2 2 5 218 1126 969
1990 2 2 2 5 851 1246 965
1991 2 2 2 5 966 1245 850
1992 2 2 2 5 977 1117 840
1993 2 2 2 5 787 1243 1048
1994 2 2 2 5 835 1055 1054
1995 2 2 2 5 1054 1055 821
1996 2 2 2 5 162 1226 9
1997 2 2 2 5 906 1365 1140
1998 2 2 2 5 1274 1296 742
1999 2 2 2 5 824 1315 1121
2000 2 2 2 5 805 1281 1072
2001 2 2 2 5 785 1314 954
2002 2 2 2 5 955 1313 786
2003 2 2 2 5 803 1091 997
2004 2 2 2 5 1254 1345 890
2005 2 2 2 5 9 1226 163
2006 2 2 2 5 899 1309 1069
2007 2 2 2 5 976 1129 783
2008 2 2 2 5 1092 1181 849
2009 2 2 2 5 1042 1205 839
2010 2 2 2 5 888 1218 1076
2011 2 2 2 5 1076 1218 810
2012 2 2 2 5 951 1237 844
2013 2 2 2 5 811 1300 979
2014 2 2 2 5 980 1299 810
2015 2 2 2 5 951 1204 857
2016 2 2 2 5 1003 1150 785
2017 2 2 2 5 786 1151 1002
2018 2 2 2 5 1002 1151 839
2019 2 2 2 5 840 1150 1003
2020 2 2 2 5 1032 1176 865
2021 2 2 2 5 728 1103 994
2022 2 2 2 5 994 1103 891
2023 2 2 2 5 879 1181 1092
2024 2 2 2 5 1240 1364 765
2025 2 2 2 5 956 1354 743
2026 2 2 2 5 1070 1159 956
2027 2 2 2 5 1087 1096 825
2028 2 2 2 5 849 1096 1087
2029 2 2 2 5 1010 1211 755
2030 2 2 2 5 862 1211 1010
2031 2 2 2 5 823 1288 1045
2032 2 2 2 5 828 1147 967
2033 2 2 2 5 922 1308 1247
2034 2 2 2 5 1004 1214 167
2035 2 2 2 5 192 1065 191
2036 2 2 2 5 850 1161 966
2037 2 2 2 5 1020 1311 789
2038 2 2 2 5 765 1364 1096
2039 2 2 2 5 988 1169 875
2040 2 2 2 5 981 1157 878
2041 2 2 2 5 1040 1113 872
2042 2 2 2 5 751 1293 958
2043 2 2 2 5 957 1263 744
2044 2 2 2 5 166 1259 1004
2045 2 2 2 5 1039 1274 742
2046 2 2 2 5 741 1332 1041
2047 2 2 2 5 837 1313 955
2048 2 2 2 5 954 1314 838
2049 2 2 2 5 1013 1167 842
2050 2 2 2 5 861 1129 976
2051 2 2 2 5 810 1299 999
2052 2 2 2 5 1000 1300 811
2053 2 2 2 5 935 1306 1116
2054 2 2 2 5 958 1217 780
2055 2 2 2 5 1138 1206 820
2056 2 2 2 5 1011 1287 1109
2057 2 2 2 5 215 1068 214
2058 2 2 2 5 145 1127 974
2059 2 2 2 5 970 1351 772
2060 2 2 2 5 755 1322 989
2061 2 2 2 5 1080 1189 937
2062 2 2 2 5 1045 1288 902
2063 2 2 2 5 1201 1334 942
2064 2 2 2 5 974 1127 826
2065 2 2 2 5 885 1333 1013
2066 2 2 2 5 763 1223 1153
2067 2 2 2 5 997 1312 845
2068 2 2 2 5 804 1235 959
2069 2 2 2 5 971 1153 833
2070 2 2 2 5 999 1299 132
2071 2 2 2 5 196 1300 1000
2072 2 2 2 5 1036 1080 159
2073 2 2 2 5 1062 1124 848
2074 2 2 2 5 897 1350 1015
2075 2 2 2 5 1069 1309 771
2076 2 2 2 5 769 1134 984
2077 2 2 2 5 984 1134 826
2078 2 2 2 5 1083 1250 900
2079 2 2 2 5 1046 1350 897
2080 2 2 2 5 908 1353 1033
2081 2 2 2 5 1033 1353 790
2082 2 2 2 5 1015 1350 173
2083 2 2 2 5 1130 1239 871
2084 2 2 2 5 747 1210 982
2085 2 2 2 5 730 1231 1045
2086 2 2 2 5 842 1159 1013
2087 2 2 2 5 1013 1159 762
2088 2 2 2 5 826 1134 974
2089 2 2 2 5 1008 1125 921
2090 2 2 2 5 204 1077 203
2091 2 2 2 5 139 1078 140
2092 2 2 2 5 899 1295 1182
2093 2 2 2 5 1092 1183 879
2094 2 2 2 5 206 1220 965
2095 2 2 2 5 967 1337 821
2096 2 2 2 5 993 1127 144
2097 2 2 2 5 825 1184 1087
2098 2 2 2 5 1037 1074 820
2099 2 2 2 5 189 1122 188
2100 2 2 2 5 985 1166 171
2101 2 2 2 5 826 1127 993
2102 2 2 2 5 1112 1133 867
2103 2 2 2 5 832 1133 1112
2104 2 2 2 5 834 1189 1080
2105 2 2 2 5 1190 1250 816
2106 2 2 2 5 159 1080 160
2107 2 2 2 5 219 1126 218
2108 2 2 2 5 967 1262 764
2109 2 2 2 5 1001 1206 745
2110 2 2 2 5 859 1178 973
2111 2 2 2 5 972 1179 858
2112 2 2 2 5 168 1171 169
2113 2 2 2 5 834 1080 1036
2114 2 2 2 5 1262 1349 764
2115 2 2 2 5 818 1122 996
2116 2 2 2 5 965 1220 851
2117 2 2 2 5 830 1215 1197
2118 2 2 2 5 731 1147 983
2119 2 2 2 5 983 1147 828
2120 2 2 2 5 1059 1277 854
2121 2 2 2 5 855 1276 1058
2122 2 2 2 5 874 1331 970
2123 2 2 2 5 175 1173 176
2124 2 2 2 5 1090 1170 733
2125 2 2 2 5 790 1353 978
2126 2 2 2 5 756 1125 1008
2127 2 2 2 5 1029 1292 186
2128 2 2 2 5 193 1193 192
2129 2 2 2 5 856 1180 975
2130 2 2 2 5 893 1196 1008
2131 2 2 2 5 922 1247 1027
2132 2 2 2 5 132 1299 133
2133 2 2 2 5 197 1300 196
2134 2 2 2 5 757 1176 977
2135 2 2 2 5 1008 1196 756
2136 2 2 2 5 984 1225 835
2137 2 2 2 5 988 1145 815
2138 2 2 2 5 973 1338 754
2139 2 2 2 5 975 1180 1086
2140 2 2 2 5 990 1146 805
2141 2 2 2 5 1239 1256 871
2142 2 2 2 5 904 1310 1028
2143 2 2 2 5 977 1355 757
2144 2 2 2 5 828 1272 982
2145 2 2 2 5 1011 1141 827
2146 2 2 2 5 1171 1198 913
2147 2 2 2 5 876 1198 1171
2148 2 2 2 5 753 1286 972
2149 2 2 2 5 915 1205 1169
2150 2 2 2 5 1169 1205 735
2151 2 2 2 5 172 1166 1015
2152 2 2 2 5 972 1245 781
2153 2 2 2 5 782 1246 973
2154 2 2 2 5 791 1344 989
2155 2 2 2 5 1176 1229 865
2156 2 2 2 5 1015 1166 841
2157 2 2 2 5 878 1366 981
2158 2 2 2 5 1076 1347 888
2159 2 2 2 5 986 1194 936
2160 2 2 2 5 1051 1163 767
2161 2 2 2 5 1016 1262 821
2162 2 2 2 5 976 1305 861
2163 2 2 2 5 750 1305 976
2164 2 2 2 5 1279 1327 756
2165 2 2 2 5 907 1195 1170
2166 2 2 2 5 1170 1195 733
2167 2 2 2 5 1016 1142 892
2168 2 2 2 5 858 1142 1016
2169 2 2 2 5 841 1166 985
2170 2 2 2 5 840 1355 977
2171 2 2 2 5 749 1132 1017
2172 2 2 2 5 734 1117 1035
2173 2 2 2 5 211 1241 210
2174 2 2 2 5 1089 1346 1329
2175 2 2 2 5 1125 1327 833
2176 2 2 2 5 1001 1148 869
2177 2 2 2 5 174 1350 1046
2178 2 2 2 5 732 1113 1040
2179 2 2 2 5 1172 1244 860
2180 2 2 2 5 835 1202 984
2181 2 2 2 5 989 1187 791
2182 2 2 2 5 871 1256 1143
2183 2 2 2 5 1082 1261 889
2184 2 2 2 5 766 1261 1082
2185 2 2 2 5 751 1141 1011
2186 2 2 2 5 983 1346 731
2187 2 2 2 5 984 1202 769
2188 2 2 2 5 1247 1308 878
2189 2 2 2 5 797 1224 991
2190 2 2 2 5 991 1224 846
2191 2 2 2 5 1112 1239 832
2192 2 2 2 5 1022 1189 834
2193 2 2 2 5 886 1165 996
2194 2 2 2 5 763 1153 1123
2195 2 2 2 5 1124 1365 906
2196 2 2 2 5 842 1354 1159
2197 2 2 2 5 1159 1354 956
2198 2 2 2 5 1101 1185 853
2199 2 2 2 5 1009 1344 791
2200 2 2 2 5 1041 1332 885
2201 2 2 2 5 926 1315 1118
2202 2 2 2 5 732 1221 1088
2203 2 2 2 5 1065 1271 191
2204 2 2 2 5 731 1346 1089
2205 2 2 2 5 797 1274 1039
2206 2 2 2 5 842 1199 1031
2207 2 2 2 5 982 1272 747
2208 2 2 2 5 151 1124 152
2209 2 2 2 5 826 1357 984
2210 2 2 2 5 1259 1345 1004
2211 2 2 2 5 201 1212 1025
2212 2 2 2 5 1026 1213 137
2213 2 2 2 5 1091 1312 997
2214 2 2 2 5 1018 1197 766
2215 2 2 2 5 171 1166 172
2216 2 2 2 5 1129 1284 943
2217 2 2 2 5 795 1269 985
2218 2 2 2 5 144 1127 145
2219 2 2 2 5 992 1255 779
2220 2 2 2 5 1004 1311 1214
2221 2 2 2 5 992 1304 861
2222 2 2 2 5 779 1304 992
2223 2 2 2 5 1002 1200 758
2224 2 2 2 5 839 1200 1002
2225 2 2 2 5 942 1154 1036
2226 2 2 2 5 1231 1282 903
2227 2 2 2 5 987 1243 787
2228 2 2 2 5 990 1238 874
2229 2 2 2 5 1197 1215 894
2230 2 2 2 5 1207 1255 836
2231 2 2 2 5 939 1255 1207
2232 2 2 2 5 934 1303 1022
2233 2 2 2 5 736 1238 1072
2234 2 2 2 5 1017 1298 749
2235 2 2 2 5 841 1162 1015
2236 2 2 2 5 769 1326 1066
2237 2 2 2 5 1066 1326 898
2238 2 2 2 5 133 1299 980
2239 2 2 2 5 979 1300 197
2240 2 2 2 5 994 1341 849
2241 2 2 2 5 825 1306 1184
2242 2 2 2 5 985 1269 841
2243 2 2 2 5 1066 1274 797
2244 2 2 2 5 836 1255 992
2245 2 2 2 5 207 1220 206
2246 2 2 2 5 1226 1283 883
2247 2 2 2 5 932 1131 1057
2248 2 2 2 5 1123 1208 884
2249 2 2 2 5 817 1208 1123
2250 2 2 2 5 1025 1212 854
2251 2 2 2 5 855 1213 1026
2252 2 2 2 5 861 1305 992
2253 2 2 2 5 1069 1295 899
2254 2 2 2 5 1043 1215 830
2255 2 2 2 5 820 1206 1001
2256 2 2 2 5 860 1222 1195
2257 2 2 2 5 854 1234 1025
2258 2 2 2 5 1026 1233 855
2259 2 2 2 5 1199 1232 798
2260 2 2 2 5 1100 1260 802
2261 2 2 2 5 889 1260 1100
2262 2 2 2 5 1003 1355 840
2263 2 2 2 5 184 1290 183
2264 2 2 2 5 744 1263 1100
2265 2 2 2 5 1100 1263 889
2266 2 2 2 5 920 1232 1199
2267 2 2 2 5 916 1356 1081
2268 2 2 2 5 1128 1251 873
2269 2 2 2 5 149 1140 150
2270 2 2 2 5 762 1159 1070
2271 2 2 2 5 183 1347 182
2272 2 2 2 5 857 1316 1073
2273 2 2 2 5 906 1360 1124
2274 2 2 2 5 1042 1343 735
2275 2 2 2 5 776 1189 1022
2276 2 2 2 5 785 1234 1003
2277 2 2 2 5 1002 1233 786
2278 2 2 2 5 753 1357 1071
2279 2 2 2 5 830 1197 1018
2280 2 2 2 5 998 1265 793
2281 2 2 2 5 869 1334 1201
2282 2 2 2 5 1007 1313 837
2283 2 2 2 5 838 1314 1006
2284 2 2 2 5 742 1296 997
2285 2 2 2 5 1082 1165 766
2286 2 2 2 5 1001 1348 820
2287 2 2 2 5 869 1348 1001
2288 2 2 2 5 1014 1216 777
2289 2 2 2 5 1227 1366 809
2290 2 2 2 5 981 1366 1227
2291 2 2 2 5 758 1276 1002
2292 2 2 2 5 223 1177 1073
2293 2 2 2 5 1097 1248 944
2294 2 2 2 5 867 1307 1028
2295 2 2 2 5 1028 1307 790
2296 2 2 2 5 1064 1331 736
2297 2 2 2 5 1005 1273 804
2298 2 2 2 5 756 1196 1024
2299 2 2 2 5 132 1363 999
2300 2 2 2 5 1000 1362 196
2301 2 2 2 5 142 1161 143
2302 2 2 2 5 767 1158 1051
2303 2 2 2 5 1000 1358 195
2304 2 2 2 5 180 1359 999
2305 2 2 2 5 803 1329 1091
2306 2 2 2 5 1141 1156 872
2307 2 2 2 5 212 1164 211
2308 2 2 2 5 751 1156 1141
2309 2 2 2 5 164 1289 1023
2310 2 2 2 5 1139 1186 874
2311 2 2 2 5 1088 1221 822
2312 2 2 2 5 1006 1314 785
2313 2 2 2 5 786 1313 1007
2314 2 2 2 5 1036 1154 834
2315 2 2 2 5 812 1251 1010
2316 2 2 2 5 793 1287 1011
2317 2 2 2 5 746 1190 1030
2318 2 2 2 5 1028 1310 729
2319 2 2 2 5 1023 1289 883
2320 2 2 2 5 791 1278 1009
2321 2 2 2 5 848 1188 1062
2322 2 2 2 5 1048 1243 856
2323 2 2 2 5 989 1322 1187
2324 2 2 2 5 877 1240 1098
2325 2 2 2 5 1098 1240 765
2326 2 2 2 5 835 1225 1055
2327 2 2 2 5 945 1249 1089
2328 2 2 2 5 1027 1284 861
2329 2 2 2 5 737 1284 1027
2330 2 2 2 5 843 1279 1024
2331 2 2 2 5 1054 1337 731
2332 2 2 2 5 748 1152 1061
2333 2 2 2 5 199 1175 198
2334 2 2 2 5 134 1174 135
2335 2 2 2 5 195 1362 1000
2336 2 2 2 5 999 1363 180
2337 2 2 2 5 1277 1355 1003
2338 2 2 2 5 757 1355 1277
2339 2 2 2 5 829 1344 1009
2340 2 2 2 5 1073 1177 857
2341 2 2 2 5 822 1221 1098
2342 2 2 2 5 847 1241 1164
2343 2 2 2 5 1031 1199 798
2344 2 2 2 5 1255 1316 779
2345 2 2 2 5 224 1177 223
2346 2 2 2 5 978 1353 1063
2347 2 2 2 5 731 1249 1054
2348 2 2 2 5 777 1288 1014
2349 2 2 2 5 1046 1173 175
2350 2 2 2 5 949 1295 1069
2351 2 2 2 5 1018 1268 807
2352 2 2 2 5 183 1290 1084
2353 2 2 2 5 1069 1162 841
2354 2 2 2 5 735 1205 1042
2355 2 2 2 5 1084 1347 183
2356 2 2 2 5 927 1216 1064
2357 2 2 2 5 209 1267 208
2358 2 2 2 5 748 1242 1050
2359 2 2 2 5 771 1162 1069
2360 2 2 2 5 1044 1294 845
2361 2 2 2 5 831 1298 1017
2362 2 2 2 5 151 1365 1124
2363 2 2 2 5 773 1281 1053
2364 2 2 2 5 147 1297 1047
2365 2 2 2 5 743 1354 1031
2366 2 2 2 5 1106 1190 746
2367 2 2 2 5 863 1190 1106
2368 2 2 2 5 1027 1247 737
2369 2 2 2 5 898 1296 1274
2370 2 2 2 5 1038 1267 209
2371 2 2 2 5 755 1211 1034
2372 2 2 2 5 939 1316 1255
2373 2 2 2 5 845 1294 1053
2374 2 2 2 5 896 1168 1114
2375 2 2 2 5 1114 1168 844
2376 2 2 2 5 1311 1345 789
2377 2 2 2 5 1004 1345 1311
2378 2 2 2 5 1228 1258 864
2379 2 2 2 5 776 1340 1189
2380 2 2 2 5 1024 1279 756
2381 2 2 2 5 156 1201 157
2382 2 2 2 5 167 1214 168
2383 2 2 2 5 1089 1249 731
2384 2 2 2 5 732 1324 1221
2385 2 2 2 5 1186 1360 770
2386 2 2 2 5 1022 1303 917
2387 2 2 2 5 217 1209 216
2388 2 2 2 5 753 1191 1055
2389 2 2 2 5 1189 1340 937
2390 2 2 2 5 1047 1297 882
2391 2 2 2 5 202 1212 201
2392 2 2 2 5 137 1213 138
2393 2 2 2 5 1087 1184 728
2394 2 2 2 5 861 1304 1027
2395 2 2 2 5 1140 1365 150
2396 2 2 2 5 734 1215 1043
2397 2 2 2 5 1230 1316 857
2398 2 2 2 5 1039 1224 797
2399 2 2 2 5 1044 1312 760
2400 2 2 2 5 761 1203 1107
2401 2 2 2 5 1107 1203 863
2402 2 2 2 5 821 1337 1054
2403 2 2 2 5 728 1184 1093
2404 2 2 2 5 192 1193 1065
2405 2 2 2 5 757 1277 1059
2406 2 2 2 5 1058 1276 758
2407 2 2 2 5 1062 1188 901
2408 2 2 2 5 1070 1198 762
2409 2 2 2 5 913 1198 1070
2410 2 2 2 5 1086 1180 767
2411 2 2 2 5 865 1264 1032
2412 2 2 2 5 1142 1252 892
2413 2 2 2 5 740 1252 1142
2414 2 2 2 5 1167 1199 842
2415 2 2 2 5 195 1358 194
2416 2 2 2 5 181 1359 180
2417 2 2 2 5 1225 1357 753
2418 2 2 2 5 1158 1343 831
2419 2 2 2 5 931 1343 1158
2420 2 2 2 5 849 1181 1096
2421 2 2 2 5 1197 1261 766
2422 2 2 2 5 1052 1279 843
2423 2 2 2 5 1045 1231 823
2424 2 2 2 5 165 1259 166
2425 2 2 2 5 163 1289 164
2426 2 2 2 5 1096 1181 765
2427 2 2 2 5 852 1322 1034
2428 2 2 2 5 1139 1188 848
2429 2 2 2 5 191 1271 190
2430 2 2 2 5 807 1257 1050
2431 2 2 2 5 1093 1184 866
2432 2 2 2 5 844 1237 1135
2433 2 2 2 5 790 1307 1033
2434 2 2 2 5 810 1218 1060
2435 2 2 2 5 1055 1225 753
2436 2 2 2 5 1160 1220 207
2437 2 2 2 5 186 1292 185
2438 2 2 2 5 177 1335 178
2439 2 2 2 5 873 1251 1104
2440 2 2 2 5 1104 1251 812
2441 2 2 2 5 758 1200 1079
2442 2 2 2 5 1031 1354 842
2443 2 2 2 5 1034 1322 755
2444 2 2 2 5 758 1228 1058
2445 2 2 2 5 1059 1229 757
2446 2 2 2 5 11 1362 195
2447 2 2 2 5 180 1363 8
2448 2 2 2 5 1110 1278 895
2449 2 2 2 5 1067 1275 800
2450 2 2 2 5 1208 1349 892
2451 2 2 2 5 146 1297 147
2452 2 2 2 5 731 1337 1147
2453 2 2 2 5 1144 1207 836
2454 2 2 2 5 1040 1301 870
2455 2 2 2 5 1054 1249 835
2456 2 2 2 5 866 1236 1105
2457 2 2 2 5 1105 1236 764
2458 2 2 2 5 173 1350 174
2459 2 2 2 5 1071 1286 753
2460 2 2 2 5 849 1341 1092
2461 2 2 2 5 1083 1222 816
2462 2 2 2 5 757 1229 1176
2463 2 2 2 5 760 1312 1091
2464 2 2 2 5 845 1312 1044
2465 2 2 2 5 872 1156 1155
2466 2 2 2 5 1155 1156 853
2467 2 2 2 5 844 1335 1114
2468 2 2 2 5 1053 1294 773
2469 2 2 2 5 150 1365 151
2470 2 2 2 5 8 1363 132
2471 2 2 2 5 196 1362 11
2472 2 2 2 5 894 1261 1197
2473 2 2 2 5 831 1343 1042
2474 2 2 2 5 898 1274 1066
2475 2 2 2 5 1037 1348 869
2476 2 2 2 5 820 1348 1037
2477 2 2 2 5 847 1293 1109
2478 2 2 2 5 868 1275 1067
2479 2 2 2 5 903 1273 1231
2480 2 2 2 5 792 1266 1182
2481 2 2 2 5 1182 1266 899
2482 2 2 2 5 1098 1221 877
2483 2 2 2 5 772 1188 1139
2484 2 2 2 5 1124 1360 848
2485 2 2 2 5 853 1270 1155
2486 2 2 2 5 816 1250 1083
2487 2 2 2 5 848 1186 1139
2488 2 2 2 5 1214 1311 876
2489 2 2 2 5 815 1258 1079
2490 2 2 2 5 754 1338 1119
2491 2 2 2 5 850 1286 1071
2492 2 2 2 5 862 1248 1211
2493 2 2 2 5 1099 1258 815
2494 2 2 2 5 864 1258 1099
2495 2 2 2 5 1072 1281 919
2496 2 2 2 5 1118 1210 747
2497 2 2 2 5 1108 1308 768
2498 2 2 2 5 878 1308 1108
2499 2 2 2 5 1056 1317 742
2500 2 2 2 5 875 1302 1223
2501 2 2 2 5 1223 1302 921
2502 2 2 2 5 868 1256 1115
2503 2 2 2 5 1115 1256 729
2504 2 2 2 5 870 1339 1111
2505 2 2 2 5 1135 1335 844
2506 2 2 2 5 1329 1346 881
2507 2 2 2 5 801 1248 1097
2508 2 2 2 5 1185 1270 853
2509 2 2 2 5 1071 1357 826
2510 2 2 2 5 1057 1356 798
2511 2 2 2 5 890 1345 1259
2512 2 2 2 5 860 1280 1172
2513 2 2 2 5 863 1250 1190
2514 2 2 2 5 1063 1353 908
2515 2 2 2 5 729 1256 1239
2516 2 2 2 5 729 1239 1112
2517 2 2 2 5 912 1265 1119
2518 2 2 2 5 1132 1218 888
2519 2 2 2 5 1137 1266 792
2520 2 2 2 5 905 1266 1137
2521 2 2 2 5 168 1214 1171
2522 2 2 2 5 1195 1280 860
2523 2 2 2 5 1073 1316 939
2524 2 2 2 5 1171 1214 876
2525 2 2 2 5 1157 1247 878
2526 2 2 2 5 737 1247 1157
2527 2 2 2 5 1149 1236 935
2528 2 2 2 5 911 1317 1146
2529 2 2 2 5 194 1358 1075
2530 2 2 2 5 1076 1359 181
2531 2 2 2 5 851 1220 1160
2532 2 2 2 5 920 1199 1167
2533 2 2 2 5 1115 1291 868
2534 2 2 2 5 819 1291 1115
2535 2 2 2 5 856 1320 1180
2536 2 2 2 5 1089 1329 803
2537 2 2 2 5 1109 1293 751
2538 2 2 2 5 814 1319 1094
2539 2 2 2 5 1095 1318 813
2540 2 2 2 5 1109 1287 914
2541 2 2 2 5 877 1324 1315
2542 2 2 2 5 888 1347 1084
2543 2 2 2 5 1092 1341 775
2544 2 2 2 5 1208 1252 884
2545 2 2 2 5 892 1252 1208
2546 2 2 2 5 1116 1306 825
2547 2 2 2 5 764 1236 1149
2548 2 2 2 5 1238 1331 874
2549 2 2 2 5 1096 1364 825
2550 2 2 2 5 729 1310 1115
2551 2 2 2 5 1118 1315 824
2552 2 2 2 5 1217 1293 847
2553 2 2 2 5 1155 1270 774
2554 2 2 2 5 861 1284 1129
2555 2 2 2 5 1332 1342 959
2556 2 2 2 5 741 1342 1332
2557 2 2 2 5 926 1364 1240
2558 2 2 2 5 1143 1256 868
2559 2 2 2 5 1133 1321 867
2560 2 2 2 5 767 1320 1158
2561 2 2 2 5 1235 1273 903
2562 2 2 2 5 804 1273 1235
2563 2 2 2 5 1137 1336 943
2564 2 2 2 5 792 1336 1137
2565 2 2 2 5 1111 1339 759
2566 2 2 2 5 764 1349 1105
2567 2 2 2 5 1114 1335 177
2568 2 2 2 5 1152 1257 887
2569 2 2 2 5 1164 1241 211
2570 2 2 2 5 1002 1276 1233
2571 2 2 2 5 1233 1276 855
2572 2 2 2 5 1234 1277 1003
2573 2 2 2 5 854 1277 1234
2574 2 2 2 5 1119 1338 851
2575 2 2 2 5 1121 1324 732
2576 2 2 2 5 1180 1320 767
2577 2 2 2 5 809 1366 1108
2578 2 2 2 5 1253 1328 800
2579 2 2 2 5 927 1328 1253
2580 2 2 2 5 1108 1366 878
2581 2 2 2 5 756 1327 1125
2582 2 2 2 5 178 1335 1135
2583 2 2 2 5 1283 1340 883
2584 2 2 2 5 937 1340 1283
2585 2 2 2 5 759 1321 1133
2586 2 2 2 5 907 1280 1195
2587 2 2 2 5 778 1334 1148
2588 2 2 2 5 1172 1280 783
2589 2 2 2 5 1184 1306 866
2590 2 2 2 5 908 1270 1185
2591 2 2 2 5 1202 1326 769
2592 2 2 2 5 945 1326 1202
2593 2 2 2 5 1187 1322 852
2594 2 2 2 5 972 1286 1245
2595 2 2 2 5 1245 1286 850
2596 2 2 2 5 1158 1320 931
2597 2 2 2 5 1148 1334 869
2598 2 2 2 5 1147 1337 967
2599 2 2 2 5 1285 1323 941
2600 2 2 2 5 868 1291 1275
2601 2 2 2 5 1275 1291 946
2602 2 2 2 5 879 1352 1181
2603 2 2 2 5 1266 1309 899
2604 2 2 2 5 905 1309 1266
2605 2 2 2 5 1226 1289 163
2606 2 2 2 5 889 1261 1260
2607 2 2 2 5 1260 1261 894
2608 2 2 2 5 958 1293 1217
2609 2 2 2 5 1221 1324 877
2610 2 2 2 5 883 1289 1226
2611 2 2 2 5 779 1316 1230
2612 2 2 2 5 1229 1318 865
2613 2 2 2 5 864 1319 1228
2614 2 2 2 5 1181 1352 765
2615 2 2 2 5 848 1360 1186
2616 2 2 2 5 736 1331 1238
2617 2 2 2 5 851 1338 1246
2618 2 2 2 5 1246 1338 973
2619 2 2 2 5 1321 1339 940
2620 2 2 2 5 759 1339 1321
2621 2 2 2 5 984 1357 1225
2622 2 2 2 5 881 1323 1285
2623 2 2 2 5 1332 1333 885
2624 2 2 2 5 959 1333 1332
$EndElements
